ROUTE,vols,annulations,distance,taux_annulation,origine,destination,rang,part_routes_cumulee,part_annulations_cumulee
BOS -> LGA,7096,443,184.0,6.242953776775648,BOS,LGA,1,0.021308331557639035,0.5066910671394258
LGA -> BOS,7100,441,184.0,6.211267605633803,LGA,BOS,2,0.04261666311527807,1.0110945899576804
LGA -> ORD,9639,435,733.0,4.5129162776221605,LGA,ORD,3,0.06392499467291711,1.5086354798124213
ORD -> LGA,9575,408,733.0,4.261096605744125,ORD,LGA,4,0.08523332623055614,1.9752945213313506
LAX -> SFO,13457,342,337.0,2.541428252953853,LAX,SFO,5,0.10654165778819519,2.36646460025163
LGA -> DCA,4303,340,214.0,7.901464094817569,LGA,DCA,6,0.12784998934583422,2.7553471348507377
SFO -> LAX,13744,338,337.0,2.4592549476135037,SFO,LAX,7,0.14915832090347325,3.1419421251286743
DCA -> LGA,4303,334,214.0,7.762026493144318,DCA,LGA,8,0.17046665246111228,3.5239620267642686
DCA -> BOS,7686,271,399.0,3.525891230809264,DCA,BOS,9,0.19177498401875134,3.833924282282969
BOS -> DCA,7687,266,399.0,3.4603876674905685,BOS,DCA,10,0.21308331557639038,4.138167676998742
MKE -> ORD,4826,240,67.0,4.973062577704103,MKE,ORD,11,0.2343916471340294,4.412672995539289
ATL -> LGA,8234,231,762.0,2.805440854991499,ATL,LGA,12,0.25569997869166844,4.676884364634565
LGA -> ATL,8215,229,762.0,2.787583688374924,LGA,ATL,13,0.2770083102493075,4.93880818940867
LAX -> OAK,6288,227,337.0,3.6100508905852418,LAX,OAK,14,0.2983166418069465,5.198444469861604
OAK -> LAX,6281,226,337.0,3.5981531603247894,OAK,LAX,15,0.31962497336458556,5.456936978153952
LGA -> CLE,2692,225,419.0,8.358098068350667,LGA,CLE,16,0.34093330492222457,5.714285714285714
CLE -> LGA,2682,221,419.0,8.240119313944817,CLE,LGA,17,0.3622416364798636,5.967059361775134
HOU -> DAL,6296,217,239.0,3.446632782719187,HOU,DAL,18,0.3835499680375027,6.2152579206222125
ORD -> MKE,4824,213,67.0,4.41542288557214,ORD,MKE,19,0.4048582995951417,6.458881390826947
CVG -> ORD,4115,209,264.8386391251519,5.078979343863913,CVG,ORD,20,0.42616663115278075,6.697929772389339
RDU -> LGA,1878,197,431.0,10.489882854100106,RDU,LGA,21,0.44747496271041975,6.923252888024706
DFW -> ORD,7870,193,802.0,2.4523506988564168,DFW,ORD,22,0.4687832942680588,7.144000915017728
DAL -> HOU,6262,193,239.0,3.0820824017885657,DAL,HOU,23,0.4900916258256978,7.364748942010752
DCA -> ORD,5922,193,612.0,3.25903411009794,DCA,ORD,24,0.5113999573833369,7.585496969003774
ORD -> DFW,7677,183,802.0,2.3837436498632276,ORD,DFW,25,0.5327082889409759,7.794807274390942
MSN -> ORD,3181,182,108.0,5.721471235460547,MSN,ORD,26,0.554016620498615,8.002973807617522
DTW -> LGA,4429,181,502.0,4.086701286972228,DTW,LGA,27,0.575324952056254,8.209996568683518
ORD -> CVG,4011,181,264.83769633507853,4.512590376464722,ORD,CVG,28,0.596633283613893,8.417019329749515
LGA -> RDU,1957,181,431.0,9.248850281042412,LGA,RDU,29,0.6179416151715321,8.624042090815509
ORD -> DCA,5924,176,612.0,2.9709655638082375,ORD,DCA,30,0.6392499467291711,8.825345991078578
ORD -> BOS,6558,175,867.0,2.668496492833181,ORD,BOS,31,0.6605582782868101,9.02550611918106
DCA -> MDW,2906,174,601.0,5.987611837577425,DCA,MDW,32,0.6818666098444491,9.224522475122955
SAN -> SFO,6942,172,447.0,2.477672140593489,SAN,SFO,33,0.7031749414020882,9.42125128674368
BOS -> PHL,5313,172,280.0,3.2373423677771505,BOS,PHL,34,0.7244832729597273,9.617980098364406
LGA -> DTW,4426,169,502.0,3.818346136466335,LGA,DTW,35,0.7457916045173663,9.811277593503375
ORD -> MSN,3185,169,108.0,5.3061224489795915,ORD,MSN,36,0.7670999360750054,10.004575088642342
BOS -> ORD,6551,167,867.0,2.549229125324378,BOS,ORD,37,0.7884082676326444,10.19558503946014
IND -> ORD,3075,165,177.0,5.365853658536586,IND,ORD,38,0.8097165991902834,10.384307445956766
MDW -> DCA,2895,165,601.0,5.699481865284974,MDW,DCA,39,0.8310249307479225,10.573029852453391
BNA -> LGA,2472,163,764.0,6.593851132686083,BNA,LGA,40,0.8523332623055615,10.759464714628846
LGA -> DFW,4520,161,1389.0,3.5619469026548676,LGA,DFW,41,0.8736415938632005,10.94361203248313
PHL -> BOS,5317,160,280.0,3.0092157231521535,PHL,BOS,42,0.8949499254208395,11.126615578176827
DTW -> ORD,4274,160,235.0,3.7435657463734207,DTW,ORD,43,0.9162582569784786,11.309619123870524
DSM -> ORD,3054,158,299.0,5.1735428945645054,DSM,ORD,44,0.9375665885361176,11.490335125243051
SFO -> SAN,6917,155,447.0,2.2408558623680785,SFO,SAN,45,0.9588749200937565,11.667619810133822
BNA -> ORD,3494,153,409.0,4.378935317687464,BNA,ORD,46,0.9801832516513956,11.84261695070342
CLE -> ORD,4127,152,315.18173007026894,3.6830627574509327,CLE,ORD,47,1.0014915832090348,12.016470319112432
LGA -> BNA,2391,150,764.0,6.273525721455458,LGA,BNA,48,1.0227999147666738,12.188036143200275
BOS -> JFK,5044,149,187.0,2.954004758128469,BOS,JFK,49,1.044108246324313,12.35845819512753
ORD -> DSM,3290,149,299.0,4.528875379939209,ORD,DSM,50,1.0654165778819518,12.528880247054786
JFK -> BOS,5040,148,187.0,2.9365079365079363,JFK,BOS,51,1.0867249094395908,12.698158526821457
ORD -> IND,3026,148,177.0,4.890945142101785,ORD,IND,52,1.10803324099723,12.867436806588127
ORD -> DTW,4301,147,235.0,3.417809811671704,ORD,DTW,53,1.129341572554869,13.035571314194213
DAY -> ORD,2693,147,240.0,5.4585963609357595,DAY,ORD,54,1.150649904112508,13.203705821800297
DFW -> LGA,4521,146,1389.0,3.22937403229374,DFW,LGA,55,1.171958235670147,13.370696557245795
LAX -> JFK,12015,143,2475.0,1.1901789429879317,LAX,JFK,56,1.193266567227786,13.534255976209538
CID -> ORD,2704,142,196.0,5.2514792899408285,CID,ORD,57,1.214574898785425,13.696671623012696
JFK -> LAX,12016,141,2475.0,1.1734354194407457,JFK,LAX,58,1.2358832303430642,13.857943497655267
SJC -> LAX,6339,141,308.0,2.224325603407477,SJC,LAX,59,1.2571915619007032,14.019215372297838
LAX -> SJC,6341,140,308.0,2.2078536508437154,LAX,SJC,60,1.2784998934583423,14.179343474779824
ORD -> CID,2843,140,196.0,4.924375659514597,ORD,CID,61,1.2998082250159813,14.339471577261808
AUS -> DFW,4674,136,190.0,2.909713307659392,AUS,DFW,62,1.3211165565736203,14.495024591101451
LGA -> MIA,6308,135,1096.0,2.140139505389981,LGA,MIA,63,1.3424248881312595,14.64943383278051
EWR -> DCA,1515,135,199.0,8.91089108910891,EWR,DCA,64,1.3637332196888983,14.80384307445957
PHL -> ORD,4759,134,678.0,2.8157175877285145,PHL,ORD,65,1.3850415512465373,14.95710854397804
SAT -> DFW,4715,134,247.0,2.8419936373276777,SAT,DFW,66,1.4063498828041765,15.11037401349651
LGA -> GSO,1295,134,461.0,10.347490347490346,LGA,GSO,67,1.4276582143618155,15.263639483014984
MIA -> LGA,6318,133,1096.0,2.105096549540994,MIA,LGA,68,1.4489665459194545,15.41576118037287
CMH -> ORD,3264,133,296.0,4.074754901960785,CMH,ORD,69,1.4702748774770935,15.567882877730757
ORD -> BNA,3577,132,409.0,3.6902432205759013,ORD,BNA,70,1.4915832090347325,15.718860802928056
GRB -> ORD,2767,132,173.0,4.770509577159379,GRB,ORD,71,1.5128915405923715,15.869838728125357
ORD -> DAY,2643,132,240.0,4.994324631101021,ORD,DAY,72,1.5341998721500107,16.020816653322658
DCA -> EWR,1516,132,199.0,8.70712401055409,DCA,EWR,73,1.5555082037076498,16.17179457851996
BUR -> OAK,3759,131,325.0,3.4849694067571164,BUR,OAK,74,1.5768165352652888,16.32162873155667
ORD -> GRB,2767,130,173.0,4.6982291290206,ORD,GRB,75,1.5981248668229278,16.470319112432804
EWR -> CLT,4145,129,529.0,3.1121833534378767,EWR,CLT,76,1.6194331983805668,16.61786572114835
GSO -> LGA,1295,129,461.0,9.961389961389962,GSO,LGA,77,1.640741529938206,16.765412329863892
DFW -> AUS,4672,128,190.0,2.73972602739726,DFW,AUS,78,1.662049861495845,16.91181516641885
MSP -> ORD,6296,126,334.0,2.001270648030496,MSP,ORD,79,1.683358193053484,17.055930458652636
FLL -> LGA,5307,126,1076.0,2.3742227247032224,FLL,LGA,80,1.704666524611123,17.20004575088642
GRR -> ORD,2820,126,137.0,4.468085106382979,GRR,ORD,81,1.7259748561687618,17.34416104312021
CMH -> LGA,1439,126,479.0,8.756080611535788,CMH,LGA,82,1.747283187726401,17.488276335353998
LGA -> FLL,5304,125,1076.0,2.356711915535445,LGA,FLL,83,1.76859151928404,17.631247855427198
GRK -> DFW,2626,125,134.0,4.76009139375476,GRK,DFW,84,1.789899850841679,17.7742193755004
BOS -> EWR,4463,124,200.0,2.7784001792516246,BOS,EWR,85,1.811208182399318,17.916047123413016
XNA -> ORD,2598,123,522.0,4.734411085450346,XNA,ORD,86,1.8325165139569572,18.056731099165045
MEM -> ORD,2231,123,491.0,5.513222770058269,MEM,ORD,87,1.8538248455145963,18.197415074917075
LGA -> CMH,1439,123,479.0,8.547602501737316,LGA,CMH,88,1.8751331770722353,18.338099050669108
HPN -> ORD,1799,122,738.0,6.781545302946081,HPN,ORD,89,1.8964415086298745,18.47763925426055
FWA -> ORD,2265,121,157.0,5.342163355408388,FWA,ORD,90,1.917749840187513,18.616035685691408
ORD -> PHL,4744,120,678.0,2.5295109612141653,ORD,PHL,91,1.9390581717451523,18.753288344961682
DFW -> SAT,4714,120,247.0,2.545608824777259,DFW,SAT,92,1.9603665033027913,18.890541004231956
ORD -> GRR,2990,120,137.0,4.013377926421405,ORD,GRR,93,1.9816748348604303,19.02779366350223
ORD -> MSP,6361,118,334.0,1.8550542367552274,ORD,MSP,94,2.0029831664180695,19.162758778451334
EWR -> BOS,4442,118,200.0,2.656461053579469,EWR,BOS,95,2.0242914979757085,19.297723893400434
ORD -> CLE,3937,118,315.18948437896876,2.997205994411989,ORD,CLE,96,2.0455998295333475,19.432689008349538
DFW -> GRK,2625,118,134.0,4.495238095238095,DFW,GRK,97,2.0669081610909865,19.567654123298638
STL -> LGA,1636,118,888.0,7.212713936430318,STL,LGA,98,2.088216492648626,19.70261923824774
SFO -> JFK,8440,116,2586.0,1.3744075829383886,SFO,JFK,99,2.109524824206265,19.835296808875672
BOS -> BWI,4431,116,369.0,2.6179192055969307,BOS,BWI,100,2.1308331557639035,19.9679743795036
ORD -> CMH,3442,115,296.0,3.3410807669959324,ORD,CMH,101,2.1521414873215425,20.099508177970947
JFK -> SFO,8437,114,2586.0,1.3511911816996562,JFK,SFO,102,2.1734498188791815,20.229898204277706
CLT -> EWR,4120,114,529.0,2.766990291262136,CLT,EWR,103,2.1947581504368205,20.360288230584466
LGA -> STL,1636,114,888.0,6.968215158924205,LGA,STL,104,2.21606648199446,20.490678256891226
DCA -> JFK,996,114,213.0,11.44578313253012,DCA,JFK,105,2.237374813552099,20.62106828319799
ORD -> EWR,3874,113,719.0,2.9168817759421786,ORD,EWR,106,2.258683145109738,20.75031453734416
CLT -> LGA,3610,113,544.0,3.1301939058171744,CLT,LGA,107,2.279991476667377,20.879560791490334
BWI -> BOS,4412,112,369.0,2.5385312783318223,BWI,BOS,108,2.301299808225016,21.007663273475924
RDU -> JFK,1597,112,427.0,7.013149655604257,RDU,JFK,109,2.322608139782655,21.13576575546151
OAK -> BUR,3734,110,325.0,2.945902517407606,OAK,BUR,110,2.343916471340294,21.26158069312593
MDW -> EWR,1804,110,711.0,6.097560975609756,MDW,EWR,111,2.365224802897933,21.387395630790344
ORD -> FWA,2261,109,157.0,4.820875718708536,ORD,FWA,112,2.386533134455572,21.512066796294178
ORD -> HPN,1800,109,738.0,6.055555555555555,ORD,HPN,113,2.407841466013211,21.636737961798012
SFO -> ORD,7380,108,1846.0,1.4634146341463417,SFO,ORD,114,2.42914979757085,21.760265355141257
EWR -> MDW,1822,108,711.0,5.92755214050494,EWR,MDW,115,2.4504581291284895,21.883792748484503
CMI -> ORD,1784,108,135.0,6.053811659192825,CMI,ORD,116,2.4717664606861285,22.007320141827748
LAX -> ORD,8256,107,1744.0,1.2960271317829457,LAX,ORD,117,2.4930747922437675,22.129703763010408
RIC -> ORD,2088,107,642.0,5.124521072796935,RIC,ORD,118,2.5143831238014065,22.25208738419307
ORD -> LAX,7941,106,1744.0,1.3348444780254376,ORD,LAX,119,2.535691455359045,22.373327233215143
DFW -> IAH,4006,106,224.0,2.6460309535696456,DFW,IAH,120,2.5569997869166845,22.494567082237218
PIA -> ORD,2180,106,130.0,4.862385321100918,PIA,ORD,121,2.5783081184743235,22.615806931259293
CVG -> EWR,1479,106,569.0,7.167004732927654,CVG,EWR,122,2.5996164500319625,22.737046780281368
JFK -> DCA,1002,106,213.0,10.578842315369261,JFK,DCA,123,2.6209247815896015,22.858286629303443
JFK -> FLL,4439,105,1069.0,2.3653976120747915,JFK,FLL,124,2.6422331131472405,22.978382706164933
FLL -> JFK,4432,105,1069.0,2.36913357400722,FLL,JFK,125,2.6635414447048795,23.098478783026422
LGA -> MDW,2219,105,725.0,4.73186119873817,LGA,MDW,126,2.684849776262519,23.218574859887912
DCA -> ATL,6461,104,547.0,1.6096579476861168,DCA,ATL,127,2.706158107820158,23.337527164588813
ORD -> CMI,1783,103,135.0,5.7767807066741454,ORD,CMI,128,2.7274664393777965,23.455335697129133
JFK -> RDU,1595,103,427.0,6.4576802507836994,JFK,RDU,129,2.7487747709354355,23.57314422966945
ORD -> SFO,7378,102,1846.0,1.3824884792626728,ORD,SFO,130,2.7700831024930745,23.689808990049183
MDW -> LGA,2184,102,725.0,4.670329670329671,MDW,LGA,131,2.791391434050714,23.806473750428914
ORD -> PIA,2177,102,130.0,4.6853468075333025,ORD,PIA,132,2.812699765608353,23.92313851080865
EWR -> BNA,1948,102,748.0,5.236139630390143,EWR,BNA,133,2.834008097165992,24.03980327118838
ATL -> ORD,6493,101,606.0,1.5555213306637918,ATL,ORD,134,2.855316428723631,24.155324259407525
ATL -> EWR,5091,101,746.0,1.9838931447652721,ATL,EWR,135,2.87662476028127,24.270845247626674
ORD -> CLT,4755,101,599.0,2.124079915878023,ORD,CLT,136,2.897933091838909,24.38636623584582
EWR -> ORD,3706,101,719.0,2.7253103076092824,EWR,ORD,137,2.919241423396548,24.501887224064966
BNA -> EWR,1853,101,748.0,5.450620615218565,BNA,EWR,138,2.940549754954187,24.617408212284115
SFO -> SNA,4314,100,372.0,2.3180343069077423,SFO,SNA,139,2.961858086511826,24.731785428342672
DFW -> ABI,2327,100,158.0,4.297378599054577,DFW,ABI,140,2.983166418069465,24.846162644401236
EWR -> DTW,2173,100,488.0,4.601932811780948,EWR,DTW,141,3.004474749627104,24.960539860459797
ORD -> MEM,2228,99,491.0,4.443447037701975,ORD,MEM,142,3.025783081184743,25.073773304357772
LGA -> RIC,1383,99,292.0,7.158351409978309,LGA,RIC,143,3.0470914127423825,25.187006748255747
ATL -> DCA,6466,98,547.0,1.5156201670275287,ATL,DCA,144,3.0683997443000215,25.299096419993138
EWR -> ATL,5097,98,746.0,1.922699627231705,EWR,ATL,145,3.0897080758576605,25.411186091730524
LGA -> CLT,3658,98,544.0,2.6790595954073266,LGA,CLT,146,3.1110164074152995,25.523275763467918
DFW -> SHV,2280,98,190.0,4.298245614035088,DFW,SHV,147,3.1323247389729385,25.63536543520531
DEN -> DFW,6135,97,641.0,1.5810920945395273,DEN,DFW,148,3.1536330705305775,25.746311334782114
SNA -> SFO,4313,97,372.0,2.2490146070020867,SNA,SFO,149,3.174941402088217,25.857257234358915
ORD -> XNA,2597,97,522.0,3.7350789372352713,ORD,XNA,150,3.1962497336458555,25.96820313393572
ABI -> DFW,2329,97,158.0,4.164877629884071,ABI,DFW,151,3.217558065203495,26.079149033512522
MCO -> EWR,4790,95,937.0,1.9832985386221296,MCO,EWR,152,3.2388663967611335,26.187807388768157
IAH -> DFW,3950,95,224.0,2.4050632911392404,IAH,DFW,153,3.2601747283187725,26.296465744023788
LIT -> ORD,2039,95,552.0,4.659146640510055,LIT,ORD,154,3.281483059876412,26.405124099279426
SAN -> OAK,3552,94,446.0,2.6463963963963963,SAN,OAK,155,3.3027913914340505,26.512638682374472
RIC -> LGA,1381,94,292.0,6.806661839246922,RIC,LGA,156,3.32409972299169,26.620153265469522
LAW -> DFW,1331,94,140.0,7.062359128474831,LAW,DFW,157,3.3454080545493285,26.72766784856457
ORD -> ATL,6391,93,606.0,1.455171334689407,ORD,ATL,158,3.366716386106968,26.834038659499026
DFW -> DEN,6058,93,641.0,1.5351601188511061,DFW,DEN,159,3.388024717664607,26.94040947043349
MAF -> DFW,1169,93,309.0,7.955517536355859,MAF,DFW,160,3.409333049222246,27.046780281367948
LAX -> DFW,6649,92,1235.0,1.3836667167995187,LAX,DFW,161,3.430641380779885,27.15200732014183
DFW -> PHL,3625,92,1303.0,2.5379310344827584,DFW,PHL,162,3.4519497123375236,27.257234358915706
LGA -> DAL,2563,92,1381.0,3.5895435037065937,LGA,DAL,163,3.473258043895163,27.36246139768958
BTR -> DFW,2333,92,383.0,3.9434204886412347,BTR,DFW,164,3.494566375452802,27.467688436463455
CRP -> DFW,1497,92,354.0,6.145624582498329,CRP,DFW,165,3.5158747070104415,27.57291547523733
LEX -> ORD,2015,91,323.0,4.516129032258064,LEX,ORD,166,3.53718303856808,27.67699874185062
ORD -> FNT,1859,91,223.0,4.895104895104895,ORD,FNT,167,3.5584913701257195,27.781082008463915
DFW -> LAX,6634,90,1235.0,1.3566475731082304,DFW,LAX,168,3.579799701683358,27.884021502916617
SHV -> DFW,2280,90,190.0,3.9473684210526314,SHV,DFW,169,3.6011080332409975,27.986960997369327
DTW -> EWR,2175,90,488.0,4.137931034482759,DTW,EWR,170,3.622416364798636,28.08990049182203
ORD -> RIC,2141,90,642.0,4.203643157403083,ORD,RIC,171,3.643724696356275,28.19283998627473
ORD -> LEX,2014,90,323.0,4.468718967229394,ORD,LEX,172,3.6650330279139145,28.29577948072744
CLT -> ORD,4641,89,599.0,1.9176901529842707,CLT,ORD,173,3.686341359471553,28.39757520301956
BWI -> ORD,2466,89,622.0,3.6090835360908353,BWI,ORD,174,3.7076496910291925,28.49937092531168
DFW -> LAW,1330,89,140.0,6.691729323308271,DFW,LAW,175,3.7289580225868315,28.601166647603797
PHL -> DFW,3625,88,1303.0,2.4275862068965517,PHL,DFW,176,3.7502663541444705,28.70181859773533
OKC -> DFW,2711,88,175.0,3.246034673552195,OKC,DFW,177,3.7715746857021095,28.802470547866864
DFW -> BTR,2335,88,383.0,3.7687366167023555,DFW,BTR,178,3.792883017259749,28.903122497998403
ICT -> ORD,2097,88,588.0,4.196471149260849,ICT,ORD,179,3.8141913488173875,29.00377444812993
SMF -> SFO,1624,88,86.0,5.41871921182266,SMF,SFO,180,3.835499680375026,29.104426398261467
MLI -> ORD,1615,88,139.0,5.448916408668731,MLI,ORD,181,3.8568080119326655,29.205078348393
DFW -> CRP,1496,88,354.0,5.88235294117647,DFW,CRP,182,3.8781163434903045,29.305730298524534
CLL -> DFW,1604,87,164.0,5.423940149625936,CLL,DFW,183,3.899424675047944,29.405238476495484
ATL -> DFW,7056,86,731.0,1.2188208616780045,ATL,DFW,184,3.9207330066055825,29.503602882305845
MCO -> JFK,5346,86,944.0,1.6086793864571642,MCO,JFK,185,3.942041338163222,29.60196728811621
TVC -> ORD,1784,86,224.0,4.820627802690583,TVC,ORD,186,3.9633496697208606,29.700331693926568
EVV -> ORD,1737,86,272.19401266551523,4.951065054691997,EVV,ORD,187,3.9846580012785,29.798696099736933
OAK -> SAN,3540,85,446.0,2.401129943502825,OAK,SAN,188,4.005966332836139,29.895916733386706
FNT -> ORD,1860,85,223.0,4.56989247311828,FNT,ORD,189,4.027274664393778,29.99313736703649
ORD -> MLI,1612,85,139.0,5.272952853598015,ORD,MLI,190,4.048582995951417,30.090358000686262
DFW -> OKC,2710,84,175.0,3.0996309963099633,DFW,OKC,191,4.069891327509056,30.186434862175453
BUF -> ORD,2008,84,473.2141434262948,4.183266932270916,BUF,ORD,192,4.091199659066695,30.282511723664644
AMA -> DFW,1202,84,312.0,6.988352745424292,AMA,DFW,193,4.112507990624334,30.37858858515384
DFW -> MAF,1168,84,309.0,7.191780821917808,DFW,MAF,194,4.133816322181973,30.47466544664303
JFK -> MCO,5349,83,944.0,1.5516919050289775,JFK,MCO,195,4.1551246537396125,30.569598535971636
JAN -> DFW,2278,83,408.0,3.6435469710272166,JAN,DFW,196,4.176432985297252,30.66453162530024
DFW -> XNA,2222,83,280.0,3.7353735373537353,DFW,XNA,197,4.1977413168548905,30.759464714628848
DFW -> CLL,1604,83,164.0,5.1745635910224435,DFW,CLL,198,4.21904964841253,30.85439780395745
BNA -> DFW,2750,82,631.0,2.9818181818181815,BNA,DFW,199,4.2403579799701685,30.94818712112547
DAL -> LGA,2571,82,1381.0,3.1894204589653827,DAL,LGA,200,4.261666311527807,31.04197643829349
IND -> EWR,1287,82,645.0,6.371406371406371,IND,EWR,201,4.2829746430854465,31.135765755461513
PHL -> ATL,6621,81,666.0,1.2233801540552787,PHL,ATL,202,4.304282974643085,31.228411300468945
SMF -> LAX,5574,81,373.0,1.4531754574811624,SMF,LAX,203,4.3255913062007245,31.32105684547638
BOS -> ATL,4682,81,946.0,1.7300299017513885,BOS,ATL,204,4.346899637758363,31.413702390483817
DFW -> SFO,4555,81,1464.0,1.778265642151482,DFW,SFO,205,4.3682079693160025,31.506347935491252
DFW -> CLT,4044,81,936.0,2.0029673590504453,DFW,CLT,206,4.389516300873641,31.598993480498685
LGA -> MCO,3913,81,950.0,2.0700230002555586,LGA,MCO,207,4.4108246324312805,31.69163902550612
AUS -> DAL,3904,81,189.0,2.074795081967213,AUS,DAL,208,4.43213296398892,31.784284570513556
DFW -> BOS,3070,81,1562.0,2.6384364820846904,DFW,BOS,209,4.4534412955465585,31.87693011552099
OMA -> ORD,2004,81,416.0,4.04191616766467,OMA,ORD,210,4.474749627104198,31.96957566052842
ORD -> TVC,1784,81,224.0,4.540358744394619,ORD,TVC,211,4.4960579586618366,32.062221205535856
LAX -> PHX,7330,80,370.0,1.0914051841746248,LAX,PHX,212,4.517366290219476,32.1537229783827
DFW -> ATL,7060,80,731.0,1.13314447592068,DFW,ATL,213,4.538674621777115,32.24522475122956
SAN -> LAX,4619,80,109.0,1.7319766183156529,SAN,LAX,214,4.559982953334754,32.336726524076404
BOS -> CLT,3590,80,728.0,2.2284122562674096,BOS,CLT,215,4.581291284892393,32.42822829692325
DFW -> JAN,2280,80,408.0,3.508771929824561,DFW,JAN,216,4.602599616450032,32.519730069770105
SGF -> ORD,2034,80,438.0,3.933136676499508,SGF,ORD,217,4.623907948007671,32.61123184261695
FSD -> ORD,2023,80,462.0,3.9545229856648545,FSD,ORD,218,4.64521627956531,32.7027336154638
ORD -> EVV,1736,80,272.19412442396316,4.6082949308755765,ORD,EVV,219,4.6665246111229495,32.794235388310646
SFO -> SMF,1623,80,86.0,4.929143561306223,SFO,SMF,220,4.687832942680588,32.88573716115749
SFO -> DFW,4555,79,1464.0,1.734357848518112,SFO,DFW,221,4.7091412742382275,32.97609516184376
BOS -> DFW,3073,79,1562.0,2.570777741620566,BOS,DFW,222,4.730449605795866,33.066453162530024
EWR -> DFW,2604,79,1372.0,3.0337941628264207,EWR,DFW,223,4.7517579373535055,33.15681116321629
XNA -> DFW,2224,79,280.0,3.552158273381295,XNA,DFW,224,4.773066268911144,33.24716916390255
ORD -> ICT,2190,79,588.0,3.6073059360730597,ORD,ICT,225,4.7943746004687835,33.33752716458881
TYR -> DFW,1612,79,102.0,4.900744416873449,TYR,DFW,226,4.815682932026422,33.42788516527508
EWR -> CVG,1515,79,569.0,5.214521452145215,EWR,CVG,227,4.836991263584061,33.518243165961344
DFW -> AMA,1202,79,312.0,6.572379367720465,DFW,AMA,228,4.8582995951417,33.6086011666476
ORD -> LIT,2031,78,552.0,3.8404726735598227,ORD,LIT,229,4.8796079266993395,33.69781539517328
MDW -> PHL,1892,78,668.0,4.12262156448203,MDW,PHL,230,4.900916258256979,33.78702962369896
AZO -> ORD,1326,78,122.0,5.88235294117647,AZO,ORD,231,4.9222245898146175,33.87624385222463
DCA -> DFW,3178,77,1192.0,2.4229074889867843,DCA,DFW,232,4.943532921372257,33.96431430858973
DFW -> EWR,2501,77,1372.0,3.078768492602959,DFW,EWR,233,4.9648412529298955,34.052384764954816
MDW -> BNA,2100,77,395.0,3.6666666666666665,MDW,BNA,234,4.986149584487535,34.14045522131992
ORD -> TYS,2099,77,475.0,3.668413530252501,ORD,TYS,235,5.0074579160451735,34.228525677685006
STL -> EWR,1864,77,872.0,4.130901287553648,STL,EWR,236,5.028766247602813,34.3165961340501
SJT -> DFW,1628,77,229.0,4.72972972972973,SJT,DFW,237,5.0500745791604515,34.40466659041519
ORD -> DEN,5613,76,888.0,1.3539996436843043,ORD,DEN,238,5.07138291071809,34.491593274619696
LAS -> PHX,5499,76,255.0,1.38206946717585,LAS,PHX,239,5.09269124227573,34.5785199588242
ATL -> MDW,4544,76,591.0,1.6725352112676055,ATL,MDW,240,5.113999573833369,34.66544664302871
ORD -> AZO,1326,76,122.0,5.731523378582202,ORD,AZO,241,5.1353079053910085,34.752373327233215
MCO -> PHL,4867,75,861.0,1.540990343127183,MCO,PHL,242,5.156616236948647,34.83815623927713
ATL -> BOS,4685,75,946.0,1.6008537886872998,ATL,BOS,243,5.1779245685062865,34.92393915132106
LAS -> DFW,4289,75,1055.0,1.7486593611564467,LAS,DFW,244,5.199232900063925,35.009722063364975
ORD -> IAH,4186,75,925.0,1.79168657429527,ORD,IAH,245,5.2205412316215645,35.0955049754089
DFW -> DCA,3177,75,1192.0,2.3607176581680833,DFW,DCA,246,5.241849563179203,35.18128788745282
SGF -> DFW,2221,75,364.0,3.376857271499325,SGF,DFW,247,5.263157894736842,35.26707079949674
FAR -> ORD,2101,75,557.0,3.5697287006187532,FAR,ORD,248,5.284466226294481,35.35285371154066
BWI -> MDW,1976,74,611.0,3.7449392712550607,BWI,MDW,249,5.30577455785212,35.437492851424
DFW -> TYR,1611,74,102.0,4.5934202358783365,DFW,TYR,250,5.327082889409759,35.52213199130733
ATW -> ORD,1434,74,160.0,5.160390516039052,ATW,ORD,251,5.3483912209673985,35.60677113119067
ATL -> PHL,6608,73,666.0,1.104721549636804,ATL,PHL,252,5.369699552525038,35.69026649891342
DEN -> ORD,5567,73,888.0,1.3112987246272678,DEN,ORD,253,5.3910078840826765,35.773761866636164
SFO -> EWR,5025,73,2565.0,1.4527363184079602,SFO,EWR,254,5.412316215640316,35.85725723435891
MDW -> ATL,4533,73,591.0,1.6104125303331127,MDW,ATL,255,5.4336245471979545,35.940752602081666
CLT -> BOS,3590,73,728.0,2.033426183844011,CLT,BOS,256,5.454932878755593,36.024247969804414
MDW -> MSP,2979,73,349.0,2.450486740516952,MDW,MSP,257,5.4762412103132325,36.10774333752717
DFW -> BNA,2751,73,631.0,2.653580516175936,DFW,BNA,258,5.497549541870871,36.19123870524991
LGA -> IAH,2298,73,1416.0,3.1766753698868584,LGA,IAH,259,5.5188578734285105,36.27473407297266
DFW -> SGF,2222,73,364.0,3.2853285328532857,DFW,SGF,260,5.540166204986149,36.35822944069541
ACT -> DFW,1612,73,89.0,4.528535980148883,ACT,DFW,261,5.5614745365437885,36.441724808418165
EWR -> MCO,4774,72,937.0,1.508169250104734,EWR,MCO,262,5.582782868101428,36.524076403980324
MCO -> LGA,3916,72,950.0,1.8386108273748722,MCO,LGA,263,5.6040911996590665,36.60642799954249
SFO -> BOS,3907,72,2704.0,1.8428461735346815,SFO,BOS,264,5.625399531216706,36.688779595104656
JFK -> CLT,2576,72,541.0,2.7950310559006213,JFK,CLT,265,5.6467078627743446,36.771131190666814
TUL -> ORD,2110,72,585.0,3.4123222748815163,TUL,ORD,266,5.668016194331984,36.85348278622898
BNA -> MDW,2084,72,395.0,3.45489443378119,BNA,MDW,267,5.689324525889623,36.935834381791146
ORD -> BUF,2005,72,473.2149625935162,3.5910224438902745,ORD,BUF,268,5.710632857447262,37.01818597735331
PHX -> LAX,7380,71,370.0,0.962059620596206,PHX,LAX,269,5.731941189004901,37.09939380075489
LAX -> EWR,4618,71,2454.0,1.5374621048072759,LAX,EWR,270,5.75324952056254,37.180601624156466
SJU -> JFK,4466,71,1598.0,1.5897895208240036,SJU,JFK,271,5.774557852120179,37.26180944755805
DAL -> AUS,3896,71,189.0,1.8223819301848048,DAL,AUS,272,5.795866183677818,37.34301727095963
MCO -> DFW,3825,71,985.0,1.8562091503267975,MCO,DFW,273,5.8171745152354575,37.424225094361205
LGA -> DEN,3285,71,1620.0,2.1613394216133943,LGA,DEN,274,5.838482846793096,37.50543291776278
STL -> ORD,2785,71,258.0,2.549371633752244,STL,ORD,275,5.8597911783507355,37.58664074116436
PIT -> ORD,1785,71,413.0,3.9775910364145655,PIT,ORD,276,5.881099509908374,37.667848564565936
SYR -> ORD,1623,71,607.0,4.3746149106592735,SYR,ORD,277,5.9024078414660135,37.749056387967514
ATL -> BWI,5838,70,577.0,1.1990407673860912,ATL,BWI,278,5.923716173023652,37.82912043920851
LAX -> SAN,4611,70,109.0,1.5181088700932552,LAX,SAN,279,5.9450245045812915,37.909184490449505
FLL -> EWR,3441,70,1065.0,2.034292356873002,FLL,EWR,280,5.96633283613893,37.98924854169049
DEN -> LGA,3299,70,1620.0,2.1218551076083663,DEN,LGA,281,5.9876411676965695,38.06931259293149
MSP -> MDW,3027,70,349.0,2.312520647505781,MSP,MDW,282,6.008949499254208,38.149376644172484
ORD -> STL,2566,70,258.0,2.7279812938425563,ORD,STL,283,6.0302578308118475,38.22944069541347
EWR -> STL,1806,70,872.0,3.875968992248062,EWR,STL,284,6.051566162369486,38.30950474665447
DFW -> SJT,1628,70,229.0,4.2997542997543,DFW,SJT,285,6.0728744939271255,38.38956879789546
LFT -> DFW,1617,70,351.0,4.329004329004329,LFT,DFW,286,6.094182825484765,38.46963284913645
ORD -> ATW,1434,70,160.0,4.881450488145049,ORD,ATW,287,6.1154911570424035,38.54969690037745
EWR -> SFO,5029,69,2565.0,1.372042155498111,EWR,SFO,288,6.136799488600043,38.628617179457855
IAH -> ORD,4294,69,925.0,1.606893339543549,IAH,ORD,289,6.1581078201576815,38.70753745853826
CLT -> DFW,4046,69,936.0,1.7053880375679682,CLT,DFW,290,6.179416151715321,38.78645773761867
BOS -> SFO,3889,69,2704.0,1.7742350218565184,BOS,SFO,291,6.2007244832729596,38.865378016699076
MDW -> MCI,2474,69,405.0,2.7890056588520613,MDW,MCI,292,6.222032814830599,38.944298295779475
RIC -> BOS,2297,69,474.0,3.0039181541140616,RIC,BOS,293,6.243341146388238,39.02321857485988
TYS -> ORD,2092,69,475.0,3.298279158699809,TYS,ORD,294,6.264649477945877,39.102138853940296
DFW -> ACT,1611,69,89.0,4.283054003724395,DFW,ACT,295,6.285957809503516,39.1810591330207
MSP -> EWR,1368,69,1008.0,5.0438596491228065,MSP,EWR,296,6.307266141061155,39.25997941210111
EWR -> CHS,1275,69,628.0,5.411764705882352,EWR,CHS,297,6.328574472618794,39.33889969118152
BWI -> ATL,5837,68,577.0,1.1649820113071783,BWI,ATL,298,6.349882804176434,39.416676198101335
BOS -> RIC,2297,68,474.0,2.960383108402264,BOS,RIC,299,6.3711911357340725,39.49445270502116
ORD -> FAR,2100,68,557.0,3.2380952380952377,ORD,FAR,300,6.392499467291711,39.57222921194098
CHS -> EWR,1274,68,628.0,5.337519623233909,CHS,EWR,301,6.41380779884935,39.650005718860804
LGA -> ORF,515,68,296.0,13.203883495145632,LGA,ORF,302,6.43511613040699,39.72778222578062
CLT -> JFK,2574,67,541.0,2.6029526029526027,CLT,JFK,303,6.4564244619646285,39.80441496053986
ORD -> BWI,2468,67,622.0,2.7147487844408427,ORD,BWI,304,6.477732793522267,39.8810476952991
SJC -> BUR,2133,67,296.0,3.1411157993436474,SJC,BUR,305,6.499041125079906,39.95768043005833
ORD -> OMA,2036,67,416.0,3.2907662082514735,ORD,OMA,306,6.520349456637545,40.03431316481757
MDW -> BWI,1977,67,611.0,3.388973191704603,MDW,BWI,307,6.5416577881951845,40.110945899576805
DFW -> VPS,1760,67,641.0,3.806818181818182,DFW,VPS,308,6.562966119752824,40.18757863433604
RST -> ORD,1323,67,268.0,5.064247921390779,RST,ORD,309,6.5842744513104625,40.26421136909528
DEN -> ASE,1089,67,125.0,6.152433425160698,DEN,ASE,310,6.605582782868101,40.340844103854515
LAX -> LAS,9594,66,236.0,0.6879299562226392,LAX,LAS,311,6.626891114425741,40.41633306645316
JFK -> SJU,4463,66,1598.0,1.4788259018597356,JFK,SJU,312,6.64819944598338,40.49182202905181
ORD -> FSD,2042,66,462.0,3.232125367286973,ORD,FSD,313,6.6695077775410185,40.567310991650466
ORD -> SGF,1997,66,438.0,3.3049574361542313,ORD,SGF,314,6.690816109098657,40.642799954249114
PHL -> MDW,1892,66,668.0,3.488372093023256,PHL,MDW,315,6.712124440656296,40.71828891684776
VPS -> DFW,1759,66,641.0,3.752131893121091,VPS,DFW,316,6.733432772213936,40.79377787944642
MRY -> SFO,817,66,77.0,8.078335373317014,MRY,SFO,317,6.7547411037715746,40.869266842045064
DFW -> MCO,3826,65,985.0,1.6989022477783586,DFW,MCO,318,6.776049435329214,40.94361203248313
DCA -> DAL,2515,65,1184.0,2.584493041749503,DCA,DAL,319,6.797357766886853,41.01795722292119
IAH -> LGA,2340,65,1416.0,2.7777777777777777,IAH,LGA,320,6.818666098444492,41.09230241335926
ORD -> TUL,2071,65,585.0,3.1385803959439884,ORD,TUL,321,6.8399744300021315,41.16664760379732
ASE -> DEN,1091,65,125.0,5.957836846929423,ASE,DEN,322,6.86128276155977,41.24099279423539
TOL -> ORD,962,65,213.0,6.756756756756757,TOL,ORD,323,6.882591093117409,41.31533798467345
SUN -> SLC,672,65,222.0,9.672619047619047,SUN,SLC,324,6.903899424675047,41.38968317511152
PHL -> MCO,4869,64,861.0,1.3144382830149928,PHL,MCO,325,6.9252077562326875,41.462884593389
TUL -> DFW,2629,64,237.0,2.4343856979840246,TUL,DFW,326,6.946516087790326,41.53608601166648
BUF -> JFK,2461,64,301.0,2.600568874441284,BUF,JFK,327,6.967824419347965,41.609287429943954
MCI -> ORD,2132,64,403.0,3.0018761726078798,MCI,ORD,328,6.989132750905604,41.68248884822143
ORD -> PIT,1921,64,413.0,3.331598125976054,ORD,PIT,329,7.0104410824632435,41.75569026649891
ORD -> RST,1324,64,268.0,4.833836858006042,ORD,RST,330,7.031749414020883,41.828891684776394
MEM -> EWR,1002,64,946.0,6.387225548902195,MEM,EWR,331,7.0530577455785215,41.90209310305387
LAS -> LAX,9715,63,236.0,0.6484817292846115,LAS,LAX,332,7.07436607713616,41.97415074917076
EWR -> FLL,3440,63,1065.0,1.8313953488372094,EWR,FLL,333,7.095674408693799,42.04620839528766
MDW -> DTW,2815,63,228.0,2.238010657193606,MDW,DTW,334,7.116982740251439,42.11826604140455
DAL -> DCA,2521,63,1184.0,2.499008330027767,DAL,DCA,335,7.1382910718090775,42.19032368752145
PVD -> BWI,2517,63,327.0,2.5029797377830754,PVD,BWI,336,7.159599403366716,42.26238133363834
CVG -> DFW,2097,63,812.0,3.004291845493562,CVG,DFW,337,7.180907734924355,42.334438979755234
SBA -> SFO,2097,63,262.0,3.004291845493562,SBA,SFO,338,7.202216066481995,42.40649662587212
MFE -> IAH,1957,63,316.0,3.2192130812468065,MFE,IAH,339,7.2235243980396335,42.47855427198902
HOU -> DFW,1569,63,247.0,4.015296367112811,HOU,DFW,340,7.244832729597272,42.550611918105915
EWR -> IND,1224,63,645.0,5.147058823529411,EWR,IND,341,7.2661410611549115,42.62266956422281
BPT -> DFW,973,63,270.0,6.474820143884892,BPT,DFW,342,7.28744939271255,42.6947272103397
SFO -> MRY,816,63,77.0,7.720588235294118,SFO,MRY,343,7.30875772427019,42.76678485645659
MCO -> ORD,4427,62,1005.0,1.4004969505308336,MCO,ORD,344,7.330066055827829,42.8376987304129
MIA -> JFK,3596,62,1089.0,1.7241379310344827,MIA,JFK,345,7.351374387385468,42.90861260436921
ROC -> ORD,1679,62,528.0,3.692674210839786,ROC,ORD,346,7.372682718943106,42.97952647832552
EWR -> MSP,1314,62,1008.0,4.71841704718417,EWR,MSP,347,7.3939910505007465,43.050440352281825
BMI -> ORD,958,62,116.0,6.471816283924843,BMI,ORD,348,7.415299382058385,43.12135422623813
ASE -> LAX,774,62,737.0,8.010335917312661,ASE,LAX,349,7.436607713616024,43.19226810019444
LAX -> SMF,5550,61,373.0,1.0990990990990992,LAX,SMF,350,7.457916045173663,43.262038201990165
JFK -> MIA,3594,61,1089.0,1.6972732331663885,JFK,MIA,351,7.479224376731302,43.331808303785884
MCI -> MDW,2465,61,405.0,2.4746450304259633,MCI,MDW,352,7.500532708288941,43.40157840558161
AUS -> ORD,2283,61,977.8212877792379,2.671922908453789,AUS,ORD,353,7.5218410398465805,43.471348507377336
BWI -> BDL,2199,61,283.0,2.7739881764438383,BWI,BDL,354,7.543149371404219,43.541118609173054
BNA -> BWI,1883,61,587.0,3.2395114179500797,BNA,BWI,355,7.564457702961858,43.61088871096877
OKC -> ORD,1807,61,693.0,3.3757609297177646,OKC,ORD,356,7.585766034519498,43.68065881276449
DFW -> LFT,1616,61,351.0,3.7747524752475248,DFW,LFT,357,7.6070743660771365,43.75042891456022
ISP -> BWI,1551,61,220.0,3.9329464861379755,ISP,BWI,358,7.628382697634775,43.82019901635594
SPS -> DFW,1234,61,113.0,4.943273905996758,SPS,DFW,359,7.649691029192414,43.88996911815166
ORF -> LGA,402,61,296.0,15.17412935323383,ORF,LGA,360,7.670999360750052,43.95973921994739
DEN -> IAH,4848,60,862.0,1.2376237623762376,DEN,IAH,361,7.6923076923076925,44.028365549582524
ORD -> MIA,4166,60,1197.0,1.4402304368698993,ORD,MIA,362,7.713616023865331,44.09699187921766
PHX -> DFW,4146,60,868.0,1.447178002894356,PHX,DFW,363,7.7349243554229705,44.1656182088528
DFW -> PHX,4144,60,868.0,1.4478764478764479,DFW,PHX,364,7.756232686980609,44.234244538487935
LGA -> PBI,2904,60,1035.0,2.066115702479339,LGA,PBI,365,7.777541018538249,44.302870868123065
MSY -> DFW,2634,60,447.0,2.277904328018223,MSY,DFW,366,7.798849350095888,44.37149719775821
SFO -> SBA,2098,60,262.0,2.8598665395614873,SFO,SBA,367,7.8201576816535265,44.44012352739335
IAH -> MFE,1957,60,316.0,3.065917220235054,IAH,MFE,368,7.841466013211165,44.50874985702848
EWR -> MKE,1090,60,725.0,5.5045871559633035,EWR,MKE,369,7.862774344768804,44.577376186663614
TXK -> DFW,978,60,181.0,6.134969325153374,TXK,DFW,370,7.884082676326444,44.64600251629876
ORD -> TOL,961,60,213.0,6.243496357960457,ORD,TOL,371,7.9053910078840826,44.71462884593389
SNA -> DFW,2877,59,1205.0,2.0507473062217585,SNA,DFW,372,7.926699339441721,44.78211140340844
MDW -> DEN,2720,59,895.0,2.1691176470588234,MDW,DEN,373,7.948007670999361,44.84959396088299
DFW -> CVG,2102,59,812.0,2.806850618458611,DFW,CVG,374,7.969316002557,44.91707651835754
MAF -> IAH,2068,59,429.0,2.852998065764023,MAF,IAH,375,7.9906243341146395,44.984559075832095
ORD -> SYR,1641,59,607.0,3.595368677635588,ORD,SYR,376,8.011932665672278,45.052041633306644
ORD -> BMI,959,59,116.0,6.152241918665276,ORD,BMI,377,8.033240997229916,45.1195241907812
DFW -> LAS,4289,58,1055.0,1.3522965726276521,DFW,LAS,378,8.054549328787555,45.18586297609516
PBI -> LGA,2905,58,1035.0,1.996557659208262,PBI,LGA,379,8.075857660345195,45.252201761409125
DEN -> MDW,2715,58,895.0,2.136279926335175,DEN,MDW,380,8.097165991902834,45.31854054672309
PBI -> EWR,2571,58,1023.0,2.2559315441462466,PBI,EWR,381,8.118474323460473,45.38487933203706
STL -> DFW,2536,58,550.0,2.2870662460567823,STL,DFW,382,8.139782655018111,45.45121811735102
BWI -> PVD,2498,58,327.0,2.321857485988791,BWI,PVD,383,8.161090986575752,45.51755690266499
JFK -> BUF,2461,58,301.0,2.356765542462414,JFK,BUF,384,8.18239931813339,45.58389568797895
BWI -> ISP,1546,58,220.0,3.751617076326003,BWI,ISP,385,8.20370764969103,45.65023447329292
DFW -> SPS,1233,58,113.0,4.703974047039741,DFW,SPS,386,8.225015981248667,45.716573258606886
SBN -> ORD,1144,58,84.0,5.06993006993007,SBN,ORD,387,8.246324312806308,45.78291204392085
MKE -> EWR,1082,58,725.0,5.360443622920517,MKE,EWR,388,8.267632644363946,45.84925082923482
DFW -> TXK,976,58,181.0,5.942622950819672,DFW,TXK,389,8.288940975921586,45.91558961454878
DBQ -> ORD,928,58,147.0,6.25,DBQ,ORD,390,8.310249307479225,45.981928399862745
EWR -> LAX,4603,57,2454.0,1.2383228329350424,EWR,LAX,391,8.331557639036863,46.04712341301613
HPN -> ATL,1877,57,780.0,3.0367607884922747,HPN,ATL,392,8.352865970594504,46.11231842616951
MDW -> PIT,1761,57,402.0,3.2367972742759794,MDW,PIT,393,8.374174302152142,46.17751343932289
LIT -> DFW,1323,57,304.0,4.308390022675737,LIT,DFW,394,8.395482633709781,46.242708452476265
LGA -> MKE,1214,57,738.0,4.695222405271829,LGA,MKE,395,8.416790965267419,46.30790346562964
MKE -> LGA,1210,57,738.0,4.710743801652892,MKE,LGA,396,8.43809929682506,46.37309847878303
MBS -> ORD,1192,57,222.0,4.781879194630872,MBS,ORD,397,8.459407628382698,46.438293491936406
ORD -> DBQ,928,57,147.0,6.142241379310344,ORD,DBQ,398,8.480715959940337,46.503488505089784
MIA -> ORD,4156,56,1197.0,1.3474494706448508,MIA,ORD,399,8.502024291497975,46.56753974608258
MCO -> BWI,3120,56,787.0,1.7948717948717947,MCO,BWI,400,8.523332623055614,46.63159098707537
MIA -> EWR,2714,56,1085.0,2.0633750921149594,MIA,EWR,401,8.544640954613254,46.695642228068166
DFW -> MSY,2633,56,447.0,2.1268515001898978,DFW,MSY,402,8.565949286170893,46.75969346906096
ORD -> MCI,2201,56,403.0,2.5442980463425715,ORD,MCI,403,8.587257617728532,46.82374471005375
TUS -> DFW,2198,56,813.0,2.547770700636943,TUS,DFW,404,8.60856594928617,46.88779595104655
ORD -> OKC,1841,56,693.0,3.041825095057034,ORD,OKC,405,8.629874280843811,46.951847192039345
BDL -> ORD,1490,56,783.0,3.7583892617449663,BDL,ORD,406,8.651182612401449,47.01589843303214
CWA -> ORD,1394,56,212.19010043041607,4.017216642754662,CWA,ORD,407,8.672490943959088,47.07994967402493
ORD -> CWA,1394,56,212.19010043041607,4.017216642754662,ORD,CWA,408,8.693799275516726,47.14400091501773
CMH -> EWR,906,56,463.0,6.181015452538632,CMH,EWR,409,8.715107607074366,47.208052156010524
ASE -> DFW,335,56,701.0,16.716417910447763,ASE,DFW,410,8.736415938632005,47.27210339700332
DEN -> PHX,7211,55,602.0,0.7627236166967134,DEN,PHX,411,8.757724270189644,47.33501086583553
LAS -> DEN,6265,55,628.0,0.8778930566640064,LAS,DEN,412,8.779032601747282,47.397918334667736
ORD -> PHX,4419,55,1440.0,1.2446254808780266,ORD,PHX,413,8.800340933304922,47.460825803499944
LAS -> JFK,3705,55,2248.0,1.484480431848853,LAS,JFK,414,8.821649264862561,47.52373327233215
BOS -> DTW,3423,55,632.0,1.6067776803973124,BOS,DTW,415,8.8429575964202,47.58664074116436
EWR -> IAH,3340,55,1400.0,1.6467065868263475,EWR,IAH,416,8.86426592797784,47.64954820999657
DFW -> SNA,2877,55,1205.0,1.9117135905457074,DFW,SNA,417,8.885574259535478,47.712455678828775
DEN -> EWR,2609,55,1605.0,2.1080873898045227,DEN,EWR,418,8.906882591093117,47.77536314766099
TPA -> JFK,2550,55,1005.0,2.156862745098039,TPA,JFK,419,8.928190922650757,47.8382706164932
BDL -> BWI,2217,55,283.0,2.4808299503834013,BDL,BWI,420,8.949499254208396,47.901178085325405
BWI -> BNA,1897,55,587.0,2.8993147074327883,BWI,BNA,421,8.970807585766034,47.964085554157606
DFW -> HOU,1571,55,247.0,3.500954805856143,DFW,HOU,422,8.992115917323673,48.02699302298982
LAX -> MRY,1529,55,266.0,3.597122302158273,LAX,MRY,423,9.013424248881313,48.08990049182203
FSM -> DFW,1299,55,227.0,4.234026173979984,FSM,DFW,424,9.034732580438952,48.152807960654236
SDF -> ORD,1289,55,286.8378588052754,4.266873545384018,SDF,ORD,425,9.056040911996591,48.215715429486444
BRO -> DFW,1059,55,482.0,5.193578847969783,BRO,DFW,426,9.07734924355423,48.27862289831866
ROW -> DFW,974,55,435.0,5.646817248459959,ROW,DFW,427,9.098657575111869,48.34153036715087
EWR -> RIC,967,55,277.0,5.687693898655636,EWR,RIC,428,9.119965906669508,48.404437835983074
LGA -> MCI,716,55,1107.0,7.681564245810056,LGA,MCI,429,9.141274238227147,48.46734530481528
LAS -> SFO,7870,54,414.0,0.6861499364675985,LAS,SFO,430,9.162582569784785,48.5291090014869
DFW -> STL,2538,54,550.0,2.127659574468085,DFW,STL,431,9.183890901342425,48.59087269815853
LSE -> ORD,1153,54,215.0,4.683434518647007,LSE,ORD,432,9.205199232900064,48.652636394830154
EWR -> GSO,862,54,445.0,6.2645011600928076,EWR,GSO,433,9.226507564457703,48.71440009150177
GSO -> EWR,862,54,445.0,6.2645011600928076,GSO,EWR,434,9.247815896015341,48.77616378817339
PHX -> ORD,4416,53,1440.0,1.2001811594202898,PHX,ORD,435,9.26912422757298,48.836783712684436
LAS -> ORD,4249,53,1514.0,1.247352318192516,LAS,ORD,436,9.29043255913062,48.89740363719547
MHT -> BWI,2221,53,377.0,2.3863124718595228,MHT,BWI,437,9.31174089068826,48.95802356170651
ORD -> ROC,1656,53,528.0,3.20048309178744,ORD,ROC,438,9.333049222245899,49.01864348621754
MDT -> ORD,1592,53,594.0,3.329145728643216,MDT,ORD,439,9.354357553803537,49.079263410728586
MRY -> LAX,1529,53,266.0,3.4663178548070634,MRY,LAX,440,9.375665885361176,49.13988333523962
IAD -> EWR,734,53,212.0,7.220708446866484,IAD,EWR,441,9.396974216918816,49.200503259750654
ORD -> MCO,4416,52,1005.0,1.177536231884058,ORD,MCO,442,9.418282548476455,49.25997941210111
BOS -> LAX,4055,52,2611.0,1.282367447595561,BOS,LAX,443,9.439590880034093,49.31945556445156
BWI -> CLT,3375,52,361.0,1.5407407407407407,BWI,CLT,444,9.460899211591732,49.37893171680201
DTW -> DFW,2646,52,986.0,1.9652305366591083,DTW,DFW,445,9.482207543149372,49.43840786915247
SFO -> ONT,2174,52,363.0,2.391904323827047,SFO,ONT,446,9.503515874707011,49.49788402150292
JFK -> PBI,1913,52,1028.0,2.7182435964453737,JFK,PBI,447,9.52482420626465,49.55736017385337
SFO -> SEA,6932,51,679.0,0.7357184073860358,SFO,SEA,448,9.546132537822288,49.615692554043235
DEN -> LAS,6269,51,628.0,0.8135268782899984,DEN,LAS,449,9.567440869379928,49.6740249342331
DEN -> SFO,5365,51,967.0,0.950605778191985,DEN,SFO,450,9.588749200937567,49.73235731442296
SAN -> PHX,5123,51,304.0,0.9955104430997462,SAN,PHX,451,9.610057532495206,49.79068969461283
LAX -> BOS,4056,51,2611.0,1.257396449704142,LAX,BOS,452,9.631365864052844,49.849022074802704
BWI -> FLL,3972,51,925.0,1.283987915407855,BWI,FLL,453,9.652674195610484,49.907354454992564
DFW -> TUL,2627,51,237.0,1.9413779977160257,DFW,TUL,454,9.673982527168121,49.96568683518243
MCI -> DFW,2561,51,460.0,1.9914096056228034,MCI,DFW,455,9.695290858725762,50.02401921537229
MDW -> STL,2147,51,251.0,2.375407545412203,MDW,STL,456,9.7165991902834,50.082351595562166
BUR -> SJC,2120,51,296.0,2.405660377358491,BUR,SJC,457,9.73790752184104,50.14068397575203
PBI -> JFK,1910,51,1028.0,2.6701570680628275,PBI,JFK,458,9.759215853398679,50.19901635594189
ATL -> HPN,1879,51,780.0,2.7142096860031932,ATL,HPN,459,9.780524184956318,50.25734873613176
DFW -> LIT,1322,51,304.0,3.8577912254160367,DFW,LIT,460,9.801832516513958,50.31568111632163
ACV -> SFO,1320,51,250.0,3.8636363636363633,ACV,SFO,461,9.823140848071596,50.374013496511495
EWR -> MEM,1020,51,946.0,5.0,EWR,MEM,462,9.844449179629235,50.432345876701355
DFW -> BPT,973,51,270.0,5.241521068859199,DFW,BPT,463,9.865757511186873,50.49067825689123
EWR -> IAD,738,51,212.0,6.910569105691057,EWR,IAD,464,9.887065842744514,50.549010637081096
LGA -> BHM,490,51,866.0,10.408163265306122,LGA,BHM,465,9.908374174302152,50.607343017270956
PHX -> DEN,7204,50,602.0,0.6940588561910049,PHX,DEN,466,9.929682505859791,50.664531625300235
IAH -> CLT,3469,50,912.0,1.4413375612568464,IAH,CLT,467,9.95099083741743,50.72172023332953
DTW -> BOS,3424,50,632.0,1.4602803738317758,DTW,BOS,468,9.97229916897507,50.778908841358806
BWI -> MCO,3113,50,787.0,1.6061676839061998,BWI,MCO,469,9.993607500532708,50.836097449388085
DTW -> MDW,2798,50,228.0,1.7869907076483202,DTW,MDW,470,10.014915832090347,50.89328605741736
JFK -> TPA,2552,50,1005.0,1.9592476489028214,JFK,TPA,471,10.036224163647987,50.95047466544664
BWI -> MHT,2211,50,377.0,2.261420171867933,BWI,MHT,472,10.057532495205626,51.00766327347592
DFW -> TUS,2198,50,813.0,2.2747952684258417,DFW,TUS,473,10.078840826763265,51.064851881505206
CRP -> IAH,2140,50,201.0,2.336448598130841,CRP,IAH,474,10.100149158320903,51.122040489534484
STL -> MDW,2127,50,251.0,2.350728725905031,STL,MDW,475,10.121457489878543,51.17922909756376
COS -> DEN,2088,50,73.0,2.3946360153256707,COS,DEN,476,10.14276582143618,51.23641770559304
IAH -> MAF,2064,50,429.0,2.422480620155039,IAH,MAF,477,10.164074152993821,51.293606313622334
FLG -> PHX,1660,50,119.0,3.0120481927710845,FLG,PHX,478,10.18538248455146,51.35079492165161
TYS -> DFW,1624,50,771.8165024630542,3.0788177339901477,TYS,DFW,479,10.206690816109099,51.40798352968089
CLE -> EWR,1544,50,404.0,3.2383419689119166,CLE,EWR,480,10.227999147666738,51.46517213771017
DFW -> ROW,973,50,435.0,5.138746145940391,DFW,ROW,481,10.249307479224377,51.52236074573945
FLL -> BWI,3961,49,925.0,1.237061348144408,FLL,BWI,482,10.270615810782017,51.578405581608145
JFK -> LAS,3703,49,2248.0,1.3232514177693762,JFK,LAS,483,10.291924142339655,51.63445041747684
SAN -> DFW,3299,49,1171.0,1.4852985753258563,SAN,DFW,484,10.313232473897294,51.69049525334554
MCO -> MDW,2576,49,990.0,1.9021739130434785,MCO,MDW,485,10.334540805454932,51.746540089214236
DFW -> MCI,2560,49,460.0,1.9140625000000002,DFW,MCI,486,10.355849137012573,51.802584925082925
ONT -> SFO,2174,49,363.0,2.2539098436062557,ONT,SFO,487,10.37715746857021,51.858629760951615
JAN -> IAH,1953,49,351.0,2.5089605734767026,JAN,IAH,488,10.39846580012785,51.91467459682031
EUG -> SFO,1863,49,451.0,2.63016639828234,EUG,SFO,489,10.41977413168549,51.97071943268901
DFW -> FSM,1298,49,227.0,3.7750385208012327,DFW,FSM,490,10.441082463243129,52.0267642685577
LNK -> ORD,1164,49,466.0,4.209621993127148,LNK,ORD,491,10.462390794800767,52.082809104426396
ORD -> LSE,1153,49,215.0,4.24978317432784,ORD,LSE,492,10.483699126358406,52.13885394029509
EWR -> DAY,754,49,533.0,6.49867374005305,EWR,DAY,493,10.505007457916046,52.19489877616379
MKG -> ORD,667,49,118.0,7.34632683658171,MKG,ORD,494,10.526315789473683,52.250943612032486
LAX -> IAH,4242,48,1379.0,1.1315417256011315,LAX,IAH,495,10.547624121031324,52.30584467574059
DFW -> SAN,3297,48,1171.0,1.4558689717925388,DFW,SAN,496,10.568932452588962,52.3607457394487
IAH -> EWR,3217,48,1400.0,1.4920733602735468,IAH,EWR,497,10.590240784146602,52.41564680315681
IAH -> CRP,2135,48,201.0,2.2482435597189694,IAH,CRP,498,10.61154911570424,52.470547866864926
PHX -> FLG,1660,48,119.0,2.891566265060241,PHX,FLG,499,10.63285744726188,52.52544893057303
DFW -> TYS,1626,48,771.8161131611316,2.952029520295203,DFW,TYS,500,10.654165778819518,52.580349994281136
ORD -> BDL,1521,48,783.0,3.155818540433925,ORD,BDL,501,10.675474110377158,52.63525105798925
MFE -> DFW,1454,48,469.0,3.3012379642365883,MFE,DFW,502,10.696782441934797,52.69015212169735
SFO -> ACV,1319,48,250.0,3.639120545868082,SFO,ACV,503,10.718090773492435,52.74505318540547
DFW -> BRO,1061,48,482.0,4.524033930254477,DFW,BRO,504,10.739399105050076,52.799954249113576
DAY -> EWR,761,48,533.0,6.307490144546649,DAY,EWR,505,10.760707436607714,52.85485531282169
SDF -> EWR,737,48,642.0,6.512890094979647,SDF,EWR,506,10.782015768165353,52.90975637652979
LBB -> DFW,717,48,282.0,6.694560669456067,LBB,DFW,507,10.80332409972299,52.96465744023791
LGA -> MYR,667,48,563.0,7.19640179910045,LGA,MYR,508,10.824632431280632,53.019558503946016
ORD -> MKG,667,48,118.0,7.19640179910045,ORD,MKG,509,10.84594076283827,53.07445956765412
EWR -> SDF,631,48,642.0,7.6069730586370845,EWR,SDF,510,10.867249094395909,53.12936063136223
ATL -> HOU,4071,47,696.0,1.1545074920167036,ATL,HOU,511,10.888557425953547,53.18311792290976
CLT -> IAH,3603,47,912.0,1.3044684984734944,CLT,IAH,512,10.909865757511186,53.23687521445728
MCO -> BOS,2848,47,1121.0,1.6502808988764044,MCO,BOS,513,10.931174089068826,53.29063250600481
MSP -> DFW,2575,47,852.0,1.825242718446602,MSP,DFW,514,10.952482420626465,53.344389797552324
BTR -> IAH,2321,47,253.0,2.0249892287806976,BTR,IAH,515,10.973790752184104,53.39814708909986
CID -> DFW,1027,47,685.0,4.576436222005842,CID,DFW,516,10.995099083741742,53.45190438064738
ORD -> CMX,667,47,359.1829085457271,7.04647676161919,ORD,CMX,517,11.016407415299383,53.505661672194904
MDW -> MCO,2581,46,990.0,1.7822549399457575,MDW,MCO,518,11.037715746857021,53.55827519158184
EWR -> PBI,2571,46,1023.0,1.7891870867366784,EWR,PBI,519,11.05902407841466,53.61088871096877
ORD -> AUS,2239,46,977.811076373381,2.0544886109870477,ORD,AUS,520,11.080332409972298,53.66350223035571
LFT -> IAH,2173,46,201.0,2.1168890934192364,LFT,IAH,521,11.101640741529938,53.716115749742656
SFO -> EUG,1864,46,451.0,2.467811158798283,SFO,EUG,522,11.122949073087577,53.76872926912959
MDW -> CLE,1813,46,307.0,2.53723110865968,MDW,CLE,523,11.144257404645217,53.821342788516525
PIT -> MDW,1777,46,402.0,2.5886325267304446,PIT,MDW,524,11.165565736202856,53.87395630790347
LRD -> DFW,1281,46,396.0,3.590944574551132,LRD,DFW,525,11.186874067760494,53.92656982729041
ORD -> DLH,1102,46,397.0,4.174228675136116,ORD,DLH,526,11.208182399318133,53.97918334667734
MSN -> DFW,940,46,821.0,4.8936170212765955,MSN,DFW,527,11.229490730875773,54.031796866064276
PWM -> EWR,662,46,284.0,6.948640483383686,PWM,EWR,528,11.250799062433412,54.08441038545122
MSY -> HOU,3052,45,302.0,1.474442988204456,MSY,HOU,529,11.27210739399105,54.13588013267757
DFW -> DTW,2648,45,986.0,1.6993957703927494,DFW,DTW,530,11.293415725548689,54.18734987990392
DCA -> CLT,2502,45,331.0,1.7985611510791366,DCA,CLT,531,11.314724057106329,54.238819627130276
IAH -> BTR,2320,45,253.0,1.9396551724137931,IAH,BTR,532,11.336032388663968,54.290289374356625
ORD -> MBS,1190,45,222.0,3.7815126050420167,ORD,MBS,533,11.357340720221606,54.341759121582975
RIC -> EWR,1015,45,277.0,4.433497536945813,RIC,EWR,534,11.378649051779245,54.39322886880933
AEX -> DFW,987,45,285.0,4.5592705167173255,AEX,DFW,535,11.399957383336885,54.44469861603568
DFW -> AEX,987,45,285.0,4.5592705167173255,DFW,AEX,536,11.421265714894524,54.49616836326204
EWR -> CMH,912,45,463.0,4.934210526315789,EWR,CMH,537,11.442574046452163,54.54763811048839
CMX -> ORD,668,45,359.18263473053895,6.736526946107785,CMX,ORD,538,11.463882378009801,54.59910785771475
OGG -> HNL,8313,44,100.0,0.5292914711897029,OGG,HNL,539,11.48519070956744,54.64943383278052
SEA -> SFO,6845,44,679.0,0.6428049671292915,SEA,SFO,540,11.50649904112508,54.699759807846284
LAX -> DEN,5750,44,862.0,0.7652173913043478,LAX,DEN,541,11.52780737268272,54.75008578291204
LAS -> SAN,4105,44,258.0,1.071863580998782,LAS,SAN,542,11.549115704240357,54.800411757977805
DFW -> MIA,3672,44,1121.0,1.1982570806100217,DFW,MIA,543,11.570424035797997,54.85073773304357
EWR -> MIA,2715,44,1085.0,1.6206261510128914,EWR,MIA,544,11.591732367355636,54.90106370810934
SLC -> ORD,2651,44,1250.0,1.6597510373443984,SLC,ORD,545,11.613040698913276,54.95138968317511
EWR -> DEN,2643,44,1605.0,1.6647748770336739,EWR,DEN,546,11.634349030470915,55.00171565824088
BOS -> FLL,2188,44,1237.0,2.010968921389397,BOS,FLL,547,11.655657362028553,55.05204163330665
IAH -> LFT,2153,44,201.0,2.0436600092893635,IAH,LFT,548,11.676965693586192,55.10236760837242
DFW -> MFE,1450,44,469.0,3.0344827586206895,DFW,MFE,549,11.698274025143832,55.152693583438186
ORD -> LNK,1166,44,466.0,3.7735849056603774,ORD,LNK,550,11.719582356701471,55.20301955850394
PAH -> ORD,666,44,342.0,6.606606606606606,PAH,ORD,551,11.740890688259109,55.25334553356971
TPA -> ATL,7083,43,406.0,0.6070873923478752,TPA,ATL,552,11.762199019816748,55.30252773647489
PHX -> LAS,5499,43,255.0,0.7819603564284415,PHX,LAS,553,11.783507351374388,55.35170993938008
ORD -> LAS,4268,43,1514.0,1.007497656982193,ORD,LAS,554,11.804815682932027,55.40089214228525
MIA -> DFW,3672,43,1121.0,1.171023965141612,MIA,DFW,555,11.826124014489665,55.45007434519044
SEA -> DFW,3545,43,1660.0,1.2129760225669959,SEA,DFW,556,11.847432346047304,55.49925654809562
HOU -> MSY,3049,43,302.0,1.4102984585109872,HOU,MSY,557,11.868740677604944,55.54843875100081
BOS -> MIA,2317,43,1258.0,1.855848079413034,BOS,MIA,558,11.890049009162583,55.59762095390598
HOU -> MDW,2087,43,937.0,2.0603737422137036,HOU,MDW,559,11.911357340720222,55.64680315681117
MDW -> CMH,1821,43,283.0,2.361339923119165,MDW,CMH,560,11.93266567227786,55.695985359716346
ABQ -> DFW,1797,43,569.0,2.392877017250974,ABQ,DFW,561,11.9539740038355,55.745167562621525
BUR -> SFO,1589,43,326.0,2.7061044682190056,BUR,SFO,562,11.975282335393139,55.794349765526704
ORD -> SBN,1145,43,84.0,3.755458515283843,ORD,SBN,563,11.996590666950778,55.84353196843189
ORD -> SDF,1016,43,286.83858267716533,4.23228346456693,ORD,SDF,564,12.017898998508416,55.89271417133707
GRR -> DFW,772,43,931.0,5.569948186528497,GRR,DFW,565,12.039207330066056,55.94189637424225
DFW -> LBB,718,43,282.0,5.988857938718663,DFW,LBB,566,12.060515661623695,55.991078577147434
JFK -> CMH,569,43,483.0,7.5571177504393665,JFK,CMH,567,12.081823993181334,56.040260780052606
SFO -> LAS,7995,42,414.0,0.525328330206379,SFO,LAS,568,12.103132324738972,56.08829921079721
HNL -> LAX,5244,42,2556.0,0.8009153318077803,HNL,LAX,569,12.124440656296612,56.1363376415418
SAN -> LAS,4095,42,258.0,1.0256410256410255,SAN,LAS,570,12.145748987854251,56.184376072286405
DFW -> SEA,3547,42,1660.0,1.1840992387933464,DFW,SEA,571,12.16705731941189,56.232414503030995
CLT -> PHL,3393,42,449.0,1.237842617152962,CLT,PHL,572,12.18836565096953,56.28045293377559
MCO -> DCA,3349,42,759.0,1.2541057031949836,MCO,DCA,573,12.209673982527168,56.32849136452018
SAN -> SJC,3022,42,417.0,1.3898080741230974,SAN,SJC,574,12.230982314084807,56.37652979526479
SJC -> SAN,3021,42,417.0,1.3902681231380336,SJC,SAN,575,12.252290645642447,56.42456822600938
MIA -> BOS,2319,42,1258.0,1.8111254851228977,MIA,BOS,576,12.273598977200086,56.472606656753975
DEN -> COS,2064,42,73.0,2.0348837209302326,DEN,COS,577,12.294907308757724,56.520645087498565
BWI -> ALB,1704,42,289.0,2.464788732394366,BWI,ALB,578,12.316215640315363,56.56868351824317
ORD -> MDT,1594,42,594.0,2.6348808030112925,ORD,MDT,579,12.337523971873003,56.61672194898776
BRO -> IAH,1303,42,308.0,3.2233307751343054,BRO,IAH,580,12.358832303430642,56.66476037973236
DFW -> LRD,1281,42,396.0,3.278688524590164,DFW,LRD,581,12.380140634988281,56.71279881047695
DFW -> CID,1027,42,685.0,4.089581304771178,DFW,CID,582,12.401448966545919,56.76083724122155
SPI -> ORD,998,42,174.0,4.208416833667335,SPI,ORD,583,12.422757298103559,56.80887567196614
MOB -> DFW,964,42,539.0,4.356846473029045,MOB,DFW,584,12.444065629661198,56.856914102710746
MLI -> DFW,940,42,691.0,4.468085106382979,MLI,DFW,585,12.465373961218837,56.90495253345533
ORF -> EWR,627,42,284.0,6.698564593301436,ORF,EWR,586,12.486682292776475,56.952990964199934
SDF -> LGA,301,42,659.0,13.953488372093023,SDF,LGA,587,12.507990624334115,57.001029394944524
DEN -> LAX,5688,41,862.0,0.7208157524613221,DEN,LAX,588,12.529298955891754,57.04792405352854
HOU -> ATL,4071,41,696.0,1.007123556865635,HOU,ATL,589,12.550607287449392,57.09481871211255
PHL -> CLT,3103,41,449.0,1.3213019658395102,PHL,CLT,590,12.571915619007031,57.14171337069656
DFW -> SLC,2982,41,989.0,1.374916163648558,DFW,SLC,591,12.593223950564672,57.188608029280566
DCA -> MIA,2973,41,919.0,1.3790783720147999,DCA,MIA,592,12.61453228212231,57.23550268786458
RDU -> BWI,1952,41,255.0,2.1004098360655736,RDU,BWI,593,12.63584061367995,57.28239734644859
CLE -> MDW,1823,41,307.0,2.249040043883708,CLE,MDW,594,12.657148945237587,57.32929200503259
IAD -> ORD,1745,41,588.8670487106017,2.349570200573066,IAD,ORD,595,12.678457276795227,57.376186663616615
DCA -> HOU,1262,41,1218.0,3.248811410459588,DCA,HOU,596,12.699765608352868,57.423081322200616
PWM -> JFK,1180,41,273.0,3.4745762711864407,PWM,JFK,597,12.721073939910504,57.469975980784625
DLH -> ORD,1101,41,397.0,3.7238873751135335,DLH,ORD,598,12.742382271468145,57.51687063936863
ORD -> LAN,876,41,179.0,4.680365296803653,ORD,LAN,599,12.763690603025783,57.56376529795265
JMS -> DVL,526,41,83.0,7.79467680608365,JMS,DVL,600,12.784998934583422,57.61065995653666
LGA -> DAY,403,41,549.0,10.173697270471465,LGA,DAY,601,12.806307266141062,57.65755461512067
CHO -> LGA,396,41,305.0,10.353535353535353,CHO,LGA,602,12.8276155976987,57.70444927370468
PIT -> LGA,301,41,335.0,13.621262458471762,PIT,LGA,603,12.84892392925634,57.75134393228869
MCO -> ATL,8202,40,404.0,0.487685930260912,MCO,ATL,604,12.87023226081398,57.79709481871211
IAH -> DEN,4513,40,862.0,0.8863283846665189,IAH,DEN,605,12.891540592371618,57.84284570513554
DCA -> MCO,3350,40,759.0,1.1940298507462688,DCA,MCO,606,12.912848923929257,57.88859659155896
SLC -> DFW,2990,40,989.0,1.3377926421404682,SLC,DFW,607,12.934157255486895,57.934347477982385
MIA -> DCA,2974,40,919.0,1.3449899125756557,MIA,DCA,608,12.955465587044534,57.980098364405805
DFW -> MSP,2574,40,852.0,1.554001554001554,DFW,MSP,609,12.976773918602175,58.02584925082923
FLL -> BOS,2184,40,1237.0,1.8315018315018317,FLL,BOS,610,12.998082250159811,58.07160013725265
MDW -> HOU,2077,40,937.0,1.9258545979778527,MDW,HOU,611,13.019390581717452,58.11735102367608
IAH -> JAN,1943,40,351.0,2.058672156459084,IAH,JAN,612,13.04069891327509,58.16310191009951
CMH -> MDW,1840,40,283.0,2.1739130434782608,CMH,MDW,613,13.06200724483273,58.20885279652293
DFW -> ABQ,1796,40,569.0,2.2271714922048997,DFW,ABQ,614,13.083315576390369,58.25460368294636
DAL -> LBB,1572,40,293.0,2.5445292620865136,DAL,LBB,615,13.104623907948007,58.30035456936978
ORD -> SPI,997,40,174.0,4.012036108324975,ORD,SPI,616,13.125932239505648,58.34610545579321
LGA -> HOU,927,40,1428.0,4.314994606256742,LGA,HOU,617,13.147240571063284,58.39185634221663
MCI -> LGA,708,40,1107.0,5.649717514124294,MCI,LGA,618,13.168548902620925,58.437607228640054
ORD -> PAH,666,40,342.0,6.006006006006006,ORD,PAH,619,13.189857234178564,58.483358115063474
ASE -> ORD,621,40,1013.0,6.44122383252818,ASE,ORD,620,13.211165565736202,58.5291090014869
BHM -> LGA,490,40,866.0,8.16326530612245,BHM,LGA,621,13.232473897293842,58.57485988791032
LGA -> SDF,297,40,659.0,13.468013468013467,LGA,SDF,622,13.253782228851483,58.62061077433375
IAH -> LAX,4432,39,1379.0,0.8799638989169676,IAH,LAX,623,13.275090560409119,58.66521788859659
MIA -> CLT,2982,39,650.0,1.30784708249497,MIA,CLT,624,13.29639889196676,58.709825002859425
FLL -> DFW,2709,39,1119.0,1.4396456256921373,FLL,DFW,625,13.317707223524398,58.75443211712227
DFW -> FLL,2696,39,1119.0,1.446587537091988,DFW,FLL,626,13.339015555082037,58.79903923138511
JFK -> PHX,2326,39,2153.0,1.6766981943250214,JFK,PHX,627,13.360323886639677,58.84364634564795
DCA -> IAH,2039,39,1208.0,1.9127023050514957,DCA,IAH,628,13.381632218197314,58.888253459910786
IAH -> DCA,2037,39,1208.0,1.914580265095729,IAH,DCA,629,13.402940549754955,58.93286057417363
PVD -> MCO,2023,39,1072.0,1.9278299555116163,PVD,MCO,630,13.424248881312591,58.977467688436455
MDW -> DAL,1991,39,793.0,1.9588146659969865,MDW,DAL,631,13.445557212870233,59.0220748026993
LGA -> TPA,1945,39,1010.0,2.005141388174807,LGA,TPA,632,13.466865544427872,59.06668191696214
MDW -> OMA,1693,39,423.0,2.303603071470762,MDW,OMA,633,13.48817387598551,59.11128903122498
RNO -> SFO,1613,39,192.0,2.417854928704278,RNO,SFO,634,13.509482207543149,59.155896145487816
LBB -> DAL,1572,39,293.0,2.480916030534351,LBB,DAL,635,13.530790539100787,59.20050325975066
MDW -> BOS,1385,39,861.0,2.815884476534296,MDW,BOS,636,13.552098870658428,59.2451103740135
EWR -> JAX,1020,39,820.0,3.823529411764706,EWR,JAX,637,13.573407202216067,59.28971748827634
DFW -> MLI,940,39,691.0,4.148936170212766,DFW,MLI,638,13.594715533773705,59.334324602539176
DFW -> MSN,939,39,821.0,4.15335463258786,DFW,MSN,639,13.616023865331345,59.37893171680201
GPT -> DFW,934,39,500.0,4.17558886509636,GPT,DFW,640,13.637332196888984,59.423538831064846
EWR -> RDU,913,39,416.0,4.271631982475356,EWR,RDU,641,13.658640528446622,59.46814594532769
CHO -> ORD,869,39,566.7928653624856,4.487917146144994,CHO,ORD,642,13.679948860004263,59.51275305959053
LEX -> DFW,776,39,785.0,5.025773195876289,LEX,DFW,643,13.7012571915619,59.55736017385337
EWR -> GSP,687,39,594.0,5.676855895196507,EWR,GSP,644,13.72256552311954,59.60196728811621
EWR -> ORF,679,39,284.0,5.743740795287187,EWR,ORF,645,13.74387385467718,59.64657440237905
DAY -> LGA,403,39,549.0,9.67741935483871,DAY,LGA,646,13.765182186234817,59.69118151664189
SLC -> DEN,6184,38,391.0,0.6144890038809833,SLC,DEN,647,13.786490517792457,59.73464485874413
ORD -> SLC,2600,38,1250.0,1.4615384615384615,ORD,SLC,648,13.807798849350094,59.77810820084639
TPA -> DFW,2500,38,929.0,1.52,TPA,DFW,649,13.829107180907735,59.82157154294865
DEN -> BOS,2407,38,1754.0,1.578728707935189,DEN,BOS,650,13.850415512465375,59.865034885050896
DAL -> MDW,1980,38,793.0,1.9191919191919191,DAL,MDW,651,13.871723844023013,59.90849822715315
ORD -> IAD,1940,38,588.8561855670104,1.958762886597938,ORD,IAD,652,13.893032175580652,59.95196156925541
BUF -> BWI,1808,38,281.0,2.101769911504425,BUF,BWI,653,13.91434050713829,59.99542491135765
ALB -> BWI,1701,38,289.0,2.2339800117577897,ALB,BWI,654,13.93564883869593,60.03888825345991
EWR -> CLE,1593,38,404.0,2.3854362837413685,EWR,CLE,655,13.95695717025357,60.082351595562166
CLE -> DFW,1569,38,1021.0,2.421924792861695,CLE,DFW,656,13.978265501811208,60.125814937664416
CAK -> ORD,1237,38,343.0,3.0719482619240095,CAK,ORD,657,13.999573833368848,60.16927827976667
PNS -> DFW,1156,38,604.0,3.2871972318339098,PNS,DFW,658,14.020882164926487,60.21274162186893
MGM -> DFW,969,38,622.0,3.9215686274509802,MGM,DFW,659,14.042190496484125,60.25620496397117
JFK -> IAD,951,38,228.0,3.995793901156677,JFK,IAD,660,14.063498828041766,60.29966830607343
IAD -> JFK,950,38,228.0,4.0,IAD,JFK,661,14.084807159599402,60.343131648175685
OMA -> EWR,619,38,1134.0,6.138933764135703,OMA,EWR,662,14.106115491157043,60.38659499027794
BTV -> EWR,542,38,266.0,7.011070110701106,BTV,EWR,663,14.127423822714682,60.430058332380185
GRR -> EWR,488,38,605.0,7.786885245901639,GRR,EWR,664,14.14873215427232,60.47352167448244
ATL -> MCO,8202,37,404.0,0.45110948549134355,ATL,MCO,665,14.17004048582996,60.51584124442411
ATL -> CLT,6306,37,226.0,0.5867427846495401,ATL,CLT,666,14.191348817387597,60.55816081436578
DEN -> SLC,5859,37,391.0,0.6315070831199863,DEN,SLC,667,14.212657148945237,60.600480384307446
SFO -> DEN,5066,37,967.0,0.7303592577970786,SFO,DEN,668,14.233965480502878,60.642799954249114
CLT -> BWI,3378,37,361.0,1.0953226761397277,CLT,BWI,669,14.255273812060516,60.68511952419078
BOS -> MCO,2852,37,1121.0,1.2973352033660588,BOS,MCO,670,14.276582143618155,60.72743909413245
MDW -> LAS,2748,37,1521.0,1.346433770014556,MDW,LAS,671,14.297890475175793,60.76975866407411
MIA -> PHL,2663,37,1013.0,1.3894104393541118,MIA,PHL,672,14.319198806733432,60.812078234015786
TUL -> IAH,1800,37,429.0,2.055555555555556,TUL,IAH,673,14.340507138291073,60.85439780395745
RSW -> BOS,1634,37,1249.0,2.2643818849449207,RSW,BOS,674,14.36181546984871,60.89671737389912
SFO -> BUR,1581,37,326.0,2.340290955091714,SFO,BUR,675,14.38312380140635,60.93903694384078
BOS -> MDW,1391,37,861.0,2.659956865564342,BOS,MDW,676,14.40443213296399,60.98135651378246
HOU -> DCA,1253,37,1218.0,2.9529130087789306,HOU,DCA,677,14.425740464521628,61.02367608372412
JFK -> PWM,1180,37,273.0,3.1355932203389827,JFK,PWM,678,14.447048796079267,61.065995653665794
SAF -> DFW,974,37,551.0,3.798767967145791,SAF,DFW,679,14.468357127636905,61.108315223607455
JAX -> EWR,913,37,820.0,4.052573932092004,JAX,EWR,680,14.489665459194544,61.15063479354913
DSM -> DFW,859,37,624.0,4.307334109429569,DSM,DFW,681,14.510973790752185,61.19295436349079
DFW -> GRR,770,37,931.0,4.805194805194805,DFW,GRR,682,14.532282122309823,61.23527393343245
ROC -> EWR,725,37,246.0,5.103448275862069,ROC,EWR,683,14.553590453867463,61.27759350337413
SAV -> EWR,660,37,708.0,5.606060606060606,SAV,EWR,684,14.5748987854251,61.31991307331579
ATL -> RDU,4717,36,356.0,0.7631969472122111,ATL,RDU,685,14.59620711698274,61.36108887109688
RDU -> ATL,4712,36,356.0,0.7640067911714771,RDU,ATL,686,14.61751544854038,61.40226466887796
SAN -> ORD,2680,36,1723.0,1.3432835820895521,SAN,ORD,687,14.638823780098017,61.44344046665904
BOS -> DEN,2398,36,1754.0,1.5012510425354462,BOS,DEN,688,14.660132111655658,61.48461626444013
ORD -> PDX,2149,36,1739.0,1.675197766402978,ORD,PDX,689,14.681440443213297,61.52579206222121
LGA -> MSP,2144,36,1020.0,1.6791044776119404,LGA,MSP,690,14.702748774770935,61.566967860002286
BOS -> IAD,2020,36,413.0,1.782178217821782,BOS,IAD,691,14.724057106328575,61.608143657783366
BWI -> RDU,1952,36,255.0,1.8442622950819672,BWI,RDU,692,14.745365437886212,61.64931945556445
BWI -> BUF,1803,36,281.0,1.9966722129783694,BWI,BUF,693,14.766673769443853,61.69049525334553
LAS -> EWR,1728,36,2227.0,2.083333333333333,LAS,EWR,694,14.787982101001493,61.73167105112661
MEM -> IAH,1691,36,468.0,2.1289178001182734,MEM,IAH,695,14.80929043255913,61.77284684890769
BOS -> RSW,1634,36,1249.0,2.203182374541004,BOS,RSW,696,14.83059876411677,61.814022646688784
RDU -> DFW,1611,36,1061.0,2.2346368715083798,RDU,DFW,697,14.851907095674408,61.85519844446986
SFO -> RNO,1606,36,192.0,2.2415940224159403,SFO,RNO,698,14.873215427232047,61.89637424225094
MAF -> DAL,1522,36,319.0,2.3653088042049935,MAF,DAL,699,14.894523758789688,61.93755004003203
DAL -> MAF,1516,36,319.0,2.3746701846965697,DAL,MAF,700,14.915832090347326,61.97872583781311
CMH -> DFW,1511,36,926.0,2.382528127068167,CMH,DFW,701,14.937140421904965,62.01990163559419
OMA -> DFW,1363,36,583.0,2.641232575201761,OMA,DFW,702,14.958448753462603,62.06107743337527
SYR -> JFK,1015,36,209.0,3.5467980295566504,SYR,JFK,703,14.979757085020243,62.102253231156354
DFW -> MOB,964,36,539.0,3.7344398340248963,DFW,MOB,704,15.001065416577882,62.14342902893743
RDU -> EWR,860,36,416.0,4.186046511627907,RDU,EWR,705,15.02237374813552,62.18460482671851
DFW -> LEX,776,36,785.0,4.639175257731959,DFW,LEX,706,15.043682079693161,62.225780624499606
EWR -> GRR,364,36,605.0,9.89010989010989,EWR,GRR,707,15.0649904112508,62.266956422280686
SFO -> PHX,4856,35,651.0,0.7207578253706755,SFO,PHX,708,15.086298742808438,62.306988447901176
SNA -> PHX,3846,35,338.0,0.9100364014560581,SNA,PHX,709,15.107607074366078,62.347020473521674
IAD -> SFO,3620,35,2419.0,0.9668508287292817,IAD,SFO,710,15.128915405923715,62.38705249914217
MIA -> IAH,2884,35,964.0,1.2135922330097086,MIA,IAH,711,15.150223737481355,62.42708452476266
PHL -> TPA,2425,35,920.0,1.443298969072165,PHL,TPA,712,15.171532069038996,62.46711655038316
SNA -> ORD,2167,35,1726.0,1.6151361329026301,SNA,ORD,713,15.192840400596634,62.50714857600366
EWR -> PHX,2103,35,2133.0,1.6642891107941038,EWR,PHX,714,15.214148732154273,62.547180601624156
IAD -> BOS,2019,35,413.0,1.733531451213472,IAD,BOS,715,15.23545706371191,62.58721262724465
BOS -> IAH,1678,35,1597.0,2.0858164481525625,BOS,IAH,716,15.25676539526955,62.627244652865144
DFW -> RDU,1611,35,1061.0,2.1725636250775917,DFW,RDU,717,15.278073726827191,62.66727667848565
IAH -> BRO,1303,35,308.0,2.686108979278588,IAH,BRO,718,15.299382058384827,62.70730870410615
ORD -> CAK,1239,35,343.0,2.824858757062147,ORD,CAK,719,15.320690389942468,62.747340729726645
RSW -> JFK,1229,35,1074.0,2.8478437754271764,RSW,JFK,720,15.341998721500104,62.787372755347135
MHK -> DFW,985,35,431.0,3.5532994923857872,MHK,DFW,721,15.363307053057746,62.82740478096763
DFW -> DSM,857,35,624.0,4.084014002333722,DFW,DSM,722,15.384615384615385,62.86743680658813
ICT -> DFW,805,35,328.0,4.3478260869565215,ICT,DFW,723,15.405923716173023,62.90746883220862
EWR -> SAV,662,35,708.0,5.287009063444108,EWR,SAV,724,15.427232047730662,62.94750085782912
ALO -> ORD,617,35,234.0,5.6726094003241485,ALO,ORD,725,15.448540379288303,62.98753288344962
LGA -> CHO,395,35,305.0,8.860759493670885,LGA,CHO,726,15.469848710845941,63.02756490907011
CLT -> ATL,6307,34,226.0,0.5390835579514826,CLT,ATL,727,15.49115704240358,63.066453162530024
DFW -> TPA,2500,34,929.0,1.3599999999999999,DFW,TPA,728,15.512465373961218,63.10534141598993
ORD -> SNA,2164,34,1726.0,1.5711645101663587,ORD,SNA,729,15.533773705518858,63.14422966944985
MSP -> LGA,2146,34,1020.0,1.5843429636533086,MSP,LGA,730,15.555082037076499,63.18311792290976
AUS -> IAH,2079,34,140.0,1.6354016354016354,AUS,IAH,731,15.576390368634135,63.222006176369675
IAH -> AUS,2035,34,140.0,1.6707616707616706,IAH,AUS,732,15.597698700191776,63.26089442982957
MCO -> PVD,2032,34,1072.0,1.673228346456693,MCO,PVD,733,15.619007031749414,63.299782683289486
TPA -> LGA,1947,34,1010.0,1.7462763225475089,TPA,LGA,734,15.640315363307053,63.338670936749395
CLE -> BOS,1819,34,563.0,1.8691588785046727,CLE,BOS,735,15.661623694864693,63.37755919020931
ORD -> JFK,1577,34,740.0,2.155992390615092,ORD,JFK,736,15.68293202642233,63.41644744366922
DFW -> CLE,1568,34,1021.0,2.1683673469387754,DFW,CLE,737,15.70424035797997,63.45533569712914
SBA -> LAX,1460,34,89.0,2.328767123287671,SBA,LAX,738,15.725548689537607,63.494223950589046
DFW -> OMA,1362,34,583.0,2.4963289280469896,DFW,OMA,739,15.746857021095249,63.53311220404896
DFW -> PNS,1155,34,604.0,2.943722943722944,DFW,PNS,740,15.768165352652888,63.57200045750886
MLU -> DFW,959,34,293.0,3.5453597497393115,MLU,DFW,741,15.789473684210526,63.61088871096877
DFW -> MLU,958,34,293.0,3.549060542797495,DFW,MLU,742,15.810782015768165,63.64977696442868
LAN -> ORD,877,34,179.0,3.8768529076396807,LAN,ORD,743,15.832090347325806,63.6886652178886
ORD -> CHO,869,34,566.7928653624856,3.9125431530494823,ORD,CHO,744,15.853398678883442,63.72755347134851
GSP -> EWR,694,34,594.0,4.899135446685879,GSP,EWR,745,15.874707010441083,63.76644172480842
HSV -> ORD,592,34,510.0,5.743243243243244,HSV,ORD,746,15.896015341998721,63.80532997826833
MSP -> DEN,5508,33,680.0,0.5991285403050108,MSP,DEN,747,15.91732367355636,63.84307445956765
DEN -> MSP,5504,33,680.0,0.5995639534883721,DEN,MSP,748,15.938632005114,63.88081894086698
PHX -> SFO,4863,33,651.0,0.6785934608266502,PHX,SFO,749,15.959940336671638,63.91856342216631
SAT -> DAL,3059,33,248.0,1.0787839163125206,SAT,DAL,750,15.981248668229279,63.95630790346563
ORD -> FLL,2531,33,1182.0,1.3038324772817067,ORD,FLL,751,16.002556999786915,63.994052384764956
IAH -> PHL,2178,33,1325.0,1.5151515151515151,IAH,PHL,752,16.023865331344556,64.03179686606428
SMF -> BUR,2092,33,358.0,1.577437858508604,SMF,BUR,753,16.045173662902197,64.0695413473636
RDU -> ORD,1950,33,646.0,1.6923076923076923,RDU,ORD,754,16.06648199445983,64.10728582866292
BOS -> CLE,1831,33,563.0,1.8022938285090113,BOS,CLE,755,16.087790326017473,64.14503030996227
OMA -> MDW,1677,33,423.0,1.9677996422182469,OMA,MDW,756,16.10909865757511,64.18277479126158
BOS -> PBI,1606,33,1197.0,2.054794520547945,BOS,PBI,757,16.13040698913275,64.2205192725609
PBI -> BOS,1606,33,1197.0,2.054794520547945,PBI,BOS,758,16.15171532069039,64.25826375386023
IND -> DFW,1593,33,761.0,2.0715630885122414,IND,DFW,759,16.173023652248027,64.29600823515955
JFK -> ORD,1574,33,740.0,2.096569250317662,JFK,ORD,760,16.194331983805668,64.33375271645887
ONT -> DFW,1441,33,1188.0,2.2900763358778624,ONT,DFW,761,16.21564031536331,64.3714971977582
HPN -> MCO,1245,33,972.0,2.6506024096385543,HPN,MCO,762,16.236948646920947,64.40924167905753
MAF -> DEN,1088,33,563.0,3.0330882352941178,MAF,DEN,763,16.258256978478585,64.44698616035686
LBB -> IAH,1067,33,458.0,3.0927835051546393,LBB,IAH,764,16.279565310036222,64.48473064165618
JFK -> SYR,1016,33,209.0,3.2480314960629917,JFK,SYR,765,16.300873641593864,64.5224751229555
DFW -> MKE,1011,33,853.0,3.2640949554896146,DFW,MKE,766,16.322181973151505,64.56021960425483
MKE -> DFW,1010,33,853.0,3.2673267326732676,MKE,DFW,767,16.343490304709142,64.59796408555417
DFW -> GPT,933,33,500.0,3.536977491961415,DFW,GPT,768,16.36479863626678,64.63570856685348
LCH -> DFW,782,33,295.0,4.219948849104859,LCH,DFW,769,16.386106967824418,64.67345304815281
EAU -> ORD,668,33,268.18263473053895,4.940119760479042,EAU,ORD,770,16.40741529938206,64.71119752945214
JLN -> DFW,666,33,327.0,4.954954954954955,JLN,DFW,771,16.428723630939697,64.74894201075145
COU -> DFW,660,33,489.0,5.0,COU,DFW,772,16.450031962497334,64.78668649205078
MHK -> ORD,649,33,501.0,5.084745762711865,MHK,ORD,773,16.471340294054976,64.8244309733501
LGA -> IAD,205,33,229.0,16.097560975609756,LGA,IAD,774,16.492648625612617,64.86217545464943
PHX -> SAN,5105,32,304.0,0.6268364348677766,PHX,SAN,775,16.513956957170254,64.89877616378817
IAD -> LAX,3606,32,2288.0,0.8874098724348309,IAD,LAX,776,16.535265288727892,64.93537687292691
IAH -> SFO,3439,32,1635.0,0.9305030532131433,IAH,SFO,777,16.55657362028553,64.97197758206565
SFO -> IAH,3426,32,1635.0,0.9340338587273789,SFO,IAH,778,16.57788195184317,65.00857829120439
IAD -> DEN,3100,32,1452.0,1.032258064516129,IAD,DEN,779,16.599190283400812,65.04517900034314
LAS -> MDW,2722,32,1521.0,1.1756061719324025,LAS,MDW,780,16.62049861495845,65.08177970948186
SNA -> SJC,2705,32,342.0,1.1829944547134934,SNA,SJC,781,16.641806946516088,65.11838041862062
PHL -> MIA,2661,32,1013.0,1.2025554302893648,PHL,MIA,782,16.663115278073725,65.15498112775934
TPA -> PHL,2382,32,920.0,1.343408900083963,TPA,PHL,783,16.684423609631367,65.1915818368981
PHX -> JFK,2327,32,2153.0,1.3751611516974647,PHX,JFK,784,16.705731941189008,65.22818254603683
IAH -> SAT,2312,32,191.0,1.384083044982699,IAH,SAT,785,16.727040272746642,65.26478325517557
LAS -> PHL,2147,32,2176.0,1.4904517931998138,LAS,PHL,786,16.748348604304283,65.30138396431431
OKC -> DEN,1754,32,495.0,1.8244013683010263,OKC,DEN,787,16.76965693586192,65.33798467345305
IAH -> BOS,1675,32,1597.0,1.9104477611940298,IAH,BOS,788,16.790965267419562,65.37458538259179
RDU -> BOS,1526,32,612.0,2.0969855832241153,RDU,BOS,789,16.8122735989772,65.41118609173053
MOB -> IAH,1513,32,427.0,2.1150033046926633,MOB,IAH,790,16.833581930534837,65.44778680086927
IAH -> LBB,1067,32,458.0,2.999062792877226,IAH,LBB,791,16.85489026209248,65.484387510008
DCA -> BNA,986,32,562.0,3.2454361054766734,DCA,BNA,792,16.87619859365012,65.52098821914674
DFW -> MHK,985,32,431.0,3.248730964467005,DFW,MHK,793,16.897506925207757,65.55758892828548
GSP -> ORD,829,32,577.7840772014475,3.8600723763570564,GSP,ORD,794,16.918815256765395,65.59418963742422
MHT -> EWR,700,32,209.0,4.571428571428571,MHT,EWR,795,16.940123588323033,65.63079034656296
MCI -> EWR,633,32,1092.0,5.055292259083728,MCI,EWR,796,16.961431919880674,65.66739105570171
ORD -> ALO,618,32,234.0,5.177993527508091,ORD,ALO,797,16.982740251438315,65.70399176484044
JFK -> BWI,333,32,184.0,9.60960960960961,JFK,BWI,798,17.00404858299595,65.74059247397919
SAN -> DEN,4189,31,853.0,0.7400334208641681,SAN,DEN,799,17.02535691455359,65.77604941095734
DEN -> IAD,3171,31,1452.0,0.9776095868811101,DEN,IAD,800,17.04666524611123,65.81150634793549
DAL -> SAT,3031,31,248.0,1.022764764104256,DAL,SAT,801,17.06797357766887,65.84696328491364
SJC -> SNA,2710,31,342.0,1.1439114391143912,SJC,SNA,802,17.089281909226507,65.8824202218918
TPA -> ORD,2427,31,1012.0,1.277297074577668,TPA,ORD,803,17.110590240784145,65.91787715886996
MDW -> PHX,2259,31,1444.0,1.3722886232846392,MDW,PHX,804,17.131898572341786,65.9533340958481
BNA -> DEN,2008,31,1014.0,1.543824701195219,BNA,DEN,805,17.153206903899424,65.98879103282627
FLL -> PHL,1915,31,992.0,1.618798955613577,FLL,PHL,806,17.174515235457065,66.02424796980442
LIT -> IAH,1784,31,374.0,1.7376681614349778,LIT,IAH,807,17.195823567014703,66.05970490678257
BWI -> DFW,1773,31,1217.0,1.7484489565707841,BWI,DFW,808,17.21713189857234,66.09516184376072
DFW -> IND,1594,31,761.0,1.944792973651192,DFW,IND,809,17.23844023012998,66.13061878073889
AUS -> JFK,1589,31,1521.0,1.9509125235997484,AUS,JFK,810,17.259748561687623,66.16607571771704
DFW -> CMH,1511,31,926.0,2.0516214427531434,DFW,CMH,811,17.281056893245257,66.20153265469519
MFR -> SFO,1298,31,329.0,2.3882896764252695,MFR,SFO,812,17.302365224802898,66.23698959167334
SFO -> MFR,1296,31,329.0,2.391975308641975,SFO,MFR,813,17.323673556360536,66.2724465286515
JFK -> RSW,1230,31,1074.0,2.5203252032520327,JFK,RSW,814,17.344981887918177,66.30790346562965
JFK -> ROC,1102,31,264.0,2.813067150635209,JFK,ROC,815,17.366290219475815,66.3433604026078
ROC -> JFK,1102,31,264.0,2.813067150635209,ROC,JFK,816,17.387598551033452,66.37881733958595
SBP -> SFO,1043,31,190.0,2.972195589645254,SBP,SFO,817,17.408906882591094,66.41427427656411
BNA -> DCA,992,31,562.0,3.125,BNA,DCA,818,17.43021521414873,66.44973121354226
RDU -> PHL,855,31,337.0,3.625730994152047,RDU,PHL,819,17.451523545706372,66.48518815052041
ORF -> ORD,831,31,717.0,3.730445246690734,ORF,ORD,820,17.47283187726401,66.52064508749858
DFW -> ICT,805,31,328.0,3.8509316770186333,DFW,ICT,821,17.494140208821648,66.55610202447673
MYR -> LGA,668,31,563.0,4.640718562874251,MYR,LGA,822,17.51544854037929,66.59155896145488
EWR -> MCI,659,31,1092.0,4.704097116843703,EWR,MCI,823,17.536756871936927,66.62701589843303
COU -> ORD,648,31,315.0,4.78395061728395,COU,ORD,824,17.558065203494564,66.6624728354112
LGA -> XNA,514,31,1147.0,6.031128404669261,LGA,XNA,825,17.579373535052206,66.69792977238934
PVD -> EWR,357,31,160.0,8.683473389355742,PVD,EWR,826,17.600681866609843,66.7333867093675
JFK -> CVG,334,31,589.0,9.281437125748502,JFK,CVG,827,17.621990198167484,66.76884364634564
IAD -> LGA,205,31,229.0,15.121951219512194,IAD,LGA,828,17.643298529725122,66.80430058332381
ANC -> SEA,6383,30,1448.0,0.4699984333385555,ANC,SEA,829,17.66460686128276,66.83861374814137
OAK -> LAS,3493,30,407.0,0.8588605782994561,OAK,LAS,830,17.6859151928404,66.87292691295895
DCA -> TPA,2686,30,814.0,1.1169024571854058,DCA,TPA,831,17.70722352439804,66.9072400777765
AUS -> LAX,2597,30,1242.0,1.1551790527531767,AUS,LAX,832,17.72853185595568,66.94155324259408
PDX -> ORD,2164,30,1739.0,1.3863216266173752,PDX,ORD,833,17.749840187513318,66.97586640741164
TPA -> EWR,2101,30,997.0,1.4278914802475011,TPA,EWR,834,17.771148519070955,67.0101795722292
ORD -> RDU,1894,30,646.0,1.583949313621964,ORD,RDU,835,17.792456850628596,67.04449273704678
ABQ -> LAX,1834,30,677.0,1.6357688113413305,ABQ,LAX,836,17.813765182186234,67.07880590186434
IAH -> MEM,1733,30,468.0,1.7311021350259663,IAH,MEM,837,17.835073513743875,67.11311906668192
ROA -> ATL,1496,30,357.0,2.0053475935828877,ROA,ATL,838,17.856381845301513,67.14743223149948
MSY -> EWR,1094,30,1167.0,2.742230347349177,MSY,EWR,839,17.87769017685915,67.18174539631705
ORD -> BHM,1014,30,584.0,2.9585798816568047,ORD,BHM,840,17.898998508416792,67.21605856113462
BHM -> ORD,1011,30,584.0,2.967359050445104,BHM,ORD,841,17.92030683997443,67.25037172595219
DFW -> MGM,969,30,622.0,3.0959752321981426,DFW,MGM,842,17.941615171532067,67.28468489076977
EWR -> HOU,870,30,1411.0,3.4482758620689653,EWR,HOU,843,17.96292350308971,67.31899805558733
DFW -> LCH,782,30,295.0,3.8363171355498724,DFW,LCH,844,17.984231834647346,67.3533112204049
ORD -> ROA,780,30,531.0,3.8461538461538463,ORD,ROA,845,18.005540166204987,67.38762438522247
ORD -> EAU,668,30,268.18263473053895,4.491017964071856,ORD,EAU,846,18.026848497762625,67.42193755004003
ORD -> MHK,649,30,501.0,4.622496147919876,ORD,MHK,847,18.048156829320263,67.4562507148576
DEN -> LBB,617,30,456.0,4.862236628849271,DEN,LBB,848,18.069465160877904,67.49056387967516
ORD -> CRW,576,30,416.0,5.208333333333334,ORD,CRW,849,18.09077349243554,67.52487704449274
CMH -> JFK,568,30,483.0,5.28169014084507,CMH,JFK,850,18.112081823993183,67.5591902093103
XNA -> LGA,513,30,1147.0,5.847953216374268,XNA,LGA,851,18.13339015555082,67.59350337412788
SEA -> ORD,3950,29,1721.0,0.7341772151898734,SEA,ORD,852,18.15469848710846,67.62667276678485
SFO -> IAD,3478,29,2419.0,0.8338125359401954,SFO,IAD,853,18.1760068186661,67.65984215944184
LAS -> OAK,3455,29,407.0,0.8393632416787264,LAS,OAK,854,18.197315150223737,67.69301155209882
CLT -> DCA,2456,29,331.0,1.1807817589576548,CLT,DCA,855,18.218623481781375,67.72618094475581
DAL -> MSY,2410,29,436.0,1.203319502074689,DAL,MSY,856,18.239931813339016,67.75935033741278
BDL -> ATL,2341,29,859.0,1.2387868432293891,BDL,ATL,857,18.261240144896654,67.79251973006977
BWI -> TPA,2177,29,842.0,1.3321084060633899,BWI,TPA,858,18.282548476454295,67.82568912272676
DEN -> PHL,2131,29,1558.0,1.360863444392304,DEN,PHL,859,18.303856808011933,67.85885851538373
HNL -> SFO,2065,29,2398.0,1.4043583535108959,HNL,SFO,860,18.32516513956957,67.89202790804072
DTW -> IAH,2010,29,1075.0,1.4427860696517412,DTW,IAH,861,18.34647347112721,67.9251973006977
PHL -> FLL,1907,29,992.0,1.5207131620346093,PHL,FLL,862,18.36778180268485,67.95836669335469
DEN -> OKC,1804,29,495.0,1.6075388026607538,DEN,OKC,863,18.38909013424249,67.99153608601166
BDL -> MCO,1667,29,1050.0,1.7396520695860829,BDL,MCO,864,18.410398465800128,68.02470547866865
BHM -> IAH,1590,29,562.0,1.8238993710691824,BHM,IAH,865,18.431706797357766,68.05787487132562
SHV -> IAH,1473,29,192.0,1.9687712152070607,SHV,IAH,866,18.453015128915407,68.09104426398261
DFW -> ONT,1441,29,1188.0,2.012491325468425,DFW,ONT,867,18.474323460473045,68.1242136566396
IAD -> IAH,1399,29,1190.0,2.0729092208720514,IAD,IAH,868,18.495631792030682,68.15738304929658
LAX -> SBP,1372,29,156.0,2.1137026239067054,LAX,SBP,869,18.516940123588324,68.19055244195357
MCO -> HPN,1246,29,972.0,2.327447833065811,MCO,HPN,870,18.53824845514596,68.22372183461054
MDW -> SDF,1159,29,271.0,2.5021570319240722,MDW,SDF,871,18.559556786703602,68.25689122726753
DEN -> MAF,1087,29,563.0,2.667893284268629,DEN,MAF,872,18.58086511826124,68.2900606199245
DCA -> MKE,974,29,634.0,2.97741273100616,DCA,MKE,873,18.602173449818878,68.32323001258149
HOU -> LGA,937,29,1428.0,3.0949839914621133,HOU,LGA,874,18.62348178137652,68.35639940523848
PIA -> DFW,929,29,672.0,3.1216361679224973,PIA,DFW,875,18.644790112934157,68.38956879789546
ROA -> ORD,781,29,531.0,3.713188220230474,ROA,ORD,876,18.666098444491798,68.42273819055245
SUX -> ORD,620,29,436.0,4.67741935483871,SUX,ORD,877,18.687406776049436,68.45590758320942
IAH -> HOB,571,29,501.0,5.078809106830122,IAH,HOB,878,18.708715107607073,68.4890769758664
PIT -> EWR,428,29,319.0,6.775700934579438,PIT,EWR,879,18.730023439164714,68.52224636852338
ASE -> IAH,415,29,913.0,6.987951807228916,ASE,IAH,880,18.751331770722352,68.55541576118037
DVL -> JMS,285,29,83.0,10.175438596491228,DVL,JMS,881,18.772640102279993,68.58858515383736
HNL -> OGG,8282,28,100.0,0.33808258874667957,HNL,OGG,882,18.79394843383763,68.62061077433376
DEN -> SEA,5139,28,1024.0,0.5448530842576377,DEN,SEA,883,18.81525676539527,68.65263639483015
SEA -> DEN,5099,28,1024.0,0.5491272798587958,SEA,DEN,884,18.83656509695291,68.68466201532655
ORD -> SEA,3932,28,1721.0,0.7121057985757884,ORD,SEA,885,18.857873428510548,68.71668763582295
TPA -> CLT,2899,28,507.0,0.9658502932045532,TPA,CLT,886,18.879181760068185,68.74871325631933
IAH -> MIA,2883,28,964.0,0.9712105445716268,IAH,MIA,887,18.900490091625826,68.78073887681573
IAH -> MSY,2758,28,305.0,1.015228426395939,IAH,MSY,888,18.921798423183464,68.81276449731214
TPA -> DCA,2684,28,814.0,1.0432190760059614,TPA,DCA,889,18.943106754741105,68.84479011780853
ORD -> TPA,2434,28,1012.0,1.1503697617091209,ORD,TPA,890,18.964415086298743,68.87681573830493
PHX -> MDW,2256,28,1444.0,1.2411347517730498,PHX,MDW,891,18.98572341785638,68.90884135880133
PHL -> IAH,2176,28,1325.0,1.2867647058823528,PHL,IAH,892,19.007031749414022,68.94086697929772
PHL -> LAS,2148,28,2176.0,1.303538175046555,PHL,LAS,893,19.02834008097166,68.97289259979412
PHX -> EWR,2106,28,2133.0,1.3295346628679963,PHX,EWR,894,19.0496484125293,69.00491822029052
BUR -> SMF,2102,28,358.0,1.3320647002854424,BUR,SMF,895,19.07095674408694,69.03694384078692
PDX -> DFW,1834,28,1616.0,1.5267175572519083,PDX,DFW,896,19.092265075644576,69.06896946128332
DFW -> BWI,1774,28,1217.0,1.5783540022547913,DFW,BWI,897,19.113573407202217,69.10099508177971
BOS -> RDU,1530,28,612.0,1.8300653594771243,BOS,RDU,898,19.134881738759855,69.1330207022761
SJC -> DFW,1511,28,1438.0,1.8530774321641297,SJC,DFW,899,19.156190070317493,69.16504632277251
IAH -> SHV,1470,28,192.0,1.9047619047619049,IAH,SHV,900,19.177498401875134,69.19707194326891
LAX -> SBA,1459,28,89.0,1.9191226867717615,LAX,SBA,901,19.19880673343277,69.2290975637653
IAH -> PNS,1419,28,489.0,1.9732205778717407,IAH,PNS,902,19.220115064990413,69.26112318426169
DCA -> CLE,1385,28,310.0,2.0216606498194944,DCA,CLE,903,19.24142339654805,69.29314880475809
IAD -> DFW,1343,28,1172.0,2.084884586746091,IAD,DFW,904,19.26273172810569,69.32517442525449
GPT -> IAH,1257,28,376.0,2.2275258552108195,GPT,IAH,905,19.28404005966333,69.35720004575089
PVD -> CLT,1053,28,683.0,2.6590693257359925,PVD,CLT,906,19.305348391220967,69.38922566624728
DFW -> SAF,973,28,551.0,2.877697841726619,DFW,SAF,907,19.32665672277861,69.42125128674368
CAE -> DFW,965,28,922.0,2.901554404145078,CAE,DFW,908,19.347965054336242,69.45327690724008
JAX -> JFK,964,28,828.0,2.904564315352697,JAX,JFK,909,19.369273385893884,69.48530252773647
MDW -> PVD,892,28,842.0,3.1390134529147984,MDW,PVD,910,19.390581717451525,69.51732814823288
MDW -> BDL,890,28,777.0,3.146067415730337,MDW,BDL,911,19.411890049009163,69.54935376872928
PVD -> MDW,890,28,842.0,3.146067415730337,PVD,MDW,912,19.4331983805668,69.58137938922566
GGG -> DFW,643,28,140.0,4.354587869362364,GGG,DFW,913,19.45450671212444,69.61340500972206
ORD -> HSV,628,28,510.0,4.45859872611465,ORD,HSV,914,19.47581504368208,69.64543063021847
JFK -> BNA,334,28,765.0,8.383233532934131,JFK,BNA,915,19.49712337523972,69.67745625071485
LAX -> SEA,7732,27,954.0,0.34919813760993273,LAX,SEA,916,19.518431706797358,69.70833809905066
ATL -> FLL,7419,27,581.0,0.3639304488475536,ATL,FLL,917,19.539740038354996,69.73921994738647
FLL -> ATL,7411,27,581.0,0.364323303197949,FLL,ATL,918,19.561048369912637,69.7701017957223
ATL -> TPA,7076,27,406.0,0.38157150932730355,ATL,TPA,919,19.582356701470275,69.8009836440581
LAX -> ATL,5673,27,1947.0,0.47593865679534636,LAX,ATL,920,19.603665033027916,69.83186549239392
LAX -> HNL,5238,27,2556.0,0.5154639175257731,LAX,HNL,921,19.62497336458555,69.86274734072973
SFO -> PDX,4197,27,550.0,0.6433166547533953,SFO,PDX,922,19.64628169614319,69.89362918906554
ATL -> RIC,3572,27,481.0,0.7558790593505039,ATL,RIC,923,19.667590027700832,69.92451103740134
DEN -> SNA,3353,27,846.0,0.8052490307187594,DEN,SNA,924,19.68889835925847,69.95539288573717
MSY -> IAH,2681,27,305.0,1.0070869078701976,MSY,IAH,925,19.710206690816108,69.98627473407298
ORD -> SAN,2673,27,1723.0,1.0101010101010102,ORD,SAN,926,19.731515022373745,70.01715658240877
FLL -> ORD,2534,27,1182.0,1.0655090765588004,FLL,ORD,927,19.752823353931387,70.0480384307446
SAT -> IAH,2303,27,191.0,1.1723838471558836,SAT,IAH,928,19.774131685489028,70.0789202790804
STL -> DAL,2120,27,546.0,1.2735849056603774,STL,DAL,929,19.795440017046666,70.10980212741622
EWR -> TPA,2110,27,997.0,1.2796208530805688,EWR,TPA,930,19.816748348604303,70.14068397575203
DEN -> BNA,2074,27,1014.0,1.3018322082931533,DEN,BNA,931,19.838056680161944,70.17156582408785
IAH -> DTW,1918,27,1075.0,1.407716371220021,IAH,DTW,932,19.859365011719582,70.20244767242365
BOS -> MSP,1821,27,1124.0,1.4827018121911038,BOS,MSP,933,19.880673343277223,70.23332952075947
PHF -> ATL,1260,27,508.0,2.142857142857143,PHF,ATL,934,19.90198167483486,70.26421136909528
MKE -> DCA,973,27,634.0,2.774922918807811,MKE,DCA,935,19.9232900063925,70.29509321743109
DFW -> CAE,965,27,922.0,2.7979274611398965,DFW,CAE,936,19.94459833795014,70.3259750657669
DFW -> PIA,929,27,672.0,2.906350914962325,DFW,PIA,937,19.965906669507778,70.3568569141027
ORD -> ABE,666,27,654.1906906906906,4.054054054054054,ORD,ABE,938,19.987215001065415,70.38773876243852
ORD -> COU,648,27,315.0,4.166666666666666,ORD,COU,939,20.008523332623053,70.41862061077433
ORD -> SUX,620,27,436.0,4.354838709677419,ORD,SUX,940,20.029831664180694,70.44950245911015
EWR -> OMA,579,27,1134.0,4.66321243523316,EWR,OMA,941,20.051139995738335,70.48038430744596
SAV -> LGA,430,27,722.0,6.279069767441861,SAV,LGA,942,20.072448327295973,70.51126615578177
LGA -> CAE,423,27,617.0,6.382978723404255,LGA,CAE,943,20.09375665885361,70.54214800411758
EWR -> SBN,327,27,637.0,8.256880733944955,EWR,SBN,944,20.115064990411252,70.5730298524534
MSN -> EWR,327,27,799.0,8.256880733944955,MSN,EWR,945,20.13637332196889,70.6039117007892
MSY -> ATL,5593,26,425.0,0.464866797782943,MSY,ATL,946,20.15768165352653,70.63364977696442
ATL -> IAH,3806,26,689.0,0.6831318970047293,ATL,IAH,947,20.17898998508417,70.66338785313965
RIC -> ATL,3572,26,481.0,0.7278835386338186,RIC,ATL,948,20.200298316641806,70.69312592931489
DTW -> CLT,3086,26,500.0,0.8425145819831497,DTW,CLT,949,20.221606648199447,70.72286400549011
CHA -> ATL,2711,26,106.0,0.9590556990040575,CHA,ATL,950,20.242914979757085,70.75260208166533
MSP -> PHL,2372,26,980.0,1.0961214165261384,MSP,PHL,951,20.264223311314726,70.78234015784057
TPA -> BWI,2182,26,842.0,1.1915673693858846,TPA,BWI,952,20.28553164287236,70.81207823401579
PSP -> SFO,2145,26,421.0,1.2121212121212122,PSP,SFO,953,20.30683997443,70.841816310191
RDU -> CLT,2128,26,130.0,1.2218045112781954,RDU,CLT,954,20.328148305987643,70.87155438636623
SHV -> ATL,2032,26,551.0,1.279527559055118,SHV,ATL,955,20.34945663754528,70.90129246254146
DFW -> PDX,1832,26,1616.0,1.4192139737991267,DFW,PDX,956,20.37076496910292,70.93103053871668
TPA -> IAH,1778,26,787.0,1.4623172103487065,TPA,IAH,957,20.392073300660556,70.96076861489192
MDW -> TPA,1450,26,997.0,1.7931034482758619,MDW,TPA,958,20.413381632218197,70.99050669106714
CMH -> BWI,1423,26,337.0,1.8271257905832747,CMH,BWI,959,20.43468996377584,71.02024476724237
PNS -> IAH,1419,26,489.0,1.8322762508809023,PNS,IAH,960,20.455998295333476,71.0499828434176
BWI -> CMH,1414,26,337.0,1.8387553041018387,BWI,CMH,961,20.477306626891114,71.07972091959282
SFO -> BOI,1403,26,522.0,1.8531717747683536,SFO,BOI,962,20.498614958448755,71.10945899576804
BOI -> SFO,1397,26,522.0,1.8611309949892625,BOI,SFO,963,20.519923290006393,71.13919707194327
CLE -> DCA,1388,26,310.0,1.8731988472622478,CLE,DCA,964,20.541231621564034,71.16893514811849
ELP -> DFW,1359,26,551.0,1.9131714495952907,ELP,DFW,965,20.562539953121668,71.19867322429371
SMF -> DFW,1326,26,1431.0,1.9607843137254901,SMF,DFW,966,20.58384828467931,71.22841130046893
BWI -> STL,1218,26,738.0,2.134646962233169,BWI,STL,967,20.60515661623695,71.25814937664417
SDF -> MDW,1162,26,271.0,2.2375215146299485,SDF,MDW,968,20.626464947794588,71.2878874528194
EWR -> MSY,1095,26,1167.0,2.374429223744292,EWR,MSY,969,20.647773279352226,71.31762552899463
BTV -> JFK,1023,26,266.0,2.541544477028348,BTV,JFK,970,20.669081610909863,71.34736360516986
IND -> BWI,1021,26,516.0,2.546523016650343,IND,BWI,971,20.690389942467505,71.37710168134508
LAX -> ASE,775,26,737.0,3.354838709677419,LAX,ASE,972,20.711698274025146,71.4068397575203
EWR -> ROC,747,26,246.0,3.4805890227576977,EWR,ROC,973,20.733006605582784,71.43657783369552
SAV -> DFW,727,26,925.0,3.576341127922971,SAV,DFW,974,20.75431493714042,71.46631590987076
DFW -> JLN,666,26,327.0,3.903903903903904,DFW,JLN,975,20.77562326869806,71.49605398604598
ERI -> ORD,638,26,398.0,4.075235109717868,ERI,ORD,976,20.7969316002557,71.5257920622212
LBB -> DEN,618,26,456.0,4.207119741100324,LBB,DEN,977,20.81823993181334,71.55553013839643
OME -> ANC,616,26,539.0,4.220779220779221,OME,ANC,978,20.83954826337098,71.58526821457166
ORD -> ELM,606,26,566.0,4.29042904290429,ORD,ELM,979,20.860856594928617,71.61500629074689
ORD -> JAN,578,26,677.0,4.498269896193772,ORD,JAN,980,20.882164926486258,71.64474436692211
APN -> DTW,573,26,198.0,4.537521815008725,APN,DTW,981,20.903473258043896,71.67448244309733
EWR -> BUF,533,26,282.0,4.878048780487805,EWR,BUF,982,20.924781589601533,71.70422051927257
EWR -> SYR,502,26,195.0,5.179282868525896,EWR,SYR,983,20.94608992115917,71.73395859544779
ATL -> LAX,5669,25,1947.0,0.44099488445934026,ATL,LAX,984,20.967398252716812,71.76255289946243
MIA -> ATL,5150,25,594.0,0.48543689320388345,MIA,ATL,985,20.988706584274453,71.79114720347707
ATL -> MIA,5149,25,594.0,0.48553117110118466,ATL,MIA,986,21.01001491583209,71.81974150749171
LAX -> IAD,3525,25,2288.0,0.7092198581560284,LAX,IAD,987,21.03132324738973,71.84833581150635
CLT -> MIA,2983,25,650.0,0.8380824673147838,CLT,MIA,988,21.052631578947366,71.87693011552099
ATL -> DAL,2856,25,721.0,0.8753501400560224,ATL,DAL,989,21.073939910505008,71.90552441953562
FLL -> DCA,2468,25,899.0,1.012965964343598,FLL,DCA,990,21.09524824206265,71.93411872355027
BWI -> DTW,2418,25,409.0,1.0339123242349049,BWI,DTW,991,21.116556573620286,71.9627130275649
LEX -> ATL,2280,25,304.0,1.0964912280701753,LEX,ATL,992,21.137864905177924,71.99130733157955
PHL -> DEN,2142,25,1558.0,1.1671335200746966,PHL,DEN,993,21.159173236735562,72.01990163559418
RSW -> ORD,1827,25,1120.0,1.3683634373289546,RSW,ORD,994,21.180481568293203,72.04849593960883
SAN -> JFK,1712,25,2446.0,1.4602803738317758,SAN,JFK,995,21.201789899850844,72.07709024362346
DFW -> SJC,1512,25,1438.0,1.6534391534391533,DFW,SJC,996,21.22309823140848,72.10568454763812
PHX -> BOS,1431,25,2300.0,1.7470300489168415,PHX,BOS,997,21.24440656296612,72.13427885165275
PIT -> DFW,1422,25,1067.0,1.7580872011251758,PIT,DFW,998,21.26571489452376,72.1628731556674
DFW -> ELP,1359,25,551.0,1.839587932303164,DFW,ELP,999,21.2870232260814,72.19146745968203
FSD -> DEN,1333,25,483.0,1.8754688672168043,FSD,DEN,1000,21.308331557639036,72.22006176369668
IAH -> GPT,1257,25,376.0,1.988862370723946,IAH,GPT,1001,21.329639889196674,72.24865606771131
MAF -> HOU,1121,25,441.0,2.230151650312221,MAF,HOU,1002,21.350948220754315,72.27725037172596
RDU -> MDW,1069,25,632.0,2.3386342376052385,RDU,MDW,1003,21.372256552311956,72.30584467574059
MDW -> RDU,1064,25,632.0,2.3496240601503757,MDW,RDU,1004,21.393564883869594,72.33443897975523
CPR -> DEN,956,25,230.0,2.615062761506276,CPR,DEN,1005,21.41487321542723,72.36303328376988
MEM -> DFW,865,25,431.2369942196532,2.8901734104046244,MEM,DFW,1006,21.43618154698487,72.39162758778451
ORD -> GSP,835,25,577.7880239520958,2.9940119760479043,ORD,GSP,1007,21.45748987854251,72.42022189179916
DFW -> SAV,727,25,925.0,3.43878954607978,DFW,SAV,1008,21.478798210100152,72.44881619581379
GCK -> DFW,663,25,404.0,3.770739064856712,GCK,DFW,1009,21.500106541657786,72.47741049982844
DFW -> GGG,643,25,140.0,3.8880248833592534,DFW,GGG,1010,21.521414873215427,72.50600480384307
PVD -> ORD,542,25,849.0,4.612546125461255,PVD,ORD,1011,21.542723204773065,72.53459910785772
GSO -> DFW,517,25,999.0,4.835589941972921,GSO,DFW,1012,21.564031536330706,72.56319341187235
LGA -> SAV,443,25,722.0,5.643340857787811,LGA,SAV,1013,21.585339867888344,72.591787715887
FSD -> DFW,357,25,737.0,7.002801120448179,FSD,DFW,1014,21.60664819944598,72.62038201990163
SLC -> PHX,5479,24,507.0,0.4380361379813835,SLC,PHX,1015,21.627956531003623,72.64783255175568
ATL -> DEN,4987,24,1199.0,0.481251253258472,ATL,DEN,1016,21.649264862561264,72.67528308360974
PDX -> SFO,4179,24,550.0,0.574300071787509,PDX,SFO,1017,21.6705731941189,72.7027336154638
RNO -> LAS,3218,24,345.0,0.7458048477315102,RNO,LAS,1018,21.69188152567654,72.73018414731786
LAX -> AUS,2614,24,1242.0,0.9181331293037491,LAX,AUS,1019,21.713189857234177,72.75763467917191
BTR -> ATL,2511,24,448.0,0.955794504181601,BTR,ATL,1020,21.734498188791818,72.78508521102597
DCA -> FLL,2468,24,899.0,0.9724473257698543,DCA,FLL,1021,21.75580652034946,72.81253574288002
FLL -> CLT,2435,24,631.7112936344969,0.9856262833675565,FLL,CLT,1022,21.777114851907093,72.83998627473407
PHL -> PHX,2411,24,2075.0,0.9954375777685608,PHL,PHX,1023,21.798423183464735,72.86743680658813
MSY -> DAL,2408,24,436.0,0.9966777408637874,MSY,DAL,1024,21.819731515022372,72.89488733844219
ATL -> BDL,2342,24,859.0,1.0247651579846286,ATL,BDL,1025,21.841039846580014,72.92233787029623
LAX -> ABQ,1837,24,677.0,1.3064779531845399,LAX,ABQ,1026,21.86234817813765,72.94978840215029
MSP -> BOS,1817,24,1124.0,1.3208585580627408,MSP,BOS,1027,21.88365650969529,72.97723893400435
IAH -> TUL,1805,24,429.0,1.3296398891966759,IAH,TUL,1028,21.90496484125293,73.00468946585839
IAH -> LIT,1772,24,374.0,1.3544018058690745,IAH,LIT,1029,21.92627317281057,73.03213999771245
MCI -> IAH,1698,24,643.0,1.4134275618374559,MCI,IAH,1030,21.94758150436821,73.0595905295665
BDL -> CLT,1621,24,644.0,1.4805675508945095,BDL,CLT,1031,21.968889835925847,73.08704106142056
ELP -> IAH,1594,24,667.0,1.5056461731493098,ELP,IAH,1032,21.990198167483484,73.11449159327462
JFK -> AUS,1588,24,1521.0,1.5113350125944585,JFK,AUS,1033,22.011506499041126,73.14194212512868
OGG -> SFO,1426,24,2338.0,1.6830294530154277,OGG,SFO,1034,22.032814830598767,73.16939265698272
SBP -> LAX,1373,24,156.0,1.7479970866715222,SBP,LAX,1035,22.0541231621564,73.19684318883678
RSW -> EWR,1371,24,1068.0,1.75054704595186,RSW,EWR,1036,22.075431493714042,73.22429372069084
MSY -> ORD,1364,24,837.0,1.7595307917888565,MSY,ORD,1037,22.09673982527168,73.2517442525449
MSP -> FSD,1285,24,196.0,1.867704280155642,MSP,FSD,1038,22.11804815682932,73.27919478439895
JAX -> DFW,1255,24,918.0,1.9123505976095616,JAX,DFW,1039,22.13935648838696,73.30664531625301
STL -> BWI,1193,24,738.0,2.0117351215423303,STL,BWI,1040,22.160664819944596,73.33409584810707
MSY -> JFK,1115,24,1182.0,2.1524663677130045,MSY,JFK,1041,22.181973151502238,73.36154637996111
PBI -> PHL,1109,24,951.0,2.164111812443643,PBI,PHL,1042,22.203281483059875,73.38899691181517
COS -> DFW,1080,24,592.0,2.2222222222222223,COS,DFW,1043,22.224589814617516,73.41644744366921
BWI -> PWM,998,24,452.0,2.404809619238477,BWI,PWM,1044,22.245898146175154,73.44389797552327
JFK -> JAX,965,24,828.0,2.4870466321243523,JFK,JAX,1045,22.267206477732792,73.47134850737733
ORD -> COS,935,24,911.0,2.5668449197860963,ORD,COS,1046,22.288514809290433,73.49879903923139
PIT -> PHL,929,24,268.0,2.583423035522067,PIT,PHL,1047,22.309823140848074,73.52624957108544
AEX -> IAH,926,24,190.0,2.591792656587473,AEX,IAH,1048,22.331131472405712,73.55370010293949
ORD -> ORF,798,24,717.0,3.007518796992481,ORD,ORF,1049,22.35243980396335,73.58115063479354
EWR -> MHT,701,24,209.0,3.4236804564907275,EWR,MHT,1050,22.373748135520987,73.6086011666476
TLH -> DFW,661,24,767.0,3.6308623298033282,TLH,DFW,1051,22.39505646707863,73.63605169850166
DFW -> COU,660,24,489.0,3.6363636363636362,DFW,COU,1052,22.416364798636266,73.66350223035572
BMI -> DFW,652,24,690.0,3.6809815950920246,BMI,DFW,1053,22.437673130193904,73.69095276220978
EWR -> PWM,590,24,284.0,4.067796610169491,EWR,PWM,1054,22.458981461751545,73.71840329406383
DEN -> LAR,581,24,113.0,4.130808950086059,DEN,LAR,1055,22.480289793309183,73.74585382591788
LAR -> DEN,581,24,113.0,4.130808950086059,LAR,DEN,1056,22.501598124866824,73.77330435777193
EWR -> BTV,561,24,266.0,4.27807486631016,EWR,BTV,1057,22.52290645642446,73.80075488962599
BUF -> EWR,531,24,282.0,4.519774011299435,BUF,EWR,1058,22.5442147879821,73.82820542148004
EWR -> PIT,433,24,319.0,5.542725173210162,EWR,PIT,1059,22.56552311953974,73.8556559533341
CAE -> LGA,423,24,617.0,5.673758865248227,CAE,LGA,1060,22.586831451097378,73.88310648518815
LGA -> BUF,389,24,292.0,6.169665809768637,LGA,BUF,1061,22.60813978265502,73.9105570170422
BNA -> JFK,334,24,765.0,7.18562874251497,BNA,JFK,1062,22.629448114212657,73.93800754889625
LGA -> GRR,224,24,618.0,10.714285714285714,LGA,GRR,1063,22.650756445770295,73.96545808075031
IAH -> ATL,3938,23,689.0,0.5840528186896902,IAH,ATL,1064,22.672064777327936,73.99176484044378
DEN -> SAN,3916,23,853.0,0.5873340143003064,DEN,SAN,1065,22.693373108885577,74.01807160013725
BNA -> ATL,3231,23,214.0,0.7118539151965335,BNA,ATL,1066,22.71468144044321,74.04437835983072
GEG -> SEA,3178,23,224.0,0.723725613593455,GEG,SEA,1067,22.735989772000853,74.0706851195242
BUR -> LAS,3050,23,223.0,0.7540983606557378,BUR,LAS,1068,22.75729810355849,74.09699187921765
DAL -> ATL,2872,23,721.0,0.8008356545961003,DAL,ATL,1069,22.77860643511613,74.12329863891112
DEN -> DTW,2682,23,1123.0,0.8575689783743475,DEN,DTW,1070,22.79991476667377,74.1496053986046
ATL -> LEX,2280,23,304.0,1.0087719298245614,ATL,LEX,1071,22.821223098231407,74.17591215829806
ATL -> SHV,2032,23,551.0,1.1318897637795275,ATL,SHV,1072,22.842531429789048,74.20221891799153
BWI -> DEN,1904,23,1491.0,1.207983193277311,BWI,DEN,1073,22.863839761346686,74.22852567768501
YUM -> PHX,1877,23,160.0,1.2253596164091636,YUM,PHX,1074,22.885148092904327,74.25483243737847
IAH -> TPA,1767,23,787.0,1.3016411997736277,IAH,TPA,1075,22.906456424461965,74.28113919707194
EWR -> LAS,1707,23,2227.0,1.3473930872876392,EWR,LAS,1076,22.927764756019602,74.30744595676542
IAH -> MOB,1511,23,427.0,1.5221707478491064,IAH,MOB,1077,22.949073087577244,74.33375271645887
ATL -> ROA,1496,23,357.0,1.537433155080214,ATL,ROA,1078,22.97038141913488,74.36005947615236
TUL -> DEN,1461,23,541.0,1.5742642026009581,TUL,DEN,1079,22.99168975069252,74.38636623584583
ORD -> MSY,1399,23,837.0,1.6440314510364546,ORD,MSY,1080,23.01299808225016,74.41267299553928
DFW -> SMF,1326,23,1431.0,1.7345399698340875,DFW,SMF,1081,23.034306413807798,74.43897975523277
AUS -> HOU,1324,23,148.0,1.7371601208459215,AUS,HOU,1082,23.05561474536544,74.46528651492623
DFW -> IAD,1303,23,1172.0,1.7651573292402147,DFW,IAD,1083,23.076923076923077,74.49159327461969
FSD -> MSP,1287,23,196.0,1.7871017871017871,FSD,MSP,1084,23.098231408480714,74.51790003431317
DFW -> JAX,1254,23,918.0,1.8341307814992027,DFW,JAX,1085,23.119539740038356,74.54420679400663
BOS -> BUF,1244,23,395.0,1.8488745980707395,BOS,BUF,1086,23.140848071595993,74.5705135537001
BUF -> BOS,1243,23,395.0,1.850362027353178,BUF,BOS,1087,23.162156403153634,74.59682031339358
AMA -> DAL,1216,23,323.0,1.8914473684210527,AMA,DAL,1088,23.183464734711272,74.62312707308703
CHS -> JFK,1201,23,636.0,1.9150707743547042,CHS,JFK,1089,23.20477306626891,74.64943383278052
HRL -> IAH,1199,23,295.0,1.9182652210175146,HRL,IAH,1090,23.22608139782655,74.67574059247399
FAT -> SFO,1191,23,158.0,1.9311502938706968,FAT,SFO,1091,23.24738972938419,74.70204735216744
RSW -> DFW,1165,23,1017.0,1.9742489270386268,RSW,DFW,1092,23.26869806094183,74.72835411186092
BWI -> ORF,1147,23,159.0,2.0052310374891023,BWI,ORF,1093,23.290006392499468,74.75466087155439
ICT -> IAH,1102,23,542.0,2.087114337568058,ICT,IAH,1094,23.311314724057105,74.78096763124785
CVG -> IAH,1097,23,871.0,2.096627164995442,CVG,IAH,1095,23.332623055614746,74.80727439094133
LCH -> IAH,1078,23,127.0,2.1335807050092765,LCH,IAH,1096,23.353931387172384,74.8335811506348
ISP -> MCO,1060,23,971.0,2.1698113207547167,ISP,MCO,1097,23.375239718730022,74.85988791032825
CLT -> PVD,1053,23,683.0,2.184235517568851,CLT,PVD,1098,23.396548050287663,74.88619467002174
PBI -> HPN,1042,23,1056.0,2.2072936660268714,PBI,HPN,1099,23.4178563818453,74.9125014297152
JFK -> BTV,1023,23,266.0,2.248289345063539,JFK,BTV,1100,23.439164713402942,74.93880818940866
DAY -> DFW,933,23,861.0,2.465166130760986,DAY,DFW,1101,23.46047304496058,74.96511494910214
IAH -> AEX,926,23,190.0,2.4838012958963285,IAH,AEX,1102,23.481781376518217,74.9914217087956
MDW -> MHT,882,23,838.0,2.6077097505668934,MDW,MHT,1103,23.50308970807586,75.01772846848908
GJT -> DFW,852,23,773.0,2.699530516431925,GJT,DFW,1104,23.524398039633496,75.04403522818255
AVL -> ORD,715,23,536.0,3.2167832167832167,AVL,ORD,1105,23.545706371191137,75.070341987876
IAH -> CLL,704,23,74.0,3.2670454545454546,IAH,CLL,1106,23.567014702748775,75.09664874756949
ORD -> SCE,664,23,528.0,3.463855421686747,ORD,SCE,1107,23.588323034306413,75.12295550726296
DFW -> GCK,662,23,404.0,3.474320241691843,DFW,GCK,1108,23.609631365864054,75.14926226695641
SCE -> ORD,660,23,528.0,3.4848484848484853,SCE,ORD,1109,23.63093969742169,75.1755690266499
ORD -> ERI,638,23,398.0,3.605015673981191,ORD,ERI,1110,23.65224802897933,75.20187578634336
GRI -> DFW,634,23,561.0,3.627760252365931,GRI,DFW,1111,23.67355636053697,75.22818254603682
ORD -> ASE,620,23,1013.0,3.7096774193548385,ORD,ASE,1112,23.694864692094608,75.2544893057303
ELM -> ORD,606,23,566.0,3.7953795379537953,ELM,ORD,1113,23.71617302365225,75.28079606542377
GNV -> MIA,594,23,294.0,3.872053872053872,GNV,MIA,1114,23.737481355209887,75.30710282511723
SPI -> DFW,589,23,630.0,3.904923599320883,SPI,DFW,1115,23.758789686767525,75.33340958481071
HOB -> IAH,571,23,501.0,4.028021015761821,HOB,IAH,1116,23.780098018325166,75.35971634450418
GSP -> DFW,484,23,862.0,4.75206611570248,GSP,DFW,1117,23.801406349882804,75.38602310419765
ADQ -> ANC,460,23,253.0,5.0,ADQ,ANC,1118,23.822714681440445,75.41232986389112
ANC -> ADQ,460,23,253.0,5.0,ANC,ADQ,1119,23.844023012998083,75.43863662358459
BWI -> JFK,333,23,184.0,6.906906906906906,BWI,JFK,1120,23.86533134455572,75.46494338327805
CVG -> JFK,332,23,589.0,6.927710843373494,CVG,JFK,1121,23.88663967611336,75.49125014297152
JFK -> CLE,304,23,425.0,7.565789473684211,JFK,CLE,1122,23.907948007671,75.51755690266498
ATL -> MSY,5572,22,425.0,0.3948312993539124,ATL,MSY,1123,23.929256339228637,75.54271989019787
LAS -> BUR,3080,22,223.0,0.7142857142857143,LAS,BUR,1124,23.950564670786278,75.56788287773075
OGG -> LAX,2711,22,2486.0,0.8115086683880488,OGG,LAX,1125,23.971873002343916,75.59304586526365
DAL -> STL,2104,22,546.0,1.0456273764258555,DAL,STL,1126,23.993181333901557,75.61820885279651
SJC -> DEN,2102,22,948.0,1.0466222645099905,SJC,DEN,1127,24.014489665459195,75.64337184032941
IAH -> SAN,2033,22,1303.0,1.0821446138711266,IAH,SAN,1128,24.035797997016832,75.66853482786229
JFK -> ATL,1913,22,760.0,1.150026136957658,JFK,ATL,1129,24.057106328574474,75.69369781539518
AVL -> ATL,1856,22,164.0,1.1853448275862069,AVL,ATL,1130,24.07841466013211,75.71886080292806
JFK -> SAN,1710,22,2446.0,1.2865497076023393,JFK,SAN,1131,24.099722991689752,75.74402379046093
IAH -> MSP,1672,22,1034.0,1.3157894736842104,IAH,MSP,1132,24.12103132324739,75.76918677799382
ABQ -> DEN,1593,22,349.0,1.3810420590081607,ABQ,DEN,1133,24.142339654805028,75.7943497655267
IAH -> BHM,1587,22,562.0,1.3862633900441084,IAH,BHM,1134,24.16364798636267,75.8195127530596
DEN -> TUL,1494,22,541.0,1.4725568942436411,DEN,TUL,1135,24.184956317920307,75.84467574059246
BOS -> PHX,1428,22,2300.0,1.5406162464985995,BOS,PHX,1136,24.206264649477944,75.86983872812536
DEN -> BIS,1285,22,516.0,1.7120622568093387,DEN,BIS,1137,24.227572981035586,75.89500171565824
BIS -> DEN,1284,22,516.0,1.7133956386292832,BIS,DEN,1138,24.248881312593223,75.92016470319113
DAL -> AMA,1216,22,323.0,1.8092105263157896,DAL,AMA,1139,24.270189644150864,75.94532769072401
MDW -> RSW,1181,22,1105.0,1.8628281117696865,MDW,RSW,1140,24.291497975708502,75.9704906782569
DFW -> RSW,1166,22,1017.0,1.8867924528301887,DFW,RSW,1141,24.31280630726614,75.99565366578977
ORF -> BWI,1144,22,159.0,1.9230769230769231,ORF,BWI,1142,24.33411463882378,76.02081665332265
JFK -> MSY,1110,22,1182.0,1.981981981981982,JFK,MSY,1143,24.35542297038142,76.04597964085555
HOU -> BWI,1051,22,1246.0,2.093244529019981,HOU,BWI,1144,24.37673130193906,76.07114262838842
SFO -> SBP,1043,22,190.0,2.109300095877277,SFO,SBP,1145,24.398039633496698,76.09630561592131
BWI -> IND,1028,22,516.0,2.140077821011673,BWI,IND,1146,24.419347965054335,76.12146860345419
DCA -> STL,973,22,719.0,2.2610483042137717,DCA,STL,1147,24.440656296611976,76.14663159098708
STL -> DCA,973,22,719.0,2.2610483042137717,STL,DCA,1148,24.461964628169614,76.17179457851996
IAH -> LRD,921,22,301.0,2.3887079261672097,IAH,LRD,1149,24.483272959727252,76.19695756605284
BDL -> MDW,882,22,777.0,2.494331065759637,BDL,MDW,1150,24.504581291284893,76.22212055358573
DFW -> MEM,864,22,431.23726851851853,2.5462962962962963,DFW,MEM,1151,24.52588962284253,76.2472835411186
PHL -> RDU,854,22,337.0,2.576112412177986,PHL,RDU,1152,24.547197954400172,76.2724465286515
GRK -> IAH,810,22,166.0,2.7160493827160495,GRK,IAH,1153,24.56850628595781,76.29760951618437
DCA -> IND,718,22,500.0,3.064066852367688,DCA,IND,1154,24.589814617515447,76.32277250371726
CLL -> IAH,707,22,74.0,3.1117397454031117,CLL,IAH,1155,24.61112294907309,76.34793549125014
CHA -> DFW,640,22,695.0,3.4375000000000004,CHA,DFW,1156,24.632431280630726,76.37309847878304
DFW -> SPI,589,22,630.0,3.7351443123938877,DFW,SPI,1157,24.653739612188367,76.39826146631592
ELP -> ORD,576,22,1236.0,3.8194444444444446,ELP,ORD,1158,24.675047943746005,76.4234244538488
SYR -> EWR,518,22,195.0,4.247104247104247,SYR,EWR,1159,24.696356275303643,76.44858744138168
ORD -> PVD,504,22,849.0,4.365079365079365,ORD,PVD,1160,24.717664606861284,76.47375042891456
EWR -> BDL,444,22,116.0,4.954954954954955,EWR,BDL,1161,24.73897293841892,76.49891341644745
BUF -> LGA,353,22,292.0,6.232294617563739,BUF,LGA,1162,24.760281269976563,76.52407640398032
SEA -> PHX,5768,21,1107.0,0.3640776699029126,SEA,PHX,1163,24.781589601534197,76.54809561935264
ATL -> DTW,4861,21,594.0,0.4320098745114174,ATL,DTW,1164,24.802897933091838,76.57211483472493
DTW -> ATL,4857,21,594.0,0.4323656578134651,DTW,ATL,1165,24.82420626464948,76.59613405009722
PDX -> DEN,3423,21,991.0,0.6134969325153374,PDX,DEN,1166,24.845514596207117,76.62015326546951
ATL -> BNA,3230,21,214.0,0.6501547987616099,ATL,BNA,1167,24.866822927764755,76.64417248084182
DTW -> DEN,2694,21,1123.0,0.779510022271715,DTW,DEN,1168,24.888131259322396,76.66819169621412
ORF -> ATL,2673,21,516.0,0.7856341189674524,ORF,ATL,1169,24.909439590880034,76.69221091158641
OAK -> PHX,2532,21,646.0,0.8293838862559242,OAK,PHX,1170,24.930747922437675,76.7162301269587
SMF -> DEN,2391,21,909.0,0.8782936010037641,SMF,DEN,1171,24.952056253995313,76.74024934233101
PHL -> MSP,2365,21,980.0,0.8879492600422833,PHL,MSP,1172,24.97336458555295,76.7642685577033
DAL -> MCI,2167,21,460.0,0.9690816797415782,DAL,MCI,1173,24.99467291711059,76.78828777307561
SFO -> HNL,2067,21,2398.0,1.0159651669085632,SFO,HNL,1174,25.01598124866823,76.8123069884479
TRI -> ATL,1928,21,227.0,1.0892116182572613,TRI,ATL,1175,25.03728958022587,76.8363262038202
MDW -> LAX,1858,21,1750.0,1.1302475780409043,MDW,LAX,1176,25.058597911783508,76.8603454191925
ORD -> RSW,1827,21,1120.0,1.1494252873563218,ORD,RSW,1177,25.07990624334115,76.88436463456479
MSP -> IAH,1747,21,1034.0,1.2020606754436176,MSP,IAH,1178,25.101214574898783,76.9083838499371
MCO -> BDL,1672,21,1050.0,1.255980861244019,MCO,BDL,1179,25.122522906456425,76.93240306530939
CLT -> BDL,1621,21,644.0,1.2954966070326959,CLT,BDL,1180,25.143831238014062,76.95642228068169
RIC -> CLT,1350,21,257.0,1.5555555555555556,RIC,CLT,1181,25.165139569571704,76.98044149605398
CRW -> ATL,1314,21,363.0,1.5981735159817352,CRW,ATL,1182,25.186447901129345,77.00446071142628
HOU -> AUS,1313,21,148.0,1.5993907083015995,HOU,AUS,1183,25.20775623268698,77.02847992679858
BNA -> TPA,1230,21,612.0,1.707317073170732,BNA,TPA,1184,25.22906456424462,77.05249914217089
BNA -> HOU,1225,21,670.0,1.7142857142857144,BNA,HOU,1185,25.250372895802258,77.07651835754318
JFK -> CHS,1201,21,636.0,1.7485428809325563,JFK,CHS,1186,25.2716812273599,77.10053757291547
BOS -> PIT,1158,21,496.0,1.8134715025906734,BOS,PIT,1187,25.29298955891754,77.12455678828776
DEN -> ISN,1158,21,576.0,1.8134715025906734,DEN,ISN,1188,25.314297890475174,77.14857600366007
PIT -> BOS,1158,21,496.0,1.8134715025906734,PIT,BOS,1189,25.335606222032816,77.17259521903237
PHL -> PBI,1110,21,951.0,1.891891891891892,PHL,PBI,1190,25.356914553590453,77.19661443440467
SJU -> BOS,1097,21,1674.0,1.9143117593436645,SJU,BOS,1191,25.378222885148094,77.22063364977696
DFW -> COS,1081,21,592.0,1.942645698427382,DFW,COS,1192,25.399531216705736,77.24465286514926
BWI -> HOU,1067,21,1246.0,1.9681349578256795,BWI,HOU,1193,25.42083954826337,77.26867208052155
BWI -> IAH,1005,21,1235.0,2.0895522388059704,BWI,IAH,1194,25.442147879821007,77.29269129589386
IAH -> VPS,901,21,528.0,2.3307436182019976,IAH,VPS,1195,25.46345621137865,77.31671051126615
SFO -> FAT,871,21,158.0,2.4110218140068884,SFO,FAT,1196,25.48476454293629,77.34072972663846
SFO -> RDM,834,21,462.0,2.5179856115107913,SFO,RDM,1197,25.506072874493928,77.36474894201075
IAH -> MLU,794,21,262.0,2.644836272040302,IAH,MLU,1198,25.527381206051565,77.38876815738305
SNA -> EWR,784,21,2434.0,2.6785714285714284,SNA,EWR,1199,25.548689537609203,77.41278737275535
PLN -> DTW,752,21,243.0,2.7925531914893615,PLN,DTW,1200,25.569997869166844,77.43680658812765
RDD -> SFO,727,21,199.0,2.8885832187070153,RDD,SFO,1201,25.591306200724485,77.46082580349994
IAH -> TYR,688,21,163.0,3.0523255813953485,IAH,TYR,1202,25.612614532282123,77.48484501887224
TYR -> IAH,688,21,163.0,3.0523255813953485,TYR,IAH,1203,25.633922863839757,77.50886423424454
DFW -> TLH,661,21,767.0,3.177004538577912,DFW,TLH,1204,25.6552311953974,77.53288344961685
DFW -> BMI,652,21,690.0,3.2208588957055215,DFW,BMI,1205,25.67653952695504,77.55690266498914
DFW -> CHA,641,21,695.0,3.2761310452418098,DFW,CHA,1206,25.69784785851268,77.58092188036143
DFW -> GRI,634,21,561.0,3.3123028391167195,DFW,GRI,1207,25.71915619007032,77.60494109573372
MEM -> MDW,626,21,480.0,3.3546325878594248,MEM,MDW,1208,25.74046452162796,77.62896031110603
CRW -> ORD,577,21,416.0,3.6395147313691507,CRW,ORD,1209,25.761772853185594,77.65297952647833
DTW -> APN,573,21,198.0,3.664921465968586,DTW,APN,1210,25.783081184743235,77.67699874185062
JAN -> ORD,568,21,677.0,3.697183098591549,JAN,ORD,1211,25.804389516300873,77.70101795722292
BOI -> ORD,546,21,1437.0,3.8461538461538463,BOI,ORD,1212,25.825697847858514,77.72503717259522
RAP -> DFW,522,21,835.0,4.022988505747127,RAP,DFW,1213,25.847006179416155,77.74905638796751
LGA -> CAK,500,21,397.0,4.2,LGA,CAK,1214,25.86831451097379,77.77307560333982
DFW -> GSP,484,21,862.0,4.338842975206612,DFW,GSP,1215,25.88962284253143,77.79709481871211
DFW -> FSD,356,21,737.0,5.8988764044943816,DFW,FSD,1216,25.910931174089068,77.82111403408442
SEA -> ANC,6382,20,1448.0,0.31338138514572234,SEA,ANC,1217,25.93223950564671,77.84398947729613
SLC -> LAX,5549,20,590.0,0.36042530185619026,SLC,LAX,1218,25.95354783720435,77.86686492050784
LAX -> SLC,5538,20,590.0,0.36114120621162876,LAX,SLC,1219,25.974856168761985,77.88974036371955
PHX -> SLC,5485,20,507.0,0.3646308113035551,PHX,SLC,1220,25.996164500319622,77.91261580693126
LAS -> SEA,5028,20,867.0,0.3977724741447892,LAS,SEA,1221,26.017472831877264,77.93549125014297
SNA -> DEN,3331,20,846.0,0.6004202942059442,SNA,DEN,1222,26.038781163434905,77.95836669335469
SEA -> GEG,3178,20,224.0,0.6293266205160478,SEA,GEG,1223,26.060089494992546,77.9812421365664
ATL -> MEM,3111,20,332.0,0.6428801028608165,ATL,MEM,1224,26.08139782655018,78.00411757977811
SJU -> FLL,2791,20,1046.0,0.7165890361877463,SJU,FLL,1225,26.102706158107818,78.02699302298983
ATL -> CHA,2740,20,106.0,0.7299270072992701,ATL,CHA,1226,26.12401448966546,78.04986846620153
ATL -> BTR,2512,20,448.0,0.7961783439490446,ATL,BTR,1227,26.1453228212231,78.07274390941325
PHX -> PHL,2449,20,2075.0,0.8166598611678236,PHX,PHL,1228,26.166631152780738,78.09561935262495
IAH -> SEA,2216,20,1874.0,0.9025270758122743,IAH,SEA,1229,26.187939484338372,78.11849479583667
SEA -> IAH,2204,20,1874.0,0.9074410163339384,SEA,IAH,1230,26.209247815896013,78.14137023904838
CLT -> RDU,2127,20,130.0,0.9402914903620121,CLT,RDU,1231,26.230556147453655,78.16424568226009
DEN -> SJC,2122,20,948.0,0.9425070688030159,DEN,SJC,1232,26.251864479011296,78.1871211254718
SFO -> PHL,2090,20,2521.0,0.9569377990430622,SFO,PHL,1233,26.273172810568933,78.20999656868352
BNA -> DTW,2047,20,456.0,0.9770395701025891,BNA,DTW,1234,26.294481142126568,78.23287201189522
IAH -> SLC,2042,20,1195.0,0.9794319294809012,IAH,SLC,1235,26.31578947368421,78.25574745510694
ATL -> JFK,1910,20,760.0,1.0471204188481675,ATL,JFK,1236,26.33709780524185,78.27862289831864
RNO -> LAX,1901,20,391.0,1.0520778537611783,RNO,LAX,1237,26.358406136799488,78.30149834153036
DEN -> BWI,1899,20,1491.0,1.05318588730911,DEN,BWI,1238,26.37971446835713,78.32437378474208
PHX -> YUM,1878,20,160.0,1.0649627263045793,PHX,YUM,1239,26.401022799914763,78.3472492279538
DEN -> TUS,1861,20,639.0,1.07469102632993,DEN,TUS,1240,26.422331131472404,78.37012467116551
PSP -> PHX,1722,20,261.0,1.1614401858304297,PSP,PHX,1241,26.443639463030046,78.39300011437722
IAD -> MCO,1666,20,758.0,1.2004801920768309,IAD,MCO,1242,26.464947794587683,78.41587555758893
DEN -> ABQ,1660,20,349.0,1.2048192771084338,DEN,ABQ,1243,26.486256126145324,78.43875100080065
IAH -> MCI,1628,20,643.0,1.2285012285012284,IAH,MCI,1244,26.507564457702966,78.46162644401235
TPA -> MDW,1461,20,997.0,1.3689253935660506,TPA,MDW,1245,26.5288727892606,78.48450188722407
DFW -> PIT,1421,20,1067.0,1.4074595355383532,DFW,PIT,1246,26.550181120818237,78.50737733043577
HOU -> BNA,1234,20,670.0,1.6207455429497568,HOU,BNA,1247,26.57148945237588,78.53025277364749
IAH -> OMA,1210,20,781.0,1.6528925619834711,IAH,OMA,1248,26.59279778393352,78.5531282168592
IAH -> HRL,1201,20,295.0,1.665278934221482,IAH,HRL,1249,26.61410611549116,78.57600366007091
ISN -> DEN,1158,20,576.0,1.7271157167530224,ISN,DEN,1250,26.635414447048795,78.59887910328263
HOU -> MAF,1130,20,441.0,1.7699115044247788,HOU,MAF,1251,26.656722778606433,78.62175454649434
TPA -> BOS,1104,20,1185.0,1.8115942028985508,TPA,BOS,1252,26.678031110164074,78.64462998970605
IAH -> LCH,1077,20,127.0,1.8570102135561743,IAH,LCH,1253,26.699339441721715,78.66750543291776
XNA -> IAH,1074,20,438.0,1.86219739292365,XNA,IAH,1254,26.720647773279353,78.69038087612947
MCO -> ISP,1065,20,971.0,1.8779342723004695,MCO,ISP,1255,26.74195610483699,78.71325631934118
IAH -> ICT,1057,20,542.0,1.8921475875118259,IAH,ICT,1256,26.76326443639463,78.7361317625529
OKC -> IAH,1055,20,395.0,1.8957345971563981,OKC,IAH,1257,26.78457276795227,78.7590072057646
HPN -> PBI,1036,20,1056.0,1.9305019305019304,HPN,PBI,1258,26.80588109950991,78.78188264897632
BOS -> SJU,1032,20,1674.0,1.937984496124031,BOS,SJU,1259,26.82718943106755,78.80475809218804
LAS -> BOS,1027,20,2381.0,1.9474196689386565,LAS,BOS,1260,26.848497762625183,78.82763353539974
PWM -> BWI,998,20,452.0,2.004008016032064,PWM,BWI,1261,26.869806094182824,78.85050897861146
MDW -> BUF,966,20,468.0,2.070393374741201,MDW,BUF,1262,26.891114425740465,78.87338442182318
CHO -> ATL,939,20,457.0,2.1299254526091587,CHO,ATL,1263,26.912422757298103,78.89625986503489
DFW -> DAY,933,20,861.0,2.1436227224008575,DFW,DAY,1264,26.933731088855744,78.9191353082466
HOU -> BOS,928,20,1609.0,2.1551724137931036,HOU,BOS,1265,26.955039420413378,78.94201075145831
BOS -> HOU,926,20,1609.0,2.159827213822894,BOS,HOU,1266,26.97634775197102,78.96488619467003
ALB -> ORD,872,20,723.0,2.293577981651376,ALB,ORD,1267,26.99765608352866,78.98776163788173
MKE -> IAH,871,20,984.0,2.2962112514351323,MKE,IAH,1268,27.018964415086298,79.01063708109345
HOU -> EWR,862,20,1411.0,2.320185614849188,HOU,EWR,1269,27.04027274664394,79.03351252430517
IAH -> GRK,811,20,166.0,2.466091245376079,IAH,GRK,1270,27.061581078201574,79.05638796751687
RIC -> DFW,806,20,1158.0,2.481389578163772,RIC,DFW,1271,27.082889409759215,79.07926341072859
MLU -> IAH,793,20,262.0,2.5220680958385877,MLU,IAH,1272,27.104197741316856,79.10213885394029
SFO -> RDD,727,20,199.0,2.7510316368638237,SFO,RDD,1273,27.125506072874494,79.125014297152
CAE -> ORD,596,20,666.8120805369127,3.3557046979865772,CAE,ORD,1274,27.146814404432135,79.14788974036372
MIA -> GNV,594,20,294.0,3.3670033670033668,MIA,GNV,1275,27.16812273598977,79.17076518357543
ORD -> ABQ,550,20,1118.0,3.6363636363636362,ORD,ABQ,1276,27.18943106754741,79.19364062678714
DFW -> GSO,515,20,999.0,3.8834951456310676,DFW,GSO,1277,27.210739399105048,79.21651606999886
EWR -> PVD,396,20,160.0,5.05050505050505,EWR,PVD,1278,27.23204773066269,79.23939151321056
DTW -> AZO,381,20,113.0,5.2493438320209975,DTW,AZO,1279,27.25335606222033,79.26226695642228
CLE -> JFK,304,20,425.0,6.578947368421052,CLE,JFK,1280,27.274664393777968,79.28514239963398
EWR -> TYS,298,20,631.0,6.7114093959731544,EWR,TYS,1281,27.295972725335606,79.3080178428457
IAH -> PHX,3275,19,1009.0,0.5801526717557252,IAH,PHX,1282,27.317281056893243,79.32974951389683
LAS -> RNO,3216,19,345.0,0.5907960199004975,LAS,RNO,1283,27.338589388450885,79.35148118494796
MEM -> ATL,3108,19,332.0,0.6113256113256113,MEM,ATL,1284,27.359897720008526,79.37321285599909
MCO -> MIA,3034,19,192.0,0.6262359920896506,MCO,MIA,1285,27.381206051566163,79.39494452705021
MCO -> CLT,2957,19,468.0,0.6425431180250254,MCO,CLT,1286,27.4025143831238,79.41667619810134
LAS -> IAH,2788,19,1222.0,0.6814921090387375,LAS,IAH,1287,27.42382271468144,79.43840786915246
GSO -> ATL,2668,19,306.0,0.712143928035982,GSO,ATL,1288,27.44513104623908,79.46013954020358
HSV -> ATL,2463,19,151.0,0.7714169711733658,HSV,ATL,1289,27.46643937779672,79.48187121125471
PHX -> ABQ,2454,19,328.0,0.7742461287693562,PHX,ABQ,1290,27.48774770935436,79.50360288230584
DTW -> BWI,2412,19,409.0,0.7877280265339968,DTW,BWI,1291,27.509056040911993,79.52533455335697
MCI -> DAL,2163,19,460.0,0.8784096162736941,MCI,DAL,1292,27.530364372469634,79.5470662244081
DTW -> PHL,1989,19,453.0,0.9552538964303671,DTW,PHL,1293,27.551672704027276,79.56879789545923
TUS -> DEN,1879,19,639.0,1.0111761575306013,TUS,DEN,1294,27.572981035584913,79.59052956651036
STL -> DEN,1875,19,770.0,1.0133333333333332,STL,DEN,1295,27.594289367142554,79.61226123756148
LAX -> MDW,1864,19,1750.0,1.01931330472103,LAX,MDW,1296,27.61559769870019,79.63399290861261
ATL -> AVL,1858,19,164.0,1.022604951560818,ATL,AVL,1297,27.63690603025783,79.65572457966374
TYS -> ATL,1718,19,152.0,1.1059371362048895,TYS,ATL,1298,27.65821436181547,79.67745625071487
MCO -> BNA,1412,19,616.0,1.3456090651558072,MCO,BNA,1299,27.67952269337311,79.69918792176598
EWR -> RSW,1380,19,1068.0,1.3768115942028984,EWR,RSW,1300,27.70083102493075,79.72091959281711
KTN -> SEA,1319,19,680.0,1.4404852160727823,KTN,SEA,1301,27.722139356488384,79.74265126386824
DEN -> FSD,1315,19,483.0,1.4448669201520912,DEN,FSD,1302,27.743447688046025,79.76438293491937
BNA -> CLT,1292,19,328.0,1.4705882352941175,BNA,CLT,1303,27.764756019603666,79.7861146059705
RSW -> BWI,1218,19,919.0,1.5599343185550083,RSW,BWI,1304,27.786064351161304,79.80784627702162
MLU -> ATL,1209,19,448.0,1.5715467328370554,MLU,ATL,1305,27.807372682718945,79.82957794807274
BWI -> SDF,1125,19,495.0,1.6888888888888887,BWI,SDF,1306,27.82868101427658,79.85130961912387
SAT -> ORD,1072,19,1041.0,1.7723880597014925,SAT,ORD,1307,27.84998934583422,79.873041290175
DEN -> CPR,954,19,230.0,1.9916142557651992,DEN,CPR,1308,27.87129767739186,79.89477296122612
VPS -> IAH,901,19,528.0,2.108768035516093,VPS,IAH,1309,27.8926060089495,79.91650463227725
MDW -> AUS,881,19,972.0,2.1566401816118046,MDW,AUS,1310,27.91391434050714,79.93823630332838
ORD -> ALB,873,19,723.0,2.176403207331042,ORD,ALB,1311,27.93522267206478,79.95996797437951
MHT -> MDW,866,19,838.0,2.1939953810623556,MHT,MDW,1312,27.956531003622416,79.98169964543062
DFW -> RIC,806,19,1158.0,2.357320099255583,DFW,RIC,1313,27.977839335180054,80.00343131648175
DTW -> PLN,752,19,243.0,2.5265957446808507,DTW,PLN,1314,27.999147666737695,80.02516298753288
ORD -> AVL,715,19,536.0,2.6573426573426575,ORD,AVL,1315,28.020455998295336,80.04689465858401
MDW -> IAD,675,19,577.0,2.814814814814815,MDW,IAD,1316,28.041764329852974,80.06862632963514
BTM -> SLC,667,19,358.0,2.848575712143928,BTM,SLC,1317,28.063072661410608,80.09035800068627
BDL -> DFW,640,19,1471.0,2.96875,BDL,DFW,1318,28.08438099296825,80.11208967173738
BNA -> PHL,632,19,675.0,3.0063291139240507,BNA,PHL,1319,28.10568932452589,80.13382134278851
MDW -> MEM,628,19,480.0,3.0254777070063694,MDW,MEM,1320,28.12699765608353,80.15555301383964
MKE -> BOS,610,19,860.0,3.114754098360656,MKE,BOS,1321,28.14830598764117,80.17728468489076
ABQ -> ORD,552,19,1118.0,3.4420289855072466,ABQ,ORD,1322,28.169614319198804,80.1990163559419
AZO -> DTW,385,19,113.0,4.935064935064935,AZO,DTW,1323,28.190922650756445,80.22074802699302
XNA -> EWR,228,19,1131.0,8.333333333333332,XNA,EWR,1324,28.212230982314086,80.24247969804415
LGA -> MHT,140,19,195.0,13.571428571428571,LGA,MHT,1325,28.233539313871724,80.26421136909528
KOA -> HNL,6347,18,163.0,0.28359855049629745,KOA,HNL,1326,28.254847645429365,80.28479926798582
MCO -> DEN,2882,18,1546.0,0.6245662734212353,MCO,DEN,1327,28.276155976987,80.30538716687636
ATL -> ORF,2672,18,516.0,0.6736526946107785,ATL,ORF,1328,28.29746430854464,80.3259750657669
IAD -> ATL,2636,18,534.0,0.6828528072837633,IAD,ATL,1329,28.31877264010228,80.34656296465744
IAH -> MCO,2610,18,854.0,0.6896551724137931,IAH,MCO,1330,28.34008097165992,80.36715086354798
GSP -> ATL,2471,18,153.0,0.7284500202347227,GSP,ATL,1331,28.36138930321756,80.38773876243852
ONT -> SMF,2024,18,390.0,0.8893280632411068,ONT,SMF,1332,28.382697634775194,80.40832666132907
LAX -> FAT,2017,18,209.0,0.8924144769459593,LAX,FAT,1333,28.404005966332836,80.4289145602196
PHL -> DTW,1999,18,453.0,0.9004502251125562,PHL,DTW,1334,28.425314297890473,80.44950245911015
BOI -> DEN,1922,18,649.0,0.9365244536940687,BOI,DEN,1335,28.446622629448115,80.47009035800069
LAX -> PHL,1886,18,2402.0,0.9544008483563097,LAX,PHL,1336,28.467930961005756,80.49067825689123
PHL -> LAX,1886,18,2402.0,0.9544008483563097,PHL,LAX,1337,28.48923929256339,80.51126615578177
MKE -> DTW,1730,18,237.0,1.0404624277456647,MKE,DTW,1338,28.51054762412103,80.53185405467231
RNO -> PHX,1723,18,601.0,1.044689495066744,RNO,PHX,1339,28.53185595567867,80.55244195356285
ATL -> TYS,1719,18,152.0,1.0471204188481675,ATL,TYS,1340,28.55316428723631,80.57302985245339
DCA -> DTW,1713,18,405.0,1.0507880910683012,DCA,DTW,1341,28.57447261879395,80.59361775134394
HOU -> HRL,1555,18,277.0,1.157556270096463,HOU,HRL,1342,28.595780950351585,80.61420565023447
BNA -> MCO,1426,18,616.0,1.262272089761571,BNA,MCO,1343,28.617089281909223,80.63479354912502
IAH -> IAD,1312,18,1190.0,1.3719512195121952,IAH,IAD,1344,28.638397613466864,80.65538144801555
BNA -> IAH,1304,18,657.0,1.3803680981595092,BNA,IAH,1345,28.659705945024506,80.6759693469061
ATL -> MLU,1210,18,448.0,1.487603305785124,ATL,MLU,1346,28.681014276582147,80.69655724579664
CLE -> BWI,1180,18,314.0,1.5254237288135595,CLE,BWI,1347,28.702322608139784,80.71714514468718
FWA -> ATL,1110,18,508.0,1.6216216216216217,FWA,ATL,1348,28.72363093969742,80.73773304357772
DAL -> BWI,1094,18,1209.0,1.6453382084095063,DAL,BWI,1349,28.74493927125506,80.75832094246826
IAH -> XNA,1077,18,438.0,1.6713091922005572,IAH,XNA,1350,28.7662476028127,80.7789088413588
BOS -> LAS,1026,18,2381.0,1.7543859649122806,BOS,LAS,1351,28.78755593437034,80.79949674024934
BWI -> CHS,1024,18,472.0,1.7578125,BWI,CHS,1352,28.80886426592798,80.82008463913989
CHS -> BWI,1023,18,472.0,1.7595307917888565,CHS,BWI,1353,28.830172597485614,80.84067253803042
SAN -> EWR,983,18,2425.0,1.8311291963377416,SAN,EWR,1354,28.851480929043255,80.86126043692097
BUF -> MDW,958,18,468.0,1.8789144050104383,BUF,MDW,1355,28.872789260600896,80.8818483358115
CHS -> ORD,949,18,760.0,1.8967334035827188,CHS,ORD,1356,28.894097592158534,80.90243623470205
PIT -> BWI,946,18,210.0,1.9027484143763214,PIT,BWI,1357,28.915405923716175,80.92302413359259
LRD -> IAH,920,18,301.0,1.956521739130435,LRD,IAH,1358,28.93671425527381,80.94361203248313
RIC -> DTW,877,18,456.0,2.0524515393386547,RIC,DTW,1359,28.95802258683145,80.96419993137367
PSP -> DFW,724,18,1126.0,2.4861878453038675,PSP,DFW,1360,28.97933091838909,80.98478783026421
DRO -> PHX,698,18,351.73925501432666,2.5787965616045847,DRO,PHX,1361,29.00063924994673,81.00537572915475
BWI -> DAY,695,18,406.0,2.5899280575539567,BWI,DAY,1362,29.02194758150437,81.02596362804529
BOS -> JAX,690,18,1010.0,2.608695652173913,BOS,JAX,1363,29.043255913062005,81.04655152693584
SLC -> BTM,667,18,358.0,2.6986506746626686,SLC,BTM,1364,29.064564244619646,81.06713942582637
BFL -> SFO,660,18,238.0,2.727272727272727,BFL,SFO,1365,29.085872576177284,81.08772732471692
FWA -> DFW,647,18,859.0,2.7820710973724885,FWA,DFW,1366,29.107180907734925,81.10831522360745
MDW -> CLT,637,18,584.0,2.8257456828885403,MDW,CLT,1367,29.128489239292566,81.128903122498
BHM -> DFW,614,18,597.0,2.9315960912052117,BHM,DFW,1368,29.1497975708502,81.14949102138854
LIT -> DEN,607,18,771.0,2.9654036243822075,LIT,DEN,1369,29.17110590240784,81.17007892027908
ORD -> ELP,578,18,1236.0,3.1141868512110724,ORD,ELP,1370,29.19241423396548,81.19066681916962
AVP -> ORD,506,18,632.0,3.557312252964427,AVP,ORD,1371,29.21372256552312,81.21125471806016
ORD -> AVP,506,18,632.0,3.557312252964427,ORD,AVP,1372,29.23503089708076,81.2318426169507
ISP -> TPA,490,18,1034.0,3.6734693877551026,ISP,TPA,1373,29.256339228638396,81.25243051584124
DAL -> IAH,481,18,216.0,3.7422037422037424,DAL,IAH,1374,29.277647560196034,81.2730184147318
IAH -> DAL,481,18,216.0,3.7422037422037424,IAH,DAL,1375,29.298955891753675,81.29360631362232
MTJ -> DEN,461,18,196.0,3.9045553145336225,MTJ,DEN,1376,29.320264223311316,81.31419421251287
JMS -> DEN,286,18,573.0,6.293706293706294,JMS,DEN,1377,29.341572554868954,81.3347821114034
LGA -> PIT,183,18,335.0,9.836065573770492,LGA,PIT,1378,29.362880886426595,81.35537001029395
SEA -> LAX,7765,17,954.0,0.2189311010946555,SEA,LAX,1379,29.38418921798423,81.3748141370239
SFO -> SLC,3249,17,599.0,0.523237919359803,SFO,SLC,1380,29.40549754954187,81.39425826375385
CHS -> ATL,3197,17,259.0,0.5317485142320926,CHS,ATL,1381,29.42680588109951,81.4137023904838
SJC -> PHX,3111,17,621.0,0.546448087431694,SJC,PHX,1382,29.44811421265715,81.43314651721377
CLT -> DTW,3090,17,500.0,0.5501618122977346,CLT,DTW,1383,29.46942254421479,81.45259064394372
DEN -> AUS,2947,17,775.0,0.5768578215134035,DEN,AUS,1384,29.490730875772424,81.47203477067369
AUS -> DEN,2852,17,775.0,0.5960729312762973,AUS,DEN,1385,29.512039207330066,81.49147889740364
SMF -> SAN,2791,17,480.0,0.6091006807595843,SMF,SAN,1386,29.533347538887707,81.5109230241336
TUS -> LAX,2633,17,451.0,0.6456513482719332,TUS,LAX,1387,29.554655870445345,81.53036715086355
PHX -> OAK,2512,17,646.0,0.6767515923566879,PHX,OAK,1388,29.575964202002986,81.54981127759349
ABQ -> PHX,2470,17,328.0,0.688259109311741,ABQ,PHX,1389,29.59727253356062,81.56925540432346
ATL -> GSP,2470,17,153.0,0.688259109311741,ATL,GSP,1390,29.61858086511826,81.58869953105341
SNA -> LAS,2412,17,226.0,0.7048092868988391,SNA,LAS,1391,29.6398891966759,81.60814365778337
JAN -> ATL,2297,17,341.0,0.740095777100566,JAN,ATL,1392,29.66119752823354,81.62758778451332
SFO -> PSP,2140,17,421.0,0.794392523364486,SFO,PSP,1393,29.68250585979118,81.64703191124329
MCI -> DEN,2124,17,533.0,0.800376647834275,MCI,DEN,1394,29.703814191348815,81.66647603797324
ATL -> TRI,1929,17,227.0,0.8812856402280975,ATL,TRI,1395,29.725122522906457,81.68592016470319
DEN -> IND,1892,17,977.0,0.8985200845665962,DEN,IND,1396,29.746430854464094,81.70536429143314
PDX -> SEA,1849,17,129.0,0.9194159004867496,PDX,SEA,1397,29.767739186021736,81.7248084181631
MCO -> IAD,1658,17,758.0,1.0253317249698433,MCO,IAD,1398,29.789047517579377,81.74425254489306
HRL -> HOU,1554,17,277.0,1.093951093951094,HRL,HOU,1399,29.81035584913701,81.76369667162301
SEA -> BOS,1496,17,2496.0,1.1363636363636365,SEA,BOS,1400,29.831664180694652,81.78314079835297
ELM -> DTW,1430,17,332.0,1.1888111888111887,ELM,DTW,1401,29.85297251225229,81.80258492508293
ATL -> PHF,1260,17,508.0,1.3492063492063493,ATL,PHF,1402,29.87428084380993,81.82202905181288
DHN -> ATL,1260,17,170.0,1.3492063492063493,DHN,ATL,1403,29.895589175367572,81.84147317854283
AEX -> ATL,1233,17,500.0,1.37875101378751,AEX,ATL,1404,29.916897506925206,81.86091730527278
JNU -> SEA,1232,17,909.0,1.37987012987013,JNU,SEA,1405,29.938205838482844,81.88036143200274
HOU -> OKC,1198,17,419.0,1.4190317195325544,HOU,OKC,1406,29.959514170040485,81.8998055587327
SJU -> EWR,1195,17,1608.0,1.4225941422594142,SJU,EWR,1407,29.980822501598126,81.91924968546266
RSW -> MDW,1176,17,1105.0,1.445578231292517,RSW,MDW,1408,30.002130833155764,81.93869381219261
MDW -> FLL,1159,17,1166.685936151855,1.4667817083692838,MDW,FLL,1409,30.023439164713402,81.95813793892258
ATL -> SBN,1124,17,566.0,1.5124555160142348,ATL,SBN,1410,30.04474749627104,81.97758206565253
JAX -> BWI,1109,17,663.0,1.532912533814247,JAX,BWI,1411,30.06605582782868,81.99702619238248
JAC -> DEN,1084,17,406.0,1.5682656826568264,JAC,DEN,1412,30.087364159386322,82.01647031911243
ATL -> FWA,1077,17,508.0,1.5784586815227482,ATL,FWA,1413,30.10867249094396,82.03591444584238
SBA -> PHX,1027,17,455.0,1.6553067185978578,SBA,PHX,1414,30.1299808225016,82.05535857257235
BDL -> TPA,960,17,1111.0,1.7708333333333333,BDL,TPA,1415,30.151289154059235,82.0748026993023
TPA -> BDL,959,17,1111.0,1.7726798748696557,TPA,BDL,1416,30.172597485616876,82.09424682603226
AUS -> EWR,943,17,1504.0,1.8027571580063628,AUS,EWR,1417,30.193905817174517,82.11369095276221
ATL -> CHO,940,17,457.0,1.8085106382978722,ATL,CHO,1418,30.215214148732155,82.13313507949216
HSV -> IAH,895,17,595.0,1.899441340782123,HSV,IAH,1419,30.236522480289796,82.15257920622211
MDW -> MSY,874,17,825.0,1.9450800915331807,MDW,MSY,1420,30.25783081184743,82.17202333295207
ABQ -> IAH,861,17,744.0,1.9744483159117305,ABQ,IAH,1421,30.27913914340507,82.19146745968203
DFW -> GJT,852,17,773.0,1.9953051643192488,DFW,GJT,1422,30.30044747496271,82.21091158641198
RSW -> DCA,815,17,892.0,2.085889570552147,RSW,DCA,1423,30.32175580652035,82.23035571314195
BWI -> MCI,785,17,967.0,2.1656050955414012,BWI,MCI,1424,30.34306413807799,82.2497998398719
DFW -> PSP,723,17,1126.0,2.351313969571231,DFW,PSP,1425,30.364372469635626,82.26924396660186
MEM -> CLT,691,17,511.0,2.460202604920405,MEM,CLT,1426,30.385680801193267,82.28868809333181
BOS -> STL,670,17,1047.0,2.5373134328358207,BOS,STL,1427,30.406989132750905,82.30813222006176
ABE -> ORD,665,17,654.190977443609,2.556390977443609,ABE,ORD,1428,30.428297464308546,82.32757634679172
DFW -> FWA,649,17,859.0,2.6194144838212634,DFW,FWA,1429,30.449605795866187,82.34702047352167
DFW -> BDL,640,17,1471.0,2.65625,DFW,BDL,1430,30.47091412742382,82.36646460025163
PHL -> BNA,630,17,675.0,2.6984126984126986,PHL,BNA,1431,30.49222245898146,82.38590872698158
JAX -> ORD,589,17,864.0,2.886247877758913,JAX,ORD,1432,30.5135307905391,82.40535285371155
ESC -> DTW,573,17,306.0,2.966841186736475,ESC,DTW,1433,30.53483912209674,82.4247969804415
ISP -> FLL,567,17,1092.0,2.9982363315696645,ISP,FLL,1434,30.556147453654383,82.44424110717145
FLL -> ISP,566,17,1092.0,3.0035335689045937,FLL,ISP,1435,30.577455785212017,82.4636852339014
DFW -> RAP,522,17,835.0,3.256704980842912,DFW,RAP,1436,30.598764116769654,82.48312936063135
RDU -> IAH,512,17,1042.0,3.3203125,RDU,IAH,1437,30.620072448327296,82.50257348736132
BDL -> EWR,474,17,116.0,3.5864978902953584,BDL,EWR,1438,30.641380779884937,82.52201761409127
CHA -> ORD,381,17,501.0,4.4619422572178475,CHA,ORD,1439,30.662689111442575,82.54146174082123
EWR -> BWI,251,17,169.0,6.772908366533864,EWR,BWI,1440,30.68399744300021,82.56090586755118
DVL -> DEN,240,17,638.0,7.083333333333333,DVL,DEN,1441,30.70530577455785,82.58034999428115
EWR -> DSM,212,17,1017.0,8.018867924528301,EWR,DSM,1442,30.72661410611549,82.5997941210111
SUN -> SFO,169,17,587.0,10.059171597633137,SUN,SFO,1443,30.747922437673132,82.61923824774104
JFK -> ORF,126,17,290.0,13.492063492063492,JFK,ORF,1444,30.76923076923077,82.638682374471
ORF -> JFK,126,17,290.0,13.492063492063492,ORF,JFK,1445,30.790539100788404,82.65812650120095
DEN -> ATL,5082,16,1199.0,0.3148366784730421,DEN,ATL,1446,30.811847432346045,82.67642685577033
PHX -> SNA,3842,16,338.0,0.41644976574700676,PHX,SNA,1447,30.833155763903687,82.6947272103397
ATL -> MCI,3478,16,692.0,0.46003450258769407,ATL,MCI,1448,30.854464095461324,82.71302756490907
ATL -> CHS,3197,16,259.0,0.5004691898654989,ATL,CHS,1449,30.875772427018966,82.73132791947843
SJC -> LAS,2802,16,386.0,0.5710206995003569,SJC,LAS,1450,30.897080758576607,82.74962827404781
ATL -> SDF,2740,16,321.0,0.583941605839416,ATL,SDF,1451,30.91838909013424,82.76792862861718
SDF -> ATL,2739,16,321.0,0.5841548010222709,SDF,ATL,1452,30.939697421691882,82.78622898318655
ATL -> IAD,2622,16,534.0,0.6102212051868803,ATL,IAD,1453,30.96100575324952,82.80452933775592
ATL -> HSV,2463,16,151.0,0.6496142915144133,ATL,HSV,1454,30.98231408480716,82.82282969232529
DEN -> SMF,2398,16,909.0,0.6672226855713094,DEN,SMF,1455,31.003622416364802,82.84113004689466
ATL -> JAN,2297,16,341.0,0.696560731388768,ATL,JAN,1456,31.024930747922436,82.85943040146402
MOB -> ATL,2253,16,302.0,0.7101642254771415,MOB,ATL,1457,31.046239079480074,82.8777307560334
ATL -> MGM,2202,16,147.0,0.7266121707538601,ATL,MGM,1458,31.067547411037715,82.89603111060276
MGM -> ATL,2202,16,147.0,0.7266121707538601,MGM,ATL,1459,31.088855742595356,82.91433146517214
DEN -> MCI,2101,16,533.0,0.7615421227986673,DEN,MCI,1460,31.110164074152998,82.93263181974152
SEA -> JFK,2096,16,2422.0,0.7633587786259541,SEA,JFK,1461,31.131472405710632,82.95093217431088
GNV -> ATL,2089,16,300.0,0.7659167065581618,GNV,ATL,1462,31.15278073726827,82.96923252888024
OMA -> DEN,2083,16,472.0,0.7681228996639462,OMA,DEN,1463,31.17408906882591,82.98753288344962
PHL -> SFO,2072,16,2521.0,0.7722007722007722,PHL,SFO,1464,31.195397400383552,83.005833238019
DEN -> MKE,2037,16,896.0,0.7854688267059401,DEN,MKE,1465,31.21670573194119,83.02413359258836
OKC -> ATL,1976,16,761.0,0.8097165991902834,OKC,ATL,1466,31.238014063498827,83.04243394715772
DTW -> MKE,1730,16,237.0,0.9248554913294799,DTW,MKE,1467,31.259322395056465,83.0607343017271
PHX -> PSP,1722,16,261.0,0.9291521486643438,PHX,PSP,1468,31.280630726614106,83.07903465629647
DTW -> DCA,1705,16,405.0,0.9384164222873901,DTW,DCA,1469,31.301939058171747,83.09733501086583
SAN -> IAH,1701,16,1303.0,0.940623162845385,SAN,IAH,1470,31.323247389729385,83.1156353654352
IAH -> ELP,1544,16,667.0,1.0362694300518136,IAH,ELP,1471,31.34455572128702,83.13393572000457
IAH -> SNA,1512,16,1346.0,1.0582010582010581,IAH,SNA,1472,31.36586405284466,83.15223607457395
BIS -> MSP,1503,16,386.0,1.0645375914836992,BIS,MSP,1473,31.3871723844023,83.17053642914331
BOS -> SEA,1494,16,2496.0,1.07095046854083,BOS,SEA,1474,31.40848071595994,83.18883678371269
PIT -> MCO,1473,16,834.0,1.0862186014935504,PIT,MCO,1475,31.42978904751758,83.20713713828205
ATL -> CRW,1314,16,363.0,1.21765601217656,ATL,CRW,1476,31.451097379075215,83.22543749285143
ATL -> DHN,1260,16,170.0,1.2698412698412698,ATL,DHN,1477,31.472405710632856,83.24373784742079
FAR -> DEN,1226,16,627.0,1.3050570962479608,FAR,DEN,1478,31.493714042190497,83.26203820199017
STL -> HOU,1226,16,687.0,1.3050570962479608,STL,HOU,1479,31.515022373748135,83.28033855655953
BWI -> CLE,1190,16,314.0,1.3445378151260505,BWI,CLE,1480,31.536330705305776,83.2986389111289
DSM -> DEN,1158,16,589.0,1.381692573402418,DSM,DEN,1481,31.557639036863417,83.31693926569828
BOS -> TPA,1102,16,1185.0,1.4519056261343013,BOS,TPA,1482,31.57894736842105,83.33523962026764
DEN -> MOT,1020,16,604.0,1.5686274509803921,DEN,MOT,1483,31.600255699978693,83.353539974837
DCA -> PBI,978,16,857.0,1.6359918200409,DCA,PBI,1484,31.62156403153633,83.37184032940638
DEN -> JAC,950,16,406.0,1.6842105263157894,DEN,JAC,1485,31.64287236309397,83.39014068397576
BDL -> FLL,945,16,1173.0,1.6931216931216932,BDL,FLL,1486,31.664180694651613,83.40844103854512
EWR -> AUS,925,16,1504.0,1.7297297297297298,EWR,AUS,1487,31.685489026209247,83.42674139311448
IAH -> AMA,899,16,517.0,1.7797552836484982,IAH,AMA,1488,31.706797357766884,83.44504174768386
BET -> ANC,896,16,399.0,1.7857142857142856,BET,ANC,1489,31.728105689324526,83.46334210225324
IAH -> HSV,885,16,595.0,1.807909604519774,IAH,HSV,1490,31.749414020882167,83.4816424568226
BMI -> ATL,877,16,533.0,1.8244013683010263,BMI,ATL,1491,31.770722352439805,83.49994281139197
ORD -> SAV,864,16,773.0,1.8518518518518516,ORD,SAV,1492,31.792030683997442,83.51824316596134
DFW -> PBI,848,16,1102.0,1.8867924528301887,DFW,PBI,1493,31.81333901555508,83.53654352053071
RDM -> SFO,834,16,462.0,1.9184652278177456,RDM,SFO,1494,31.83464734711272,83.55484387510008
DEN -> GTF,774,16,624.0,2.0671834625323,DEN,GTF,1495,31.855955678670362,83.57314422966945
IND -> DCA,718,16,500.0,2.2284122562674096,IND,DCA,1496,31.877264010228,83.59144458423881
ISP -> PBI,697,16,1052.0,2.295552367288379,ISP,PBI,1497,31.898572341785638,83.60974493880819
JAX -> BOS,689,16,1010.0,2.3222060957910013,JAX,BOS,1498,31.919880673343275,83.62804529337757
HPN -> FLL,674,16,1097.0,2.3738872403560833,HPN,FLL,1499,31.941189004900917,83.64634564794693
SFO -> BFL,661,16,238.0,2.4205748865355523,SFO,BFL,1500,31.962497336458558,83.66464600251629
CLT -> MDW,636,16,584.0,2.515723270440252,CLT,MDW,1501,31.983805668016196,83.68294635708567
CIU -> DTW,613,16,284.0,2.6101141924959217,CIU,DTW,1502,32.00511399957383,83.70124671165505
ICT -> MDW,613,16,589.0,2.6101141924959217,ICT,MDW,1503,32.02642233113147,83.71954706622441
BOS -> MKE,601,16,860.0,2.6622296173044924,BOS,MKE,1504,32.04773066268911,83.73784742079377
DTW -> ESC,573,16,306.0,2.7923211169284468,DTW,ESC,1505,32.06903899424675,83.75614777536315
ORD -> BOI,543,16,1437.0,2.9465930018416207,ORD,BOI,1506,32.090347325804395,83.77444812993252
ORD -> CHA,381,16,501.0,4.199475065616798,ORD,CHA,1507,32.11165565736203,83.79274848450189
PIT -> IAD,227,16,182.0,7.048458149779736,PIT,IAD,1508,32.13296398891966,83.81104883907126
CEC -> SFO,190,16,304.0,8.421052631578947,CEC,SFO,1509,32.154272320477304,83.82934919364062
ROC -> LGA,189,16,254.0,8.465608465608465,ROC,LGA,1510,32.175580652034945,83.84764954821
LGA -> ROC,181,16,254.0,8.83977900552486,LGA,ROC,1511,32.196888983592586,83.86594990277936
AVL -> EWR,174,16,583.0,9.195402298850574,AVL,EWR,1512,32.21819731515022,83.88425025734874
ATL -> JAX,5106,15,270.0,0.2937720329024677,ATL,JAX,1513,32.23950564670786,83.90140683975751
JAX -> ATL,5096,15,270.0,0.29434850863422296,JAX,ATL,1514,32.2608139782655,83.9185634221663
PBI -> ATL,4197,15,545.0,0.35739814152966404,PBI,ATL,1515,32.282122309823144,83.93572000457509
IND -> ATL,3816,15,432.0,0.39308176100628933,IND,ATL,1516,32.30343064138078,83.95287658698388
ATL -> IND,3811,15,432.0,0.39359748097612174,ATL,IND,1517,32.32473897293842,83.97003316939265
BHM -> ATL,3212,15,134.0,0.4669987546699875,BHM,ATL,1518,32.346047304496054,83.98718975180144
SMF -> PHX,3164,15,647.0,0.47408343868520864,SMF,PHX,1519,32.367355636053695,84.00434633421023
MKE -> ATL,3156,15,669.0,0.4752851711026616,MKE,ATL,1520,32.388663967611336,84.021502916619
ONT -> PHX,2971,15,325.0,0.5048805116122518,ONT,PHX,1521,32.40997229916898,84.03865949902779
ATL -> CLE,2850,15,554.0,0.5263157894736842,ATL,CLE,1522,32.43128063072662,84.05581608143657
SMF -> LAS,2513,15,397.0,0.5968961400716275,SMF,LAS,1523,32.45258896228425,84.07297266384536
SNA -> OAK,2485,15,371.0,0.6036217303822937,SNA,OAK,1524,32.473897293841894,84.09012924625414
CLT -> FLL,2435,15,631.7112936344969,0.6160164271047228,CLT,FLL,1525,32.49520562539953,84.10728582866292
PIT -> CLT,2414,15,366.0,0.6213753106876554,PIT,CLT,1526,32.51651395695717,84.12444241107171
AGS -> ATL,2360,15,143.0,0.6355932203389831,AGS,ATL,1527,32.53782228851481,84.1415989934805
ATL -> MOB,2254,15,302.0,0.6654835847382431,ATL,MOB,1528,32.559130620072445,84.15875557588929
TLH -> ATL,2106,15,223.0,0.7122507122507122,TLH,ATL,1529,32.580438951630086,84.17591215829808
ATL -> OKC,1974,15,761.0,0.7598784194528876,ATL,OKC,1530,32.60174728318773,84.19306874070685
LAX -> RNO,1913,15,391.0,0.7841087297438577,LAX,RNO,1531,32.62305561474537,84.21022532311564
SLC -> JFK,1839,15,1990.0,0.8156606851549755,SLC,JFK,1532,32.64436394630301,84.22738190552442
HOU -> DEN,1773,15,883.0,0.8460236886632826,HOU,DEN,1533,32.665672277860644,84.24453848793321
LAX -> BNA,1642,15,1797.0,0.9135200974421437,LAX,BNA,1534,32.686980609418285,84.26169507034199
FAY -> ATL,1633,15,331.0,0.9185548071034906,FAY,ATL,1535,32.70828894097592,84.27885165275077
XNA -> ATL,1575,15,589.0,0.9523809523809524,XNA,ATL,1536,32.72959727253356,84.29600823515956
EWR -> SEA,1491,15,2402.0,1.0060362173038229,EWR,SEA,1537,32.7509056040912,84.31316481756835
DTW -> ELM,1431,15,332.0,1.0482180293501049,DTW,ELM,1538,32.772213935648836,84.33032139997712
SBN -> DTW,1299,15,157.0,1.1547344110854503,SBN,DTW,1539,32.79352226720648,84.34747798238591
ATL -> AEX,1233,15,500.0,1.2165450121654502,ATL,AEX,1540,32.81483059876412,84.3646345647947
OKC -> HOU,1229,15,419.0,1.2205044751830758,OKC,HOU,1541,32.83613893032176,84.38179114720347
BWI -> RSW,1224,15,919.0,1.2254901960784315,BWI,RSW,1542,32.85744726187939,84.39894772961226
TPA -> BNA,1215,15,612.0,1.2345679012345678,TPA,BNA,1543,32.878755593437035,84.41610431202105
BUF -> CLT,1206,15,546.0,1.2437810945273633,BUF,CLT,1544,32.90006392499467,84.43326089442984
OMA -> IAH,1166,15,781.0,1.2864493996569468,OMA,IAH,1545,32.92137225655231,84.45041747683861
HNL -> PHX,1137,15,2917.0,1.3192612137203166,HNL,PHX,1546,32.94268058810995,84.4675740592474
OAJ -> ATL,1136,15,399.0,1.3204225352112675,OAJ,ATL,1547,32.96398891966759,84.48473064165618
BWI -> JAX,1109,15,663.0,1.3525698827772767,BWI,JAX,1548,32.985297251225234,84.50188722406496
BWI -> DAL,1090,15,1209.0,1.3761467889908259,BWI,DAL,1549,33.00660558278287,84.51904380647375
SEA -> BOI,1038,15,399.0,1.4450867052023122,SEA,BOI,1550,33.02791391434051,84.53620038888253
ORD -> SAT,1036,15,1041.0,1.4478764478764479,ORD,SAT,1551,33.04922224589815,84.55335697129132
MOT -> DEN,1020,15,604.0,1.4705882352941175,MOT,DEN,1552,33.070530577455784,84.5705135537001
LIT -> DAL,1018,15,296.0,1.4734774066797642,LIT,DAL,1553,33.091838909013426,84.58767013610888
BNA -> RDU,993,15,442.0,1.5105740181268883,BNA,RDU,1554,33.11314724057106,84.60482671851767
RDU -> MCO,979,15,534.0,1.5321756894790604,RDU,MCO,1555,33.1344555721287,84.62198330092644
BWI -> PIT,962,15,210.0,1.5592515592515594,BWI,PIT,1556,33.15576390368634,84.63913988333523
COS -> ORD,934,15,911.0,1.6059957173447537,COS,ORD,1557,33.17707223524398,84.65629646574402
AMA -> IAH,899,15,517.0,1.668520578420467,AMA,IAH,1558,33.198380566801625,84.67345304815281
ANC -> BET,896,15,399.0,1.6741071428571428,ANC,BET,1559,33.21968889835926,84.6906096305616
ICT -> DEN,889,15,420.0,1.687289088863892,ICT,DEN,1560,33.2409972299169,84.70776621297038
PHL -> PIT,883,15,268.0,1.698754246885617,PHL,PIT,1561,33.262305561474534,84.72492279537917
AUS -> MDW,882,15,972.0,1.7006802721088436,AUS,MDW,1562,33.283613893032175,84.74207937778795
MKE -> BWI,874,15,641.0,1.7162471395881007,MKE,BWI,1563,33.304922224589816,84.75923596019673
PBI -> DFW,848,15,1102.0,1.7688679245283019,PBI,DFW,1564,33.32623055614745,84.77639254260552
DCA -> RSW,815,15,892.0,1.8404907975460123,DCA,RSW,1565,33.34753888770509,84.7935491250143
CID -> DEN,812,15,692.0,1.8472906403940887,CID,DEN,1566,33.36884721926273,84.81070570742308
SAN -> PHL,794,15,2370.0,1.8891687657430731,SAN,PHL,1567,33.390155550820374,84.82786228983187
PVD -> FLL,786,15,1188.0,1.9083969465648856,PVD,FLL,1568,33.411463882378015,84.84501887224066
BWI -> ROC,716,15,277.0,2.094972067039106,BWI,ROC,1569,33.43277221393565,84.86217545464943
PHX -> DRO,699,15,351.74105865522176,2.1459227467811157,PHX,DRO,1570,33.454080545493284,84.87933203705822
FLL -> HPN,675,15,1097.0,2.2222222222222223,FLL,HPN,1571,33.475388877050925,84.89648861946701
DEN -> RKS,632,15,260.0,2.3734177215189876,DEN,RKS,1572,33.496697208608566,84.91364520187578
RKS -> DEN,632,15,260.0,2.3734177215189876,RKS,DEN,1573,33.51800554016621,84.93080178428457
MRY -> PHX,628,15,598.0,2.388535031847134,MRY,PHX,1574,33.53931387172384,84.94795836669336
DTW -> CIU,613,15,284.0,2.4469820554649266,DTW,CIU,1575,33.56062220328148,84.96511494910214
ORD -> CAE,595,15,666.8134453781513,2.5210084033613445,ORD,CAE,1576,33.581930534839124,84.98227153151092
HYS -> DEN,573,15,298.0,2.6178010471204187,HYS,DEN,1577,33.603238866396765,84.9994281139197
BTV -> ORD,537,15,763.0,2.793296089385475,BTV,ORD,1578,33.6245471979544,85.0165846963285
CAK -> LGA,500,15,397.0,3.0,CAK,LGA,1579,33.64585552951203,85.03374127873727
GSO -> ORD,499,15,589.0,3.006012024048096,GSO,ORD,1580,33.667163861069675,85.05089786114605
PNS -> MIA,496,15,530.0,3.024193548387097,PNS,MIA,1581,33.688472192627316,85.06805444355484
MYR -> BOS,334,15,738.0,4.491017964071856,MYR,BOS,1582,33.70978052418496,85.08521102596363
EWR -> MSN,326,15,799.0,4.601226993865031,EWR,MSN,1583,33.7310888557426,85.1023676083724
SBN -> EWR,326,15,637.0,4.601226993865031,SBN,EWR,1584,33.75239718730024,85.11952419078119
GUC -> DEN,279,15,152.0,5.376344086021505,GUC,DEN,1585,33.773705518857874,85.13668077318998
CHS -> DFW,252,15,987.0,5.952380952380952,CHS,DFW,1586,33.795013850415515,85.15383735559877
ORF -> MIA,240,15,802.0,6.25,ORF,MIA,1587,33.81632218197315,85.17099393800754
GRR -> LGA,221,15,618.0,6.787330316742081,GRR,LGA,1588,33.83763051353079,85.18815052041633
JFK -> IND,154,15,665.0,9.740259740259742,JFK,IND,1589,33.85893884508843,85.20530710282512
CHS -> LGA,150,15,641.0,10.0,CHS,LGA,1590,33.880247176646066,85.2224636852339
HPN -> DTW,146,15,505.0,10.273972602739725,HPN,DTW,1591,33.90155550820371,85.23962026764269
MMH -> SFO,146,15,193.0,10.273972602739725,MMH,SFO,1592,33.92286383976135,85.25677685005148
SFO -> MMH,146,15,193.0,10.273972602739725,SFO,MMH,1593,33.94417217131899,85.27393343246025
LGA -> OMA,138,15,1148.0,10.869565217391305,LGA,OMA,1594,33.96548050287663,85.29109001486904
LGA -> ILM,87,15,500.0,17.24137931034483,LGA,ILM,1595,33.986788834434265,85.30824659727783
RSW -> ATL,3915,14,515.0,0.35759897828863346,RSW,ATL,1596,34.0080971659919,85.32425940752603
ATL -> STL,3525,14,484.0,0.3971631205673759,ATL,STL,1597,34.02940549754954,85.34027221777421
PHX -> IAH,3273,14,1009.0,0.4277421326000611,PHX,IAH,1598,34.05071382910718,85.35628502802241
CMH -> ATL,3266,14,447.0,0.4286589099816289,CMH,ATL,1599,34.07202216066482,85.37229783827061
ATL -> MKE,3160,14,669.0,0.44303797468354433,ATL,MKE,1600,34.09333049222246,85.38831064851881
MSP -> LAX,3093,14,1535.0,0.45263498221791143,MSP,LAX,1601,34.1146388237801,85.40432345876702
SLC -> SFO,2938,14,599.0,0.4765146358066712,SLC,SFO,1602,34.13594715533774,85.42033626901521
CLE -> ATL,2851,14,554.0,0.4910557699052964,CLE,ATL,1603,34.15725548689538,85.43634907926341
LAX -> TUS,2635,14,451.0,0.5313092979127134,LAX,TUS,1604,34.178563818453014,85.45236188951161
MCO -> IAH,2613,14,854.0,0.5357826253348641,MCO,IAH,1605,34.19987215001065,85.4683746997598
LAS -> SNA,2417,14,226.0,0.5792304509722797,LAS,SNA,1606,34.22118048156829,85.484387510008
ATL -> AGS,2361,14,143.0,0.5929690808979247,ATL,AGS,1607,34.24248881312593,85.5004003202562
VPS -> ATL,2208,14,250.0,0.6340579710144928,VPS,ATL,1608,34.26379714468357,85.5164131305044
JFK -> SEA,2094,14,2422.0,0.6685768863419294,JFK,SEA,1609,34.28510547624121,85.5324259407526
MKE -> DEN,2009,14,896.0,0.6968641114982579,MKE,DEN,1610,34.30641380779885,85.5484387510008
DTW -> BNA,1994,14,456.0,0.7021063189568706,DTW,BNA,1611,34.32772213935649,85.564451561249
CLT -> DEN,1902,14,1337.0,0.7360672975814931,CLT,DEN,1612,34.34903047091413,85.5804643714972
BUR -> PHX,1893,14,369.0,0.739566825145272,BUR,PHX,1613,34.370338802471764,85.5964771817454
IND -> DEN,1849,14,977.0,0.7571660356949702,IND,DEN,1614,34.391647134029405,85.61248999199358
DEN -> STL,1842,14,770.0,0.760043431053203,DEN,STL,1615,34.41295546558704,85.6285028022418
RSW -> CLT,1726,14,600.0,0.8111239860950173,RSW,CLT,1616,34.43426379714468,85.64451561249
SAT -> DEN,1711,14,794.0,0.8182349503214494,SAT,DEN,1617,34.45557212870232,85.6605284227382
FAT -> LAX,1693,14,209.0,0.8269344359125812,FAT,LAX,1618,34.47688046025996,85.6765412329864
BNA -> LAX,1637,14,1797.0,0.8552229688454489,BNA,LAX,1619,34.498188791817604,85.6925540432346
ATL -> FAY,1634,14,331.0,0.8567931456548347,ATL,FAY,1620,34.519497123375245,85.70856685348278
ILM -> ATL,1612,14,377.0,0.8684863523573202,ILM,ATL,1621,34.54080545493288,85.72457966373098
DAL -> DEN,1502,14,651.0,0.9320905459387484,DAL,DEN,1622,34.562113786490514,85.74059247397918
DEN -> DAL,1480,14,651.0,0.945945945945946,DEN,DAL,1623,34.583422118048155,85.75660528422738
MCO -> PIT,1464,14,834.0,0.9562841530054645,MCO,PIT,1624,34.604730449605796,85.77261809447559
DTW -> BDL,1357,14,549.0,1.0316875460574797,DTW,BDL,1625,34.62603878116344,85.78863090472379
ONT -> SJC,1329,14,333.0,1.0534236267870578,ONT,SJC,1626,34.64734711272107,85.80464371497197
CLT -> BNA,1291,14,328.0,1.0844306738962044,CLT,BNA,1627,34.66865544427871,85.82065652522017
DEN -> OAK,1242,14,957.0,1.1272141706924315,DEN,OAK,1628,34.689963775836354,85.83666933546837
FLL -> MDW,1154,14,1166.6889081455806,1.2131715771230502,FLL,MDW,1629,34.711272107393995,85.85268214571657
TUS -> IAH,1152,14,936.0,1.215277777777778,TUS,IAH,1630,34.73258043895163,85.86869495596477
SDF -> BWI,1126,14,495.0,1.2433392539964476,SDF,BWI,1631,34.75388877050926,85.88470776621297
MSY -> BNA,1048,14,471.0,1.3358778625954197,MSY,BNA,1632,34.775197102066905,85.90072057646117
IAH -> BNA,1042,14,657.0,1.3435700575815739,IAH,BNA,1633,34.796505433624546,85.91673338670937
JNU -> ANC,1033,14,571.0,1.3552758954501452,JNU,ANC,1634,34.81781376518219,85.93274619695757
IAH -> BWI,993,14,1235.0,1.4098690835850958,IAH,BWI,1635,34.83912209673983,85.94875900720577
PSP -> DEN,985,14,776.0,1.4213197969543148,PSP,DEN,1636,34.86043042829746,85.96477181745396
PBI -> DCA,978,14,857.0,1.4314928425357873,PBI,DCA,1637,34.881738759855104,85.98078462770216
FWA -> DTW,966,14,128.0,1.4492753623188406,FWA,DTW,1638,34.903047091412745,85.99679743795036
PHL -> RSW,960,14,993.0,1.4583333333333333,PHL,RSW,1639,34.92435542297038,86.01281024819856
RSW -> PHL,960,14,993.0,1.4583333333333333,RSW,PHL,1640,34.94566375452802,86.02882305844676
GTR -> ATL,927,14,241.0,1.5102481121898599,GTR,ATL,1641,34.966972086085654,86.04483586869496
IDA -> DEN,905,14,458.0,1.5469613259668509,IDA,DEN,1642,34.988280417643296,86.06084867894316
CVG -> DEN,882,14,1069.0,1.5873015873015872,CVG,DEN,1643,35.00958874920094,86.07686148919136
SAV -> ORD,874,14,773.0,1.6018306636155606,SAV,ORD,1644,35.03089708075858,86.09287429943954
BZN -> DEN,865,14,524.0,1.6184971098265895,BZN,DEN,1645,35.05220541231622,86.10888710968774
DEN -> ICT,840,14,420.0,1.6666666666666667,DEN,ICT,1646,35.07351374387385,86.12489991993596
IAH -> ABQ,796,14,744.0,1.7587939698492463,IAH,ABQ,1647,35.094822075431495,86.14091273018416
FLL -> PVD,787,14,1188.0,1.7789072426937738,FLL,PVD,1648,35.11613040698913,86.15692554043235
EVV -> DTW,779,14,363.0,1.797175866495507,EVV,DTW,1649,35.13743873854677,86.17293835068054
CLE -> MSP,758,14,622.0,1.8469656992084433,CLE,MSP,1650,35.15874707010441,86.18895116092874
MEM -> DEN,758,14,872.0,1.8469656992084433,MEM,DEN,1651,35.18005540166205,86.20496397117694
MSY -> DCA,754,14,969.0,1.8567639257294428,MSY,DCA,1652,35.20136373321969,86.22097678142514
RNO -> DFW,748,14,1345.0,1.8716577540106951,RNO,DFW,1653,35.22267206477733,86.23698959167334
DFW -> RNO,747,14,1345.0,1.8741633199464525,DFW,RNO,1654,35.24398039633497,86.25300240192153
EWR -> SNA,736,14,2434.0,1.9021739130434785,EWR,SNA,1655,35.26528872789261,86.26901521216973
ABE -> DTW,711,14,425.0,1.969057665260197,ABE,DTW,1656,35.286597059450244,86.28502802241793
DTW -> ABE,705,14,425.0,1.9858156028368796,DTW,ABE,1657,35.307905391007885,86.30104083266613
PBI -> ISP,697,14,1052.0,2.008608321377331,PBI,ISP,1658,35.32921372256552,86.31705364291433
DAY -> BWI,695,14,406.0,2.014388489208633,DAY,BWI,1659,35.35052205412316,86.33306645316253
ALB -> MDW,668,14,717.0,2.095808383233533,ALB,MDW,1660,35.3718303856808,86.34907926341073
SJC -> ORD,665,14,1829.0,2.1052631578947367,SJC,ORD,1661,35.39313871723844,86.36509207365893
MDW -> ABQ,662,14,1121.0,2.1148036253776437,MDW,ABQ,1662,35.41444704879608,86.38110488390713
ABQ -> MDW,661,14,1121.0,2.118003025718608,ABQ,MDW,1663,35.43575538035372,86.39711769415533
BWI -> GRR,647,14,528.0,2.1638330757341575,BWI,GRR,1664,35.45706371191136,86.41313050440353
ORF -> DFW,631,14,1212.0,2.218700475435816,ORF,DFW,1665,35.478372043468994,86.42914331465172
DEN -> LIT,625,14,771.0,2.2399999999999998,DEN,LIT,1666,35.499680375026635,86.44515612489992
CHS -> IAH,584,14,925.0,2.3972602739726026,CHS,IAH,1667,35.52098870658427,86.46116893514811
HIB -> MSP,569,14,174.0,2.460456942003515,HIB,MSP,1668,35.54229703814191,86.47718174539631
EKO -> SLC,531,14,200.0,2.6365348399246704,EKO,SLC,1669,35.56360536969955,86.49319455564452
ORD -> GSO,496,14,589.0,2.82258064516129,ORD,GSO,1670,35.58491370125719,86.50920736589272
DEN -> MTJ,459,14,196.0,3.0501089324618738,DEN,MTJ,1671,35.606222032814834,86.52522017614092
CLE -> IAD,363,14,288.0,3.8567493112947657,CLE,IAD,1672,35.62753036437247,86.54123298638912
ORD -> MOB,287,14,778.8188153310105,4.878048780487805,ORD,MOB,1673,35.64883869593011,86.5572457966373
ASE -> SFO,201,14,848.0,6.965174129353234,ASE,SFO,1674,35.67014702748775,86.5732586068855
IND -> JFK,154,14,665.0,9.090909090909092,IND,JFK,1675,35.691455359045385,86.5892714171337
LGA -> MSN,151,14,812.0,9.271523178807946,LGA,MSN,1676,35.712763690603026,86.6052842273819
MHT -> LGA,136,14,195.0,10.294117647058822,MHT,LGA,1677,35.73407202216066,86.62129703763011
STL -> ATL,3520,13,484.0,0.3693181818181818,STL,ATL,1678,35.7553803537183,86.63616607571771
PIT -> ATL,3251,13,526.0,0.3998769609350969,PIT,ATL,1679,35.77668868527594,86.65103511380534
ATL -> BHM,3211,13,134.0,0.4048582995951417,ATL,BHM,1680,35.797997016833584,86.66590415189295
AUS -> ATL,3163,13,813.0,0.4110022130888397,AUS,ATL,1681,35.819305348391225,86.68077318998056
ATL -> SAV,3140,13,214.0,0.4140127388535032,ATL,SAV,1682,35.84061367994886,86.69564222806817
SAV -> ATL,3140,13,214.0,0.4140127388535032,SAV,ATL,1683,35.8619220115065,86.71051126615578
PHX -> SJC,3102,13,621.0,0.4190844616376531,PHX,SJC,1684,35.883230343064135,86.72538030424339
MIA -> MCO,3033,13,192.0,0.42861852950873724,MIA,MCO,1685,35.904538674621776,86.74024934233101
MIA -> LAX,3024,13,2342.0,0.4298941798941799,MIA,LAX,1686,35.92584700617942,86.75511838041862
DEN -> MCO,2901,13,1546.0,0.44812133746983795,DEN,MCO,1687,35.94715533773706,86.76998741850623
SAN -> SMF,2792,13,480.0,0.4656160458452722,SAN,SMF,1688,35.96846366929469,86.78485645659386
IAH -> LAS,2769,13,1222.0,0.4694835680751174,IAH,LAS,1689,35.989772000852334,86.79972549468145
SNA -> SEA,2762,13,978.0,0.47067342505430854,SNA,SEA,1690,36.011080332409975,86.81459453276908
CLT -> PIT,2462,13,366.0,0.5280259951259139,CLT,PIT,1691,36.032388663967616,86.82946357085669
ATL -> VPS,2207,13,250.0,0.5890348889895787,ATL,VPS,1692,36.05369699552525,86.8443326089443
OAK -> ONT,2144,13,362.0,0.6063432835820896,OAK,ONT,1693,36.075005327082884,86.85920164703191
AUS -> SFO,2051,13,1504.0,0.6338371526084837,AUS,SFO,1694,36.096313658640526,86.87407068511952
CAK -> ATL,2042,13,528.0,0.6366307541625857,CAK,ATL,1695,36.11762199019817,86.88893972320713
SFO -> AUS,2034,13,1504.0,0.63913470993117,SFO,AUS,1696,36.13893032175581,86.90380876129475
DEN -> CLT,1902,13,1337.0,0.6834910620399579,DEN,CLT,1697,36.16023865331345,86.91867779938237
BWI -> LAS,1716,13,2106.0,0.7575757575757576,BWI,LAS,1698,36.18154698487108,86.93354683746998
ABQ -> DAL,1581,13,580.0,0.8222643896268185,ABQ,DAL,1699,36.202855316428725,86.9484158755576
ATL -> XNA,1576,13,589.0,0.8248730964467006,ATL,XNA,1700,36.224163647986366,86.9632849136452
DAL -> ABQ,1572,13,580.0,0.826972010178117,DAL,ABQ,1701,36.245471979544,86.97815395173282
SAT -> LAX,1556,13,1211.0,0.8354755784061696,SAT,LAX,1702,36.26678031110164,86.99302298982042
SEA -> EWR,1513,13,2402.0,0.8592200925313946,SEA,EWR,1703,36.288088642659275,87.00789202790804
MSP -> BIS,1503,13,386.0,0.8649367930805056,MSP,BIS,1704,36.30939697421692,87.02276106599565
SFO -> OGG,1428,13,2338.0,0.9103641456582634,SFO,OGG,1705,36.33070530577456,87.03763010408326
MKE -> PHX,1413,13,1460.0,0.9200283085633405,MKE,PHX,1706,36.3520136373322,87.05249914217089
BDL -> DTW,1364,13,549.0,0.9530791788856305,BDL,DTW,1707,36.37332196888984,87.0673681802585
MIA -> DEN,1349,13,1709.0,0.9636767976278725,MIA,DEN,1708,36.394630300447474,87.08223721834611
ELP -> DAL,1274,13,562.0,1.0204081632653061,ELP,DAL,1709,36.415938632005115,87.09710625643372
ONT -> DEN,1176,13,819.0,1.1054421768707483,ONT,DEN,1710,36.43724696356275,87.11197529452133
BNA -> MCI,1080,13,491.0,1.2037037037037037,BNA,MCI,1711,36.45855529512039,87.12684433260894
IAH -> OKC,990,13,395.0,1.3131313131313131,IAH,OKC,1712,36.47986362667803,87.14171337069656
BOS -> SAN,964,13,2588.0,1.3485477178423237,BOS,SAN,1713,36.501171958235666,87.15658240878416
SAN -> BOS,964,13,2588.0,1.3485477178423237,SAN,BOS,1714,36.52248028979331,87.17145144687179
MSY -> FLL,932,13,674.0,1.3948497854077253,MSY,FLL,1715,36.54378862135095,87.1863204849594
ATL -> GTR,927,13,241.0,1.4023732470334414,ATL,GTR,1716,36.56509695290859,87.201189523047
DEN -> IDA,905,13,458.0,1.4364640883977902,DEN,IDA,1717,36.58640528446623,87.21605856113463
BNA -> DAL,904,13,623.0,1.4380530973451326,BNA,DAL,1718,36.607713616023865,87.23092759922223
DAL -> BNA,903,13,623.0,1.4396456256921373,DAL,BNA,1719,36.6290219475815,87.24579663730985
PIT -> IAH,902,13,1117.0,1.441241685144124,PIT,IAH,1720,36.65033027913914,87.26066567539746
IAH -> MKE,863,13,984.0,1.5063731170336037,IAH,MKE,1721,36.67163861069678,87.27553471348507
MSY -> MDW,863,13,825.0,1.5063731170336037,MSY,MDW,1722,36.69294694225442,87.29040375157268
DRO -> DFW,798,13,674.0,1.6290726817042605,DRO,DFW,1723,36.714255273812064,87.30527278966031
DEN -> FCA,778,13,752.0,1.6709511568123392,DEN,FCA,1724,36.7355636053697,87.3201418277479
DTW -> EVV,777,13,363.0,1.673101673101673,DTW,EVV,1725,36.75687193692734,87.33501086583553
ROC -> BWI,724,13,277.0,1.7955801104972375,ROC,BWI,1726,36.77818026848498,87.34987990392314
PSC -> DEN,703,13,852.0,1.849217638691323,PSC,DEN,1727,36.799488600042615,87.36474894201075
DEN -> MEM,700,13,872.0,1.8571428571428572,DEN,MEM,1728,36.820796931600256,87.37961798009837
IAD -> DTW,697,13,383.0,1.8651362984218076,IAD,DTW,1729,36.84210526315789,87.39448701818597
STL -> BOS,684,13,1047.0,1.9005847953216373,STL,BOS,1730,36.86341359471553,87.4093560562736
IAD -> MDW,676,13,577.0,1.9230769230769231,IAD,MDW,1731,36.88472192627317,87.4242250943612
MDW -> ALB,672,13,717.0,1.9345238095238095,MDW,ALB,1732,36.906030257830814,87.43909413244882
ORD -> SJC,666,13,1829.0,1.951951951951952,ORD,SJC,1733,36.927338589388455,87.45396317053643
DCA -> BDL,661,13,313.0,1.9667170953101363,DCA,BDL,1734,36.94864692094609,87.46883220862404
CLD -> LAX,641,13,86.0,2.02808112324493,CLD,LAX,1735,36.96995525250373,87.48370124671166
LAX -> CLD,640,13,86.0,2.03125,LAX,CLD,1736,36.991263584061365,87.49857028479927
BNA -> AUS,627,13,756.0,2.073365231259968,BNA,AUS,1737,37.012571915619006,87.51343932288688
SLC -> PHL,616,13,1927.0,2.1103896103896105,SLC,PHL,1738,37.03388024717665,87.52830836097449
DRO -> DEN,572,13,250.76573426573427,2.272727272727273,DRO,DEN,1739,37.05518857873428,87.54317739906212
OGG -> PHX,556,13,2845.0,2.338129496402878,OGG,PHX,1740,37.07649691029192,87.55804643714971
EYW -> MIA,549,13,125.0,2.3679417122040074,EYW,MIA,1741,37.097805241849564,87.57291547523734
MIA -> EYW,549,13,125.0,2.3679417122040074,MIA,EYW,1742,37.119113573407205,87.58778451332495
CHS -> MDW,548,13,745.0,2.3722627737226274,CHS,MDW,1743,37.140421904964846,87.60265355141256
SLC -> EKO,531,13,200.0,2.4482109227871938,SLC,EKO,1744,37.16173023652248,87.61752258950017
RDU -> SFO,518,13,2400.0,2.5096525096525095,RDU,SFO,1745,37.18303856808012,87.63239162758778
MIA -> PNS,496,13,530.0,2.620967741935484,MIA,PNS,1746,37.204346899637756,87.6472606656754
TPA -> ISP,491,13,1034.0,2.6476578411405294,TPA,ISP,1747,37.2256552311954,87.66212970376301
ORD -> MHT,487,13,843.0,2.6694045174537986,ORD,MHT,1748,37.24696356275304,87.67699874185062
ORD -> JAX,467,13,864.0,2.7837259100642395,ORD,JAX,1749,37.26827189431067,87.69186777993824
LIH -> SFO,438,13,2447.0,2.968036529680365,LIH,SFO,1750,37.28958022586831,87.70673681802586
EGE -> DFW,433,13,721.0,3.0023094688221708,EGE,DFW,1751,37.310888557425955,87.72160585611346
IAD -> CLE,339,13,288.0,3.8348082595870205,IAD,CLE,1752,37.332196888983596,87.73647489420108
LIT -> MDW,332,13,544.0,3.91566265060241,LIT,MDW,1753,37.35350522054123,87.75134393228868
MDW -> LIT,332,13,544.0,3.91566265060241,MDW,LIT,1754,37.37481355209887,87.7662129703763
ORH -> MCO,332,13,1091.0,3.91566265060241,ORH,MCO,1755,37.396121883656505,87.78108200846391
ORH -> FLL,331,13,1211.0,3.927492447129909,ORH,FLL,1756,37.41743021521415,87.79595104655152
DEN -> GUC,277,13,152.0,4.693140794223827,DEN,GUC,1757,37.43873854677179,87.81082008463915
DFW -> CHS,251,13,987.0,5.179282868525896,DFW,CHS,1758,37.46004687832943,87.82568912272676
BDL -> IAD,172,13,326.0,7.55813953488372,BDL,IAD,1759,37.48135520988707,87.84055816081437
CVG -> LGA,108,13,585.0,12.037037037037036,CVG,LGA,1760,37.502663541444704,87.85542719890198
ATL -> PBI,4197,12,545.0,0.28591851322373124,ATL,PBI,1761,37.523971873002345,87.869152464829
LAS -> ATL,4113,12,1747.0,0.29175784099197666,LAS,ATL,1762,37.54528020455999,87.88287773075604
ATL -> LAS,4099,12,1747.0,0.2927543303244694,ATL,LAS,1763,37.56658853611762,87.89660299668306
ATL -> RSW,3921,12,515.0,0.306044376434583,ATL,RSW,1764,37.58789686767526,87.9103282626101
MCO -> SJU,3550,12,1189.0,0.3380281690140845,MCO,SJU,1765,37.609205199232896,87.92405352853712
LAX -> MSP,3091,12,1535.0,0.38822387576835976,LAX,MSP,1766,37.63051353079054,87.93777879446414
CLT -> MCO,2957,12,468.0,0.4058167061210686,CLT,MCO,1767,37.65182186234818,87.95150406039117
CLT -> TPA,2856,12,507.0,0.42016806722689076,CLT,TPA,1768,37.67313019390582,87.9652293263182
ATL -> GSO,2667,12,306.0,0.44994375703037126,ATL,GSO,1769,37.69443852546346,87.97895459224523
ATL -> PNS,2268,12,271.0,0.5291005291005291,ATL,PNS,1770,37.715746857021095,87.99267985817225
PNS -> ATL,2268,12,271.0,0.5291005291005291,PNS,ATL,1771,37.737055188578736,88.00640512409927
SNA -> SMF,2132,12,404.0,0.5628517823639775,SNA,SMF,1772,37.75836352013637,88.02013039002631
STL -> PHX,2128,12,1262.0,0.5639097744360901,STL,PHX,1773,37.77967185169401,88.03385565595333
ATL -> TLH,2106,12,223.0,0.5698005698005698,ATL,TLH,1774,37.80098018325165,88.04758092188037
ATL -> GNV,2088,12,300.0,0.5747126436781609,ATL,GNV,1775,37.82228851480929,88.06130618780739
SMF -> ONT,2044,12,390.0,0.5870841487279843,SMF,ONT,1776,37.84359684636693,88.07503145373443
SLC -> IAH,2000,12,1195.0,0.6,SLC,IAH,1777,37.86490517792457,88.08875671966145
FLL -> TPA,1929,12,197.0,0.6220839813374806,FLL,TPA,1778,37.88621350948221,88.10248198558847
TPA -> FLL,1899,12,197.0,0.631911532385466,TPA,FLL,1779,37.90752184103985,88.1162072515155
SEA -> PDX,1851,12,129.0,0.6482982171799028,SEA,PDX,1780,37.928830172597486,88.12993251744253
JFK -> SLC,1839,12,1990.0,0.6525285481239804,JFK,SLC,1781,37.95013850415512,88.14365778336956
PBI -> CLT,1616,12,590.0,0.7425742574257426,PBI,CLT,1782,37.97144683571276,88.15738304929658
ATL -> ILM,1612,12,377.0,0.7444168734491315,ATL,ILM,1783,37.9927551672704,88.1711083152236
BWI -> PHX,1603,12,1999.0,0.7485963817841547,BWI,PHX,1784,38.014063498828044,88.18483358115063
LAS -> CLT,1554,12,1916.0,0.7722007722007722,LAS,CLT,1785,38.03537183038568,88.19855884707766
SNA -> IAH,1463,12,1346.0,0.8202323991797676,SNA,IAH,1786,38.05668016194332,88.21228411300469
DTW -> SBN,1303,12,157.0,0.920951650038373,DTW,SBN,1787,38.07798849350096,88.2260093789317
OAK -> DEN,1252,12,957.0,0.9584664536741214,OAK,DEN,1788,38.0992968250586,88.23973464485874
HOU -> CRP,1250,12,187.0,0.96,HOU,CRP,1789,38.120605156616236,88.25345991078576
BUR -> DEN,1245,12,850.0,0.9638554216867471,BUR,DEN,1790,38.14191348817388,88.2671851767128
DEN -> FLL,1221,12,1703.0,0.9828009828009828,DEN,FLL,1791,38.16322181973151,88.28091044263982
EWR -> SJU,1194,12,1608.0,1.0050251256281406,EWR,SJU,1792,38.18453015128915,88.29463570856684
MDW -> SAN,1184,12,1728.0,1.0135135135135136,MDW,SAN,1793,38.205838482846794,88.30836097449388
SAN -> MDW,1171,12,1728.0,1.0247651579846286,SAN,MDW,1794,38.227146814404435,88.3220862404209
DEN -> ONT,1160,12,819.0,1.0344827586206897,DEN,ONT,1795,38.248455145962076,88.33581150634794
ATL -> OAJ,1136,12,399.0,1.056338028169014,ATL,OAJ,1796,38.26976347751971,88.34953677227496
MCI -> BNA,1100,12,491.0,1.090909090909091,MCI,BNA,1797,38.29107180907735,88.363262038202
BWI -> MIA,1098,12,946.0,1.092896174863388,BWI,MIA,1798,38.312380140634986,88.37698730412902
BNA -> MSY,1037,12,471.0,1.1571841851494697,BNA,MSY,1799,38.33368847219263,88.39071257005604
RDU -> BNA,997,12,442.0,1.2036108324974923,RDU,BNA,1800,38.35499680375027,88.40443783598307
MDW -> OAK,995,12,1844.0,1.2060301507537687,MDW,OAK,1801,38.3763051353079,88.4181631019101
ORD -> CHS,961,12,760.0,1.2486992715920915,ORD,CHS,1802,38.39761346686554,88.43188836783713
CMH -> IAH,937,12,986.0,1.2806830309498398,CMH,IAH,1803,38.418921798423185,88.44561363376415
IAH -> COS,914,12,809.0,1.312910284463895,IAH,COS,1804,38.440230129980826,88.45933889969119
COS -> IAH,894,12,809.0,1.342281879194631,COS,IAH,1805,38.46153846153847,88.47306416561821
ATL -> BMI,877,12,533.0,1.3683010262257698,ATL,BMI,1806,38.4828467930961,88.48678943154523
DTW -> RIC,877,12,456.0,1.3683010262257698,DTW,RIC,1807,38.504155124653735,88.50051469747227
TPA -> RDU,870,12,587.0,1.3793103448275863,TPA,RDU,1808,38.52546345621138,88.51423996339929
BWI -> MKE,858,12,641.0,1.3986013986013985,BWI,MKE,1809,38.54677178776902,88.52796522932633
MOT -> MSP,830,12,449.0,1.4457831325301205,MOT,MSP,1810,38.56808011932666,88.54169049525335
MSP -> MOT,830,12,449.0,1.4457831325301205,MSP,MOT,1811,38.58938845088429,88.55541576118038
MCI -> BWI,802,12,967.0,1.4962593516209477,MCI,BWI,1812,38.610696782441934,88.5691410271074
DFW -> DRO,798,12,674.0,1.5037593984962405,DFW,DRO,1813,38.632005113999575,88.58286629303443
FCA -> DEN,777,12,752.0,1.5444015444015444,FCA,DEN,1814,38.65331344555722,88.59659155896146
GTF -> DEN,774,12,624.0,1.550387596899225,GTF,DEN,1815,38.67462177711485,88.61031682488849
LNK -> DEN,765,12,423.0,1.5686274509803921,LNK,DEN,1816,38.695930108672485,88.62404209081551
LGA -> RSW,763,12,1080.0,1.5727391874180863,LGA,RSW,1817,38.717238440230126,88.63776735674253
DEN -> PSC,702,12,852.0,1.7094017094017095,DEN,PSC,1818,38.73854677178777,88.65149262266956
MDW -> SAT,696,12,1036.0,1.7241379310344827,MDW,SAT,1819,38.75985510334541,88.66521788859659
TPA -> PVD,682,12,1136.0,1.7595307917888565,TPA,PVD,1820,38.78116343490305,88.67894315452361
JFK -> SAV,669,12,718.0,1.7937219730941705,JFK,SAV,1821,38.80247176646069,88.69266842045064
SAV -> JFK,669,12,718.0,1.7937219730941705,SAV,JFK,1822,38.823780098018325,88.70639368637767
CHS -> DCA,649,12,444.0,1.848998459167951,CHS,DCA,1823,38.845088429575966,88.7201189523047
GRR -> BWI,649,12,528.0,1.848998459167951,GRR,BWI,1824,38.8663967611336,88.73384421823172
DSM -> MDW,643,12,306.0,1.8662519440124419,DSM,MDW,1825,38.88770509269124,88.74756948415875
AUS -> BNA,635,12,756.0,1.889763779527559,AUS,BNA,1826,38.90901342424888,88.76129475008578
BHM -> MDW,631,12,570.0,1.9017432646592711,BHM,MDW,1827,38.93032175580652,88.7750200160128
EUG -> DEN,631,12,996.0,1.9017432646592711,EUG,DEN,1828,38.95163008736416,88.78874528193984
MDW -> BHM,631,12,570.0,1.9017432646592711,MDW,BHM,1829,38.9729384189218,88.80247054786686
MDW -> GSP,629,12,562.0,1.9077901430842605,MDW,GSP,1830,38.99424675047944,88.8161958137939
DFW -> BHM,612,12,597.0,1.9607843137254901,DFW,BHM,1831,39.01555508203708,88.82992107972092
BOS -> MCI,606,12,1256.0,1.9801980198019802,BOS,MCI,1832,39.036863413594716,88.84364634564794
STL -> IAH,594,12,667.0,2.0202020202020203,STL,IAH,1833,39.05817174515235,88.85737161157498
BWI -> BHM,592,12,682.0,2.027027027027027,BWI,BHM,1834,39.07948007670999,88.871096877502
DEN -> RAP,589,12,300.0,2.037351443123939,DEN,RAP,1835,39.10078840826763,88.88482214342903
DEN -> DRO,571,12,250.76707530647985,2.1015761821366024,DEN,DRO,1836,39.122096739825274,88.89854740935606
MSO -> DEN,567,12,679.0,2.1164021164021163,MSO,DEN,1837,39.14340507138291,88.91227267528309
ORF -> MDW,540,12,704.0,2.2222222222222223,ORF,MDW,1838,39.16471340294055,88.92599794121011
BWI -> FNT,538,12,452.0,2.2304832713754648,BWI,FNT,1839,39.18602173449819,88.93972320713713
FNT -> BWI,538,12,452.0,2.2304832713754648,FNT,BWI,1840,39.20733006605583,88.95344847306417
LEX -> DTW,500,12,296.0,2.4,LEX,DTW,1841,39.228638397613466,88.96717373899119
MSY -> LGA,461,12,1183.0,2.6030368763557483,MSY,LGA,1842,39.2499467291711,88.98089900491823
DTW -> LAN,441,12,74.0,2.7210884353741496,DTW,LAN,1843,39.27125506072874,88.99462427084525
SFO -> PSC,365,12,620.0,3.287671232876712,SFO,PSC,1844,39.29256339228638,89.00834953677229
DFW -> ASE,335,12,701.0,3.582089552238806,DFW,ASE,1845,39.313871723844024,89.02207480269931
BRW -> FAI,334,12,503.0,3.592814371257485,BRW,FAI,1846,39.335180055401665,89.03580006862633
MCO -> ORH,334,12,1091.0,3.592814371257485,MCO,ORH,1847,39.3564883869593,89.04952533455337
SRQ -> ORD,319,12,1050.0,3.761755485893417,SRQ,ORD,1848,39.37779671851694,89.06325060048039
SAF -> DEN,300,12,303.0,4.0,SAF,DEN,1849,39.39910505007458,89.07697586640741
DEN -> SAF,299,12,303.0,4.013377926421405,DEN,SAF,1850,39.420413381632216,89.09070113233443
IAD -> PIT,228,12,182.0,5.263157894736842,IAD,PIT,1851,39.44172171318986,89.10442639826147
EWR -> OKC,161,12,1325.0,7.453416149068323,EWR,OKC,1852,39.46303004474749,89.11815166418849
LBE -> ORD,158,12,459.0,7.59493670886076,LBE,ORD,1853,39.48433837630513,89.13187693011551
DTW -> HPN,146,12,505.0,8.21917808219178,DTW,HPN,1854,39.50564670786277,89.14560219604255
LGA -> TYS,73,12,647.0,16.43835616438356,LGA,TYS,1855,39.526955039420415,89.15932746196957
TYS -> LGA,73,12,647.0,16.43835616438356,TYS,LGA,1856,39.548263370978056,89.1730527278966
PHX -> SEA,5770,11,1107.0,0.19064124783362218,PHX,SEA,1857,39.5695717025357,89.18563422166305
SEA -> LAS,5009,11,867.0,0.2196047115192653,SEA,LAS,1858,39.59088003409333,89.19821571542948
MSP -> PHX,4052,11,1276.0,0.27147087857847974,MSP,PHX,1859,39.612188365650965,89.21079720919593
SJU -> MCO,3552,11,1189.0,0.3096846846846847,SJU,MCO,1860,39.63349669720861,89.22337870296238
MCI -> ATL,3490,11,692.0,0.3151862464183381,MCI,ATL,1861,39.65480502876625,89.23596019672881
SAN -> SEA,3192,11,1050.0,0.34461152882205515,SAN,SEA,1862,39.67611336032389,89.24854169049526
LAX -> MIA,3023,11,2342.0,0.36387694343367516,LAX,MIA,1863,39.69742169188152,89.26112318426169
PHX -> CLT,2808,11,1773.0,0.39173789173789175,PHX,CLT,1864,39.718730023439164,89.27370467802814
LAS -> SJC,2792,11,386.0,0.3939828080229226,LAS,SJC,1865,39.740038354996805,89.28628617179459
FLL -> SJU,2790,11,1046.0,0.39426523297491045,FLL,SJU,1866,39.76134668655445,89.29886766556102
SEA -> SNA,2762,11,978.0,0.39826212889210716,SEA,SNA,1867,39.78265501811208,89.31144915932747
DTW -> PHX,2715,11,1671.0,0.40515653775322286,DTW,PHX,1868,39.80396334966972,89.3240306530939
MSP -> LAS,2545,11,1299.0,0.4322200392927309,MSP,LAS,1869,39.825271681227356,89.33661214686035
LAS -> MSP,2543,11,1299.0,0.43255996854109324,LAS,MSP,1870,39.846580012785,89.3491936406268
LAS -> SMF,2489,11,397.0,0.44194455604660504,LAS,SMF,1871,39.86788834434264,89.36177513439323
STL -> MSP,2254,11,448.0,0.4880212954747116,STL,MSP,1872,39.88919667590028,89.37435662815967
TPA -> MIA,1998,11,204.0,0.5505505505505506,TPA,MIA,1873,39.910505007457914,89.38693812192611
LIT -> ATL,1976,11,453.0,0.5566801619433198,LIT,ATL,1874,39.931813339015555,89.39951961569255
DEN -> BOI,1947,11,649.0,0.5649717514124294,DEN,BOI,1875,39.953121670573196,89.412101109459
DEN -> HOU,1762,11,883.0,0.6242905788876276,DEN,HOU,1876,39.97443000213083,89.42468260322543
LAS -> BWI,1713,11,2106.0,0.642148277875073,LAS,BWI,1877,39.99573833368847,89.43726409699188
MSY -> CLT,1471,11,651.0,0.7477906186267845,MSY,CLT,1878,40.017046665246106,89.44984559075833
MYR -> ATL,1420,11,317.0,0.7746478873239436,MYR,ATL,1879,40.03835499680375,89.46242708452476
CLT -> RIC,1349,11,257.0,0.815418828762046,CLT,RIC,1880,40.05966332836139,89.47500857829121
DEN -> GEG,1339,11,836.0,0.8215085884988798,DEN,GEG,1881,40.08097165991903,89.48759007205764
SEA -> JNU,1326,11,909.0,0.8295625942684767,SEA,JNU,1882,40.10227999147667,89.50017156582408
DEN -> FAR,1226,11,627.0,0.897226753670473,DEN,FAR,1883,40.123588323034305,89.51275305959054
FLL -> DEN,1216,11,1703.0,0.9046052631578948,FLL,DEN,1884,40.144896654591946,89.52533455335697
CLT -> BUF,1206,11,546.0,0.9121061359867331,CLT,BUF,1885,40.16620498614959,89.53791604712342
TUS -> PHX,1155,11,110.0,0.9523809523809524,TUS,PHX,1886,40.18751331770722,89.55049754088985
IAH -> TUS,1153,11,936.0,0.9540329575021683,IAH,TUS,1887,40.20882164926486,89.5630790346563
PHX -> HNL,1137,11,2917.0,0.9674582233948988,PHX,HNL,1888,40.230129980822504,89.57566052842274
BIL -> DEN,1104,11,455.0,0.9963768115942028,BIL,DEN,1889,40.25143831238014,89.58824202218918
MSP -> BWI,1039,11,936.0,1.0587102983638113,MSP,BWI,1890,40.27274664393778,89.60082351595562
DAL -> LIT,1018,11,296.0,1.080550098231827,DAL,LIT,1891,40.29405497549542,89.61340500972206
SFO -> LGB,999,11,354.0,1.1011011011011012,SFO,LGB,1892,40.31536330705306,89.6259865034885
RDU -> DTW,998,11,501.0,1.1022044088176353,RDU,DTW,1893,40.336671638610696,89.63856799725495
ATL -> PVD,947,11,903.0,1.1615628299894403,ATL,PVD,1894,40.35797997016834,89.65114949102139
PVD -> ATL,947,11,903.0,1.1615628299894403,PVD,ATL,1895,40.37928830172597,89.66373098478783
FLL -> BDL,945,11,1173.0,1.164021164021164,FLL,BDL,1896,40.40059663328361,89.67631247855428
CMH -> DEN,892,11,1154.0,1.2331838565022422,CMH,DEN,1897,40.421904964841254,89.68889397232071
RDU -> TPA,869,11,587.0,1.2658227848101267,RDU,TPA,1898,40.443213296398895,89.70147546608716
DEN -> BZN,867,11,524.0,1.2687427912341407,DEN,BZN,1899,40.46452162795653,89.7140569598536
RSW -> LGA,765,11,1080.0,1.4379084967320261,RSW,LGA,1900,40.48582995951417,89.72663845362004
MSN -> DEN,724,11,826.0,1.5193370165745856,MSN,DEN,1901,40.50713829107181,89.73921994738649
KOA -> SFO,694,11,2367.0,1.585014409221902,KOA,SFO,1902,40.52844662262945,89.75180144115292
PVD -> TPA,676,11,1136.0,1.6272189349112427,PVD,TPA,1903,40.54975495418709,89.76438293491937
AUS -> BWI,643,11,1342.0,1.7107309486780715,AUS,BWI,1904,40.57106328574472,89.7769644286858
DFW -> ORF,631,11,1212.0,1.7432646592709984,DFW,ORF,1905,40.59237161730236,89.78954592245225
DLH -> MSP,618,11,144.0,1.779935275080906,DLH,MSP,1906,40.61367994886,89.8021274162187
MSP -> DLH,618,11,144.0,1.779935275080906,MSP,DLH,1907,40.634988280417645,89.81470890998513
ANC -> OTZ,616,11,548.0,1.7857142857142856,ANC,OTZ,1908,40.656296611975286,89.82729040375158
MDW -> ICT,613,11,589.0,1.794453507340946,MDW,ICT,1909,40.67760494353292,89.83987189751802
LGB -> JFK,611,11,2465.0,1.800327332242226,LGB,JFK,1910,40.69891327509056,89.85245339128446
DEN -> SGF,610,11,637.0,1.8032786885245904,DEN,SGF,1911,40.7202216066482,89.8650348850509
RAP -> DEN,563,11,300.0,1.9538188277087036,RAP,DEN,1912,40.74152993820584,89.87761637881734
JFK -> DFW,559,11,1391.0,1.9677996422182469,JFK,DFW,1913,40.76283826976348,89.89019787258378
RIC -> IAH,526,11,1157.0,2.091254752851711,RIC,IAH,1914,40.78414660132111,89.90277936635023
IAH -> RIC,519,11,1157.0,2.119460500963391,IAH,RIC,1915,40.80545493287875,89.91536086011666
ORD -> BTV,519,11,763.0,2.119460500963391,ORD,BTV,1916,40.826763264436394,89.92794235388311
DSM -> IAH,511,11,802.0,2.152641878669276,DSM,IAH,1917,40.848071595994035,89.94052384764954
BFL -> IAH,492,11,1428.0,2.2357723577235773,BFL,IAH,1918,40.86937992755168,89.95310534141599
MHT -> ORD,488,11,843.0,2.2540983606557377,MHT,ORD,1919,40.89068825910931,89.96568683518244
LGA -> MSY,461,11,1183.0,2.386117136659436,LGA,MSY,1920,40.91199659066695,89.97826832894887
DFW -> EGE,434,11,721.0,2.5345622119815667,DFW,EGE,1921,40.933304922224586,89.99084982271532
ANC -> OME,379,11,539.0,2.9023746701846966,ANC,OME,1922,40.95461325378223,90.00343131648175
OTZ -> ANC,379,11,548.0,2.9023746701846966,OTZ,ANC,1923,40.97592158533987,90.0160128102482
FAR -> DFW,366,11,968.0,3.0054644808743167,FAR,DFW,1924,40.99722991689751,90.02859430401465
EVV -> DFW,360,11,642.0,3.0555555555555554,EVV,DFW,1925,41.018538248455144,90.04117579778108
DEN -> DIK,340,11,488.0,3.2352941176470593,DEN,DIK,1926,41.039846580012785,90.05375729154753
PWM -> CLT,334,11,813.0,3.293413173652695,PWM,CLT,1927,41.061154911570426,90.06633878531397
BIS -> DFW,333,11,977.0,3.303303303303303,BIS,DFW,1928,41.08246324312807,90.0789202790804
BIS -> ORD,333,11,716.0,3.303303303303303,BIS,ORD,1929,41.1037715746857,90.09150177284685
HPN -> RSW,332,11,1102.0,3.313253012048193,HPN,RSW,1930,41.125079906243336,90.10408326661329
BWI -> LIT,319,11,912.0,3.4482758620689653,BWI,LIT,1931,41.14638823780098,90.11666476037973
DEN -> COD,315,11,391.0,3.492063492063492,DEN,COD,1932,41.16769656935862,90.12924625414618
OTZ -> OME,284,11,183.0,3.873239436619718,OTZ,OME,1933,41.18900490091626,90.14182774791261
PUB -> DEN,264,11,109.0,4.166666666666666,PUB,DEN,1934,41.2103132324739,90.15440924167906
BWI -> EWR,245,11,169.0,4.489795918367347,BWI,EWR,1935,41.231621564031535,90.1669907354455
SAF -> LAX,230,11,710.0,4.782608695652174,SAF,LAX,1936,41.252929895589176,90.17957222921194
EWR -> XNA,229,11,1131.0,4.8034934497816595,EWR,XNA,1937,41.27423822714682,90.19215372297839
IAD -> BDL,171,11,326.0,6.432748538011696,IAD,BDL,1938,41.29554655870445,90.20473521674482
UST -> TTN,152,11,801.0,7.236842105263158,UST,TTN,1939,41.31685489026209,90.21731671051127
LGA -> CHS,149,11,641.0,7.38255033557047,LGA,CHS,1940,41.33816322181973,90.2298982042777
LIH -> HNL,5855,10,102.0,0.1707941929974381,LIH,HNL,1941,41.35947155337737,90.24133592588356
SJC -> SEA,4025,10,697.0,0.2484472049689441,SJC,SEA,1942,41.38077988493501,90.25277364748942
DEN -> PDX,3436,10,991.0,0.2910360884749709,DEN,PDX,1943,41.40208821649265,90.26421136909526
ATL -> CMH,3277,10,447.0,0.3051571559353067,ATL,CMH,1944,41.42339654805029,90.27564909070114
ATL -> PIT,3255,10,526.0,0.30721966205837176,ATL,PIT,1945,41.444704879607926,90.287086812307
OAK -> SEA,3221,10,671.7556659422539,0.3104625892579944,OAK,SEA,1946,41.46601321116557,90.29852453391285
PHX -> SMF,3160,10,647.0,0.31645569620253167,PHX,SMF,1947,41.4873215427232,90.30996225551871
ATL -> AUS,3154,10,813.0,0.31705770450221943,ATL,AUS,1948,41.50862987428084,90.32139997712456
LAX -> OGG,2708,10,2486.0,0.3692762186115214,LAX,OGG,1949,41.529938205838484,90.33283769873042
MCO -> DTW,2634,10,957.0,0.3796507213363705,MCO,DTW,1950,41.55124653739612,90.34427542033627
PDX -> LAS,2566,10,763.0,0.3897116134060795,PDX,LAS,1951,41.57255486895376,90.35571314194213
OAK -> SNA,2471,10,371.0,0.4046944556859571,OAK,SNA,1952,41.5938632005114,90.36715086354799
MSP -> CLT,2130,10,930.0,0.4694835680751174,MSP,CLT,1953,41.61517153206904,90.37858858515384
ONT -> OAK,2127,10,362.0,0.47014574518100605,ONT,OAK,1954,41.63647986362668,90.3900263067597
JAX -> CLT,2085,10,328.0,0.4796163069544364,JAX,CLT,1955,41.65778819518432,90.40146402836555
ATL -> CAK,2043,10,528.0,0.4894762604013705,ATL,CAK,1956,41.67909652674196,90.41290174997141
DEN -> OMA,2041,10,472.0,0.4899559039686428,DEN,OMA,1957,41.70040485829959,90.42433947157727
CLT -> RSW,1726,10,600.0,0.5793742757821553,CLT,RSW,1958,41.72171318985723,90.43577719318311
DEN -> TPA,1588,10,1506.0,0.6297229219143577,DEN,TPA,1959,41.743021521414875,90.44721491478897
TPA -> DEN,1586,10,1506.0,0.6305170239596469,TPA,DEN,1960,41.764329852972516,90.45865263639483
SAT -> PHX,1537,10,843.0,0.6506180871828237,SAT,PHX,1961,41.78563818453015,90.47009035800069
PHX -> DAL,1457,10,879.0,0.6863417982155113,PHX,DAL,1962,41.80694651608779,90.48152807960655
ATL -> MYR,1421,10,317.0,0.7037297677691766,ATL,MYR,1963,41.82825484764543,90.49296580121239
DEN -> CLE,1369,10,1201.0,0.7304601899196494,DEN,CLE,1964,41.84956317920307,90.50440352281825
LIH -> LAX,1304,10,2615.0,0.7668711656441718,LIH,LAX,1965,41.87087151076071,90.51584124442411
SJC -> ONT,1303,10,333.0,0.7674597083653107,SJC,ONT,1966,41.89217984231834,90.52727896602997
DEN -> BUR,1255,10,850.0,0.796812749003984,DEN,BUR,1967,41.91348817387598,90.53871668763583
MCI -> CLT,1242,10,808.0,0.8051529790660225,MCI,CLT,1968,41.934796505433624,90.55015440924169
CLE -> CLT,1157,10,430.0,0.864304235090752,CLE,CLT,1969,41.956104836991265,90.56159213084753
IAD -> SAN,1138,10,2253.0,0.8787346221441126,IAD,SAN,1970,41.97741316854891,90.57302985245339
BWI -> LAX,1115,10,2329.0,0.8968609865470852,BWI,LAX,1971,41.99872150010654,90.58446757405925
MIA -> BWI,1097,10,946.0,0.9115770282588878,MIA,BWI,1972,42.02002983166418,90.5959052956651
PHX -> SBA,1027,10,455.0,0.9737098344693282,PHX,SBA,1973,42.04133816322182,90.60734301727096
FAT -> DEN,1012,10,844.0,0.9881422924901186,FAT,DEN,1974,42.06264649477946,90.61878073887681
DTW -> FWA,1001,10,128.0,0.999000999000999,DTW,FWA,1975,42.0839548263371,90.63021846048267
TPA -> IAD,992,10,811.0,1.0080645161290323,TPA,IAD,1976,42.10526315789473,90.64165618208852
STL -> CLT,942,10,575.0,1.0615711252653928,STL,CLT,1977,42.126571489452374,90.65309390369438
ELP -> HOU,923,10,677.0,1.0834236186348862,ELP,HOU,1978,42.147879821010015,90.66453162530024
OKC -> DAL,923,10,181.0,1.0834236186348862,OKC,DAL,1979,42.169188152567656,90.6759693469061
IND -> IAH,906,10,844.0,1.1037527593818985,IND,IAH,1980,42.1904964841253,90.68740706851194
PIA -> ATL,898,10,565.0,1.1135857461024499,PIA,ATL,1981,42.21180481568293,90.6988447901178
IND -> CLT,824,10,427.0,1.2135922330097086,IND,CLT,1982,42.23311314724057,90.71028251172366
MSY -> BWI,814,10,998.0,1.2285012285012284,MSY,BWI,1983,42.25442147879821,90.72172023332952
DTW -> PVD,799,10,615.0,1.2515644555694618,DTW,PVD,1984,42.27572981035585,90.73315795493538
PVD -> DTW,799,10,615.0,1.2515644555694618,PVD,DTW,1985,42.29703814191349,90.74459567654122
PHL -> SAN,794,10,2370.0,1.2594458438287155,PHL,SAN,1986,42.318346473471124,90.75603339814708
GRR -> DEN,774,10,1015.0,1.2919896640826873,GRR,DEN,1987,42.339654805028765,90.76747111975294
IAH -> PIT,768,10,1117.0,1.3020833333333335,IAH,PIT,1988,42.360963136586406,90.7789088413588
DEN -> LNK,762,10,423.0,1.3123359580052494,DEN,LNK,1989,42.38227146814405,90.79034656296466
SBP -> PHX,717,10,509.0,1.394700139470014,SBP,PHX,1990,42.40357979970169,90.8017842845705
MCO -> MHT,700,10,1142.0,1.4285714285714286,MCO,MHT,1991,42.42488813125932,90.81322200617637
SAT -> MDW,689,10,1036.0,1.4513788098693758,SAT,MDW,1992,42.44619646281696,90.82465972778223
MSP -> CLE,688,10,622.0,1.4534883720930232,MSP,CLE,1993,42.4675047943746,90.83609744938809
MCO -> ALB,681,10,1073.0,1.4684287812041115,MCO,ALB,1994,42.48881312593224,90.84753517099394
BDL -> DCA,660,10,313.0,1.5151515151515151,BDL,DCA,1995,42.51012145748988,90.8589728925998
SBA -> DEN,650,10,916.0,1.5384615384615385,SBA,DEN,1996,42.53142978904752,90.87041061420565
BWI -> AUS,630,10,1342.0,1.5873015873015872,BWI,AUS,1997,42.552738120605156,90.88184833581151
GSP -> MDW,629,10,562.0,1.5898251192368837,GSP,MDW,1998,42.5740464521628,90.89328605741737
IAH -> JAX,629,10,817.0,1.5898251192368837,IAH,JAX,1999,42.59535478372044,90.90472377902323
FAT -> DFW,617,10,1313.0,1.6207455429497568,FAT,DFW,2000,42.61666311527807,90.91616150062907
PHL -> SLC,616,10,1927.0,1.6233766233766231,PHL,SLC,2001,42.637971446835714,90.92759922223493
MCI -> BOS,596,10,1256.0,1.6778523489932886,MCI,BOS,2002,42.65927977839335,90.93903694384079
DEN -> HYS,572,10,298.0,1.7482517482517483,DEN,HYS,2003,42.68058810995099,90.95047466544665
SGF -> DEN,572,10,637.0,1.7482517482517483,SGF,DEN,2004,42.70189644150863,90.96191238705251
MDW -> CHS,548,10,745.0,1.824817518248175,MDW,CHS,2005,42.72320477306627,90.97335010865835
BHM -> MIA,546,10,661.0,1.8315018315018317,BHM,MIA,2006,42.74451310462391,90.98478783026421
ECP -> IAH,541,10,572.0,1.8484288354898337,ECP,IAH,2007,42.76582143618155,90.99622555187007
ROC -> MDW,504,10,523.0,1.984126984126984,ROC,MDW,2008,42.78712976773919,91.00766327347593
MBS -> DTW,446,10,98.0,2.242152466367713,MBS,DTW,2009,42.80843809929682,91.01910099508179
LAN -> DTW,440,10,74.0,2.272727272727273,LAN,DTW,2010,42.82974643085446,91.03053871668763
SRQ -> LGA,433,10,1047.0,2.3094688221709005,SRQ,LGA,2011,42.851054762412105,91.04197643829349
SMX -> SFO,415,10,216.0,2.4096385542168677,SMX,SFO,2012,42.87236309396974,91.05341415989935
BDL -> RSW,399,10,1180.0,2.506265664160401,BDL,RSW,2013,42.89367142552738,91.0648518815052
PSC -> SFO,364,10,620.0,2.7472527472527473,PSC,SFO,2014,42.91497975708502,91.07628960311106
DFW -> EVV,360,10,642.0,2.7777777777777777,DFW,EVV,2015,42.93628808864266,91.08772732471692
FLL -> ORH,334,10,1211.0,2.9940119760479043,FLL,ORH,2016,42.957596420200304,91.09916504632277
MYR -> ACY,334,10,466.0,2.9940119760479043,MYR,ACY,2017,42.97890475175794,91.11060276792863
DCA -> CAK,273,10,274.0,3.6630036630036633,DCA,CAK,2018,43.00021308331557,91.12204048953448
JAC -> ORD,260,10,1162.0,3.8461538461538463,JAC,ORD,2019,43.02152141487321,91.13347821114034
JAC -> LAX,256,10,784.0,3.90625,JAC,LAX,2020,43.042829746430854,91.1449159327462
OTH -> SFO,248,10,412.0,4.032258064516129,OTH,SFO,2021,43.064138077988495,91.15635365435205
PHL -> LGA,226,10,96.0,4.424778761061947,PHL,LGA,2022,43.08544640954613,91.1677913759579
SFO -> CEC,190,10,304.0,5.263157894736842,SFO,CEC,2023,43.10675474110377,91.17922909756376
OMA -> LGA,140,10,1148.0,7.142857142857142,OMA,LGA,2024,43.12806307266141,91.19066681916962
ERI -> DTW,108,10,164.0,9.25925925925926,ERI,DTW,2025,43.14937140421905,91.20210454077548
MSP -> ATL,4714,9,907.0,0.19092066185829445,MSP,ATL,2026,43.17067973577669,91.21239849022075
ATL -> MSP,4713,9,907.0,0.19096117122851686,ATL,MSP,2027,43.19198806733433,91.22269243966602
ATL -> PHX,3651,9,1587.0,0.24650780608052586,ATL,PHX,2028,43.21329639889196,91.23298638911129
PHX -> ATL,3644,9,1587.0,0.24698133918770582,PHX,ATL,2029,43.234604730449604,91.24328033855656
SLC -> SEA,3460,9,689.0,0.26011560693641617,SLC,SEA,2030,43.255913062007245,91.25357428800183
PDX -> PHX,3098,9,1009.0,0.2905100064557779,PDX,PHX,2031,43.277221393564886,91.2638682374471
SAT -> ATL,2865,9,874.0,0.31413612565445026,SAT,ATL,2032,43.29852972512253,91.27416218689237
ATL -> SAT,2864,9,874.0,0.31424581005586594,ATL,SAT,2033,43.31983805668016,91.28445613633764
ATL -> CAE,2685,9,192.0,0.33519553072625696,ATL,CAE,2034,43.3411463882378,91.29475008578292
DTW -> MCO,2635,9,957.0,0.3415559772296015,DTW,MCO,2035,43.36245471979544,91.30504403522818
DAL -> LAX,2473,9,1246.0,0.3639304488475536,DAL,LAX,2036,43.38376305135308,91.31533798467345
LAX -> MCO,2417,9,2218.0,0.3723624327678941,LAX,MCO,2037,43.40507138291072,91.32563193411872
ATL -> CVG,2376,9,373.0,0.3787878787878788,ATL,CVG,2038,43.426379714468354,91.335925883564
CVG -> ATL,2372,9,373.0,0.3794266441821248,CVG,ATL,2039,43.447688046025995,91.34621983300927
MIA -> TPA,1998,9,204.0,0.45045045045045046,MIA,TPA,2040,43.468996377583636,91.35651378245454
ATL -> LIT,1976,9,453.0,0.4554655870445344,ATL,LIT,2041,43.49030470914128,91.3668077318998
LAX -> CLT,1959,9,2125.0,0.45941807044410415,LAX,CLT,2042,43.51161304069892,91.37710168134507
MCI -> PHX,1827,9,1044.0,0.49261083743842365,MCI,PHX,2043,43.53292137225655,91.38739563079035
DEN -> SAT,1727,9,794.0,0.5211349160393747,DEN,SAT,2044,43.55422970381419,91.39768958023562
AUS -> PHX,1580,9,872.0,0.569620253164557,AUS,PHX,2045,43.57553803537183,91.40798352968089
MCO -> STL,1529,9,882.0,0.5886200130804448,MCO,STL,2046,43.59684636692947,91.41827747912615
DAL -> PHX,1463,9,879.0,0.6151742993848257,DAL,PHX,2047,43.61815469848711,91.42857142857143
GPT -> ATL,1414,9,352.0,0.6364922206506365,GPT,ATL,2048,43.639463030044745,91.4388653780167
RAP -> MSP,1322,9,489.0,0.680786686838124,RAP,MSP,2049,43.660771361602386,91.44915932746197
DCA -> DEN,1321,9,1476.0,0.6813020439061317,DCA,DEN,2050,43.68207969316003,91.45945327690724
HOU -> SAT,1299,9,192.0,0.6928406466512702,HOU,SAT,2051,43.70338802471767,91.46974722635251
CRP -> HOU,1249,9,187.0,0.7205764611689351,CRP,HOU,2052,43.7246963562753,91.48004117579778
PHX -> TUS,1155,9,110.0,0.7792207792207793,PHX,TUS,2053,43.74600468783294,91.49033512524305
LGB -> LAS,1141,9,231.0,0.7887817703768624,LGB,LAS,2054,43.76731301939058,91.50062907468832
LAS -> LGB,1139,9,231.0,0.7901668129938543,LAS,LGB,2055,43.78862135094822,91.51092302413359
SBN -> ATL,1129,9,566.0,0.7971656333038087,SBN,ATL,2056,43.80992968250586,91.52121697357887
IAH -> CVG,1076,9,871.0,0.8364312267657992,IAH,CVG,2057,43.8312380140635,91.53151092302413
MDW -> SEA,1028,9,1733.0,0.8754863813229572,MDW,SEA,2058,43.85254634562114,91.5418048724694
LGB -> OAK,1001,9,353.0,0.8991008991008992,LGB,OAK,2059,43.87385467717878,91.55209882191467
LGB -> SFO,998,9,354.0,0.9018036072144289,LGB,SFO,2060,43.89516300873642,91.56239277135995
OAK -> MDW,998,9,1844.0,0.9018036072144289,OAK,MDW,2061,43.91647134029405,91.57268672080522
DCA -> PHX,976,9,1979.0,0.9221311475409836,DCA,PHX,2062,43.93777967185169,91.58298067025049
PHX -> DCA,976,9,1979.0,0.9221311475409836,PHX,DCA,2063,43.959088003409335,91.59327461969575
DEN -> DSM,973,9,589.0,0.9249743062692704,DEN,DSM,2064,43.98039633496697,91.60356856914103
EVV -> ATL,958,9,350.0,0.9394572025052191,EVV,ATL,2065,44.00170466652461,91.6138625185863
HOU -> ABQ,950,9,759.0,0.9473684210526316,HOU,ABQ,2066,44.02301299808225,91.62415646803157
ATL -> VLD,935,9,208.0,0.9625668449197862,ATL,VLD,2067,44.04432132963989,91.63445041747684
TUL -> HOU,929,9,453.0,0.9687836383207751,TUL,HOU,2068,44.06562966119753,91.6447443669221
DEN -> ELP,921,9,563.0,0.9771986970684038,DEN,ELP,2069,44.08693799275517,91.65503831636738
ELP -> LAX,916,9,715.0,0.9825327510917031,ELP,LAX,2070,44.1082463243128,91.66533226581265
MCI -> MCO,909,9,1072.0,0.9900990099009901,MCI,MCO,2071,44.12955465587044,91.67562621525792
IND -> TPA,906,9,837.0,0.9933774834437087,IND,TPA,2072,44.150862987428084,91.68592016470319
HOU -> ELP,904,9,677.0,0.995575221238938,HOU,ELP,2073,44.172171318985725,91.69621411414846
CID -> ATL,884,9,694.0,1.0180995475113122,CID,ATL,2074,44.19347965054336,91.70650806359373
BQK -> ATL,878,9,238.0,1.0250569476082005,BQK,ATL,2075,44.214787982101,91.716802013039
ABY -> ATL,876,9,145.0,1.0273972602739725,ABY,ATL,2076,44.23609631365864,91.72709596248427
ELP -> AUS,867,9,528.0,1.0380622837370241,ELP,AUS,2077,44.25740464521628,91.73738991192954
JFK -> DEN,816,9,1626.0,1.1029411764705883,JFK,DEN,2078,44.27871297677392,91.74768386137482
TWF -> SLC,815,9,175.0,1.1042944785276074,TWF,SLC,2079,44.30002130833156,91.75797781082008
FLL -> BNA,780,9,793.0,1.153846153846154,FLL,BNA,2080,44.32132963988919,91.76827176026535
TYS -> IAH,774,9,771.0,1.1627906976744187,TYS,IAH,2081,44.342637971446834,91.77856570971062
MDW -> SFO,766,9,1855.0,1.1749347258485638,MDW,SFO,2082,44.363946303004475,91.7888596591559
STT -> SJU,732,9,68.0,1.2295081967213115,STT,SJU,2083,44.385254634562116,91.79915360860117
OMA -> DTW,720,9,651.0,1.25,OMA,DTW,2084,44.40656296611975,91.80944755804644
DCA -> MSY,706,9,969.0,1.2747875354107647,DCA,MSY,2085,44.42787129767739,91.8197415074917
MHT -> MCO,704,9,1142.0,1.278409090909091,MHT,MCO,2086,44.44917962923503,91.83003545693697
ALB -> MCO,691,9,1073.0,1.3024602026049203,ALB,MCO,2087,44.47048796079267,91.84032940638225
CLT -> MEM,690,9,511.0,1.3043478260869565,CLT,MEM,2088,44.49179629235031,91.85062335582752
MSP -> ABR,671,9,257.0,1.3412816691505216,MSP,ABR,2089,44.51310462390794,91.86091730527279
RHI -> MSP,667,9,190.0,1.3493253373313343,RHI,MSP,2090,44.534412955465584,91.87121125471805
SCC -> BRW,666,9,204.0,1.3513513513513513,SCC,BRW,2091,44.555721287023225,91.88150520416333
MDW -> DSM,643,9,306.0,1.3996889580093312,MDW,DSM,2092,44.577029618580866,91.8917991536086
DEN -> EUG,630,9,996.0,1.4285714285714286,DEN,EUG,2093,44.59833795013851,91.90209310305387
PHX -> MRY,629,9,598.0,1.4308426073131957,PHX,MRY,2094,44.61964628169615,91.91238705249914
DFW -> FAT,617,9,1313.0,1.4586709886547813,DFW,FAT,2095,44.64095461325378,91.92268100194441
JAX -> IAH,617,9,817.0,1.4586709886547813,JAX,IAH,2096,44.662262944811424,91.93297495138968
CVG -> MIA,609,9,948.0,1.477832512315271,CVG,MIA,2097,44.68357127636906,91.94326890083495
TUS -> ORD,607,9,1437.0,1.4827018121911038,TUS,ORD,2098,44.7048796079267,91.95356285028022
ATL -> GRK,597,9,803.0,1.507537688442211,ATL,GRK,2099,44.72618793948434,91.96385679972549
GRK -> ATL,596,9,803.0,1.5100671140939599,GRK,ATL,2100,44.747496271041975,91.97415074917078
CMH -> MIA,593,9,990.0,1.5177065767284992,CMH,MIA,2101,44.768804602599616,91.98444469861603
MSP -> IAD,591,9,908.0,1.5228426395939088,MSP,IAD,2102,44.79011293415726,91.9947386480613
BHM -> BWI,590,9,682.0,1.5254237288135595,BHM,BWI,2103,44.8114212657149,92.00503259750657
SLC -> BOS,578,9,2105.0,1.5570934256055362,SLC,BOS,2104,44.83272959727253,92.01532654695185
BOS -> SLC,577,9,2105.0,1.559792027729636,BOS,SLC,2105,44.854037928830174,92.02562049639712
MEI -> PIB,573,9,69.0,1.5706806282722512,MEI,PIB,2106,44.87534626038781,92.0359144458424
DEN -> MSO,567,9,679.0,1.5873015873015872,DEN,MSO,2107,44.89665459194545,92.04620839528765
AMA -> DEN,563,9,359.0,1.5985790408525755,AMA,DEN,2108,44.91796292350309,92.05650234473293
DEN -> AMA,563,9,359.0,1.5985790408525755,DEN,AMA,2109,44.93927125506073,92.0667962941782
MIA -> BHM,547,9,661.0,1.6453382084095063,MIA,BHM,2110,44.960579586618366,92.07709024362347
MDW -> ORF,538,9,704.0,1.6728624535315983,MDW,ORF,2111,44.98188791817601,92.08738419306874
MDW -> ROC,511,9,523.0,1.761252446183953,MDW,ROC,2112,45.00319624973365,92.09767814251401
MSP -> LSE,493,9,119.0,1.8255578093306288,MSP,LSE,2113,45.02450458129129,92.10797209195928
IAH -> BFL,492,9,1428.0,1.8292682926829267,IAH,BFL,2114,45.04581291284892,92.11826604140455
IAH -> RDU,492,9,1042.0,1.8292682926829267,IAH,RDU,2115,45.06712124440656,92.12855999084982
LSE -> MSP,492,9,119.0,1.8292682926829267,LSE,MSP,2116,45.0884295759642,92.13885394029509
MCO -> TTN,486,9,896.0,1.8518518518518516,MCO,TTN,2117,45.10973790752184,92.14914788974036
DAY -> DEN,435,9,1085.0,2.0689655172413794,DAY,DEN,2118,45.13104623907948,92.15944183918563
LGA -> SRQ,432,9,1047.0,2.083333333333333,LGA,SRQ,2119,45.15235457063712,92.1697357886309
PHL -> IND,421,9,588.0,2.137767220902613,PHL,IND,2120,45.173662902194756,92.18002973807617
SFO -> SMX,415,9,216.0,2.1686746987951806,SFO,SMX,2121,45.1949712337524,92.19032368752144
MSP -> RST,405,9,76.0,2.2222222222222223,MSP,RST,2122,45.21627956531004,92.20061763696673
RSW -> BDL,400,9,1180.0,2.25,RSW,BDL,2123,45.23758789686767,92.210911586412
ORD -> JAC,395,9,1162.0,2.278481012658228,ORD,JAC,2124,45.258896228425314,92.22120553585725
PBI -> IAH,379,9,956.0,2.3746701846965697,PBI,IAH,2125,45.28020455998295,92.23149948530252
DFW -> FAR,367,9,968.0,2.452316076294278,DFW,FAR,2126,45.30151289154059,92.2417934347478
DIK -> DEN,341,9,488.0,2.6392961876832843,DIK,DEN,2127,45.32282122309823,92.25208738419308
JAX -> MIA,339,9,335.0,2.6548672566371683,JAX,MIA,2128,45.34412955465587,92.26238133363834
MDW -> TUL,334,9,583.0,2.694610778443114,MDW,TUL,2129,45.36543788621351,92.2726752830836
SRQ -> JFK,334,9,1041.0,2.694610778443114,SRQ,JFK,2130,45.386746217771154,92.28296923252887
BOS -> MYR,333,9,738.0,2.7027027027027026,BOS,MYR,2131,45.40805454932879,92.29326318197415
ORD -> BIS,333,9,716.0,2.7027027027027026,ORD,BIS,2132,45.42936288088642,92.30355713141942
PSE -> JFK,333,9,1617.0,2.7027027027027026,PSE,JFK,2133,45.450671212444064,92.3138510808647
BRW -> ANC,332,9,725.0,2.710843373493976,BRW,ANC,2134,45.471979544001705,92.32414503030996
CMI -> DFW,332,9,692.2710843373494,2.710843373493976,CMI,DFW,2135,45.493287875559346,92.33443897975523
LBB -> AUS,320,9,341.0,2.8125,LBB,AUS,2136,45.51459620711698,92.3447329292005
COD -> DEN,316,9,391.0,2.848101265822785,COD,DEN,2137,45.53590453867462,92.35502687864577
BNA -> CVG,314,9,230.0,2.8662420382165608,BNA,CVG,2138,45.55721287023226,92.36532082809104
SDF -> DFW,298,9,733.0,3.0201342281879198,SDF,DFW,2139,45.578521201789904,92.37561477753631
SJC -> JFK,296,9,2569.0,3.040540540540541,SJC,JFK,2140,45.59982953334754,92.38590872698158
CRW -> IAH,283,9,975.0,3.180212014134275,CRW,IAH,2141,45.62113786490517,92.39620267642685
DEN -> PUB,264,9,109.0,3.4090909090909087,DEN,PUB,2142,45.642446196462814,92.40649662587212
MIA -> ORF,239,9,802.0,3.765690376569038,MIA,ORF,2143,45.663754528020455,92.41679057531739
IAG -> FLL,206,9,1176.0,4.368932038834951,IAG,FLL,2144,45.685062859578096,92.42708452476268
CAE -> IAD,194,9,401.0,4.639175257731959,CAE,IAD,2145,45.70637119113574,92.43737847420795
SCC -> ANC,189,9,627.0,4.761904761904762,SCC,ANC,2146,45.72767952269337,92.4476724236532
ALB -> EWR,169,9,143.0,5.325443786982249,ALB,EWR,2147,45.74898785425101,92.45796637309847
ORD -> LBE,158,9,459.0,5.69620253164557,ORD,LBE,2148,45.770296185808654,92.46826032254376
DTW -> ERI,108,9,164.0,8.333333333333332,DTW,ERI,2149,45.79160451736629,92.47855427198903
HNL -> ITO,4794,8,216.0,0.1668752607425949,HNL,ITO,2150,45.81291284892393,92.4877044492737
ITO -> HNL,4794,8,216.0,0.1668752607425949,ITO,HNL,2151,45.83422118048156,92.49685462655839
PHX -> MSP,4058,8,1276.0,0.19714144898965008,PHX,MSP,2152,45.855529512039205,92.50600480384308
ATL -> SFO,3126,8,2139.0,0.2559181062060141,ATL,SFO,2153,45.876837843596846,92.51515498112775
PHX -> ONT,2978,8,325.0,0.2686366689053056,PHX,ONT,2154,45.89814617515449,92.52430515841245
CAE -> ATL,2684,8,192.0,0.29806259314456035,CAE,ATL,2155,45.91945450671213,92.53345533569714
LAX -> DAL,2468,8,1246.0,0.3241491085899514,LAX,DAL,2156,45.94076283826976,92.54260551298181
SFO -> MSP,2449,8,1589.0,0.32666394446712943,SFO,MSP,2157,45.962071169827404,92.5517556902665
MSP -> SFO,2446,8,1589.0,0.3270645952575634,MSP,SFO,2158,45.98337950138504,92.56090586755118
MSP -> STL,2273,8,448.0,0.3519577650681918,MSP,STL,2159,46.00468783294268,92.57005604483587
SMF -> SNA,2118,8,404.0,0.3777148253068933,SMF,SNA,2160,46.02599616450032,92.57920622212056
CLT -> JAX,2085,8,328.0,0.38369304556354916,CLT,JAX,2161,46.04730449605796,92.58835639940524
PHX -> BUR,1884,8,369.0,0.42462845010615713,PHX,BUR,2162,46.068612827615596,92.59750657668992
FLL -> LAX,1752,8,2342.7237442922374,0.45662100456621,FLL,LAX,2163,46.08992115917324,92.6066567539746
LAX -> FLL,1747,8,2342.7229536348027,0.45792787635947335,LAX,FLL,2164,46.11122949073088,92.61580693125929
SJC -> SLC,1678,8,584.0,0.47675804529201427,SJC,SLC,2165,46.13253782228852,92.62495710854398
CLT -> PBI,1617,8,590.0,0.49474335188620905,CLT,PBI,2166,46.15384615384615,92.63410728582866
BUF -> MCO,1525,8,1011.0,0.5245901639344263,BUF,MCO,2167,46.175154485403795,92.64325746311334
MCO -> BUF,1521,8,1011.0,0.5259697567389875,MCO,BUF,2168,46.19646281696143,92.65240764039804
CLT -> MSY,1520,8,651.0,0.5263157894736842,CLT,MSY,2169,46.21777114851907,92.66155781768272
LAS -> DAL,1435,8,1067.0,0.5574912891986062,LAS,DAL,2170,46.23907948007671,92.6707079949674
DAL -> LAS,1431,8,1067.0,0.5590496156533892,DAL,LAS,2171,46.26038781163435,92.67985817225208
ATL -> GPT,1414,8,352.0,0.5657708628005658,ATL,GPT,2172,46.281696143191986,92.68900834953678
LAS -> HOU,1407,8,1235.0,0.5685856432125089,LAS,HOU,2173,46.30300447474963,92.69815852682146
GRR -> DTW,1399,8,120.0,0.5718370264474625,GRR,DTW,2174,46.32431280630727,92.70730870410614
DEN -> RNO,1373,8,804.0,0.5826656955571741,DEN,RNO,2175,46.3456211378649,92.71645888139084
DTW -> STL,1338,8,440.0,0.5979073243647235,DTW,STL,2176,46.366929469422544,92.7256090586755
DEN -> DCA,1319,8,1476.0,0.6065200909780136,DEN,DCA,2177,46.38823780098018,92.7347592359602
IND -> PHX,1306,8,1488.0,0.6125574272588056,IND,PHX,2178,46.40954613253782,92.74390941324488
SGF -> ATL,1294,8,563.0,0.6182380216383307,SGF,ATL,2179,46.43085446409546,92.75305959052956
SAT -> HOU,1285,8,192.0,0.622568093385214,SAT,HOU,2180,46.4521627956531,92.76220976781426
DAL -> ELP,1282,8,562.0,0.62402496099844,DAL,ELP,2181,46.47347112721074,92.77135994509894
LAS -> SAT,1279,8,1069.0,0.6254886630179828,LAS,SAT,2182,46.49477945876838,92.78051012238362
LAS -> ABQ,1268,8,486.0,0.6309148264984227,LAS,ABQ,2183,46.51608779032602,92.78966029966831
ABQ -> LAS,1265,8,486.0,0.6324110671936759,ABQ,LAS,2184,46.53739612188366,92.79881047695298
CLE -> DEN,1239,8,1201.0,0.645682001614205,CLE,DEN,2185,46.558704453441294,92.80796065423768
ATL -> LFT,1197,8,503.0,0.6683375104427736,ATL,LFT,2186,46.580012784998935,92.81711083152237
LFT -> ATL,1195,8,503.0,0.6694560669456067,LFT,ATL,2187,46.60132111655657,92.82626100880704
AUS -> LAS,1189,8,1090.0,0.6728343145500421,AUS,LAS,2188,46.62262944811421,92.83541118609173
IAD -> LAS,1177,8,2065.0,0.6796941376380629,IAD,LAS,2189,46.64393777967185,92.84456136337641
CLE -> IAH,1151,8,1091.0,0.6950477845351868,CLE,IAH,2190,46.66524611122949,92.8537115406611
SAN -> IAD,1150,8,2253.0,0.6956521739130435,SAN,IAD,2191,46.686554442787134,92.86286171794579
MSP -> BNA,1076,8,695.0,0.7434944237918215,MSP,BNA,2192,46.70786277434477,92.87201189523047
BZN -> SLC,1065,8,347.0,0.7511737089201878,BZN,SLC,2193,46.72917110590241,92.88116207251515
GRB -> MSP,1060,8,252.0,0.7547169811320755,GRB,MSP,2194,46.750479437460044,92.89031224979985
SJU -> PHL,1026,8,1576.0,0.7797270955165692,SJU,PHL,2195,46.771787769017685,92.89946242708453
PIT -> DEN,1009,8,1290.0,0.7928642220019821,PIT,DEN,2196,46.793096100575326,92.90861260436921
OAK -> LGB,1002,8,353.0,0.7984031936127743,OAK,LGB,2197,46.81440443213297,92.91776278165389
DCA -> LAX,1000,8,2311.0,0.8,DCA,LAX,2198,46.8357127636906,92.92691295893857
LAX -> MCI,1000,8,1363.0,0.8,LAX,MCI,2199,46.85702109524824,92.93606313622327
SEA -> PHL,990,8,2378.0,0.8080808080808081,SEA,PHL,2200,46.878329426805884,92.94521331350795
DEN -> PSP,989,8,776.0,0.8088978766430739,DEN,PSP,2201,46.899637758363525,92.95436349079263
BNA -> MSP,988,8,695.0,0.8097165991902834,BNA,MSP,2202,46.92094608992116,92.96351366807733
MSY -> TPA,984,8,488.0,0.8130081300813009,MSY,TPA,2203,46.94225442147879,92.972663845362
EWR -> SAN,983,8,2425.0,0.8138351983723295,EWR,SAN,2204,46.963562753036435,92.98181402264669
IAH -> IND,979,8,844.0,0.8171603677221655,IAH,IND,2205,46.984871084594076,92.99096419993137
PBI -> BWI,968,8,883.0,0.8264462809917356,PBI,BWI,2206,47.00617941615172,93.00011437721606
VLD -> ATL,935,8,208.0,0.8556149732620321,VLD,ATL,2207,47.02748774770936,93.00926455450075
DTW -> RDU,933,8,501.0,0.857449088960343,DTW,RDU,2208,47.04879607926699,93.01841473178543
TPA -> IND,911,8,837.0,0.8781558726673985,TPA,IND,2209,47.070104410824634,93.02756490907012
BNA -> JAX,901,8,483.0,0.8879023307436182,BNA,JAX,2210,47.091412742382275,93.03671508635479
ABE -> ATL,898,8,692.0,0.8908685968819599,ABE,ATL,2211,47.11272107393991,93.04586526363948
ELP -> DEN,872,8,563.0,0.9174311926605505,ELP,DEN,2212,47.13402940549755,93.05501544092417
AUS -> ELP,868,8,528.0,0.9216589861751152,AUS,ELP,2213,47.155337737055184,93.06416561820885
IAH -> STL,867,8,667.0,0.922722029988466,IAH,STL,2214,47.176646068612826,93.07331579549354
CLE -> FLL,831,8,1062.0,0.9626955475330927,CLE,FLL,2215,47.19795440017047,93.08246597277822
BWI -> MSY,828,8,998.0,0.966183574879227,BWI,MSY,2216,47.21926273172811,93.0916161500629
FLL -> ACY,817,8,977.0,0.9791921664626682,FLL,ACY,2217,47.24057106328575,93.1007663273476
SLC -> TWF,815,8,175.0,0.98159509202454,SLC,TWF,2218,47.26187939484338,93.10991650463227
BNA -> CLE,795,8,448.0,1.0062893081761006,BNA,CLE,2219,47.283187726401025,93.11906668191696
BNA -> FLL,781,8,793.0,1.0243277848911652,BNA,FLL,2220,47.30449605795866,93.12821685920166
IAH -> TYS,776,8,771.0,1.0309278350515463,IAH,TYS,2221,47.3258043895163,93.13736703648632
MDW -> SLC,772,8,1259.0,1.0362694300518136,MDW,SLC,2222,47.34711272107394,93.14651721377102
JNU -> SIT,755,8,95.0,1.0596026490066226,JNU,SIT,2223,47.368421052631575,93.1556673910557
PHX -> SBP,717,8,509.0,1.1157601115760112,PHX,SBP,2224,47.389729384189216,93.16481756834038
ALB -> CLT,705,8,646.0,1.1347517730496455,ALB,CLT,2225,47.41103771574686,93.17396774562508
ABR -> MSP,671,8,257.0,1.1922503725782414,ABR,MSP,2226,47.4323460473045,93.18311792290976
SFO -> TUS,654,8,751.0,1.2232415902140672,SFO,TUS,2227,47.45365437886214,93.19226810019444
GRB -> DTW,653,8,287.0,1.2251148545176112,GRB,DTW,2228,47.474962710419774,93.20141827747914
DCA -> CHS,649,8,444.0,1.2326656394453006,DCA,CHS,2229,47.49627104197741,93.2105684547638
BNA -> CMH,639,8,337.0,1.2519561815336464,BNA,CMH,2230,47.51757937353505,93.2197186320485
MCI -> DCA,638,8,949.0,1.2539184952978055,MCI,DCA,2231,47.53888770509269,93.22886880933318
TUS -> SFO,636,8,751.0,1.257861635220126,TUS,SFO,2232,47.56019603665033,93.23801898661786
STL -> BNA,628,8,272.0,1.2738853503184715,STL,BNA,2233,47.58150436820797,93.24716916390256
STL -> PHL,626,8,814.0,1.2779552715654952,STL,PHL,2234,47.60281269976561,93.25631934118724
JFK -> LGB,612,8,2465.0,1.3071895424836601,JFK,LGB,2235,47.62412103132325,93.26546951847192
DIK -> MSP,597,8,481.0,1.340033500837521,DIK,MSP,2236,47.64542936288089,93.2746196957566
IAD -> MSP,591,8,908.0,1.353637901861252,IAD,MSP,2237,47.666737694438524,93.2837698730413
MCI -> SFO,580,8,1499.0,1.3793103448275863,MCI,SFO,2238,47.688046025996165,93.29292005032598
ORD -> PBI,580,8,1144.0,1.3793103448275863,ORD,PBI,2239,47.7093543575538,93.30207022761066
PBI -> ORD,580,8,1144.0,1.3793103448275863,PBI,ORD,2240,47.73066268911144,93.31122040489535
EWN -> ATL,575,8,433.0,1.391304347826087,EWN,ATL,2241,47.75197102066908,93.32037058218003
DFW -> JFK,558,8,1391.0,1.4336917562724014,DFW,JFK,2242,47.77327935222672,93.32952075946471
STT -> JFK,548,8,1623.0,1.4598540145985401,STT,JFK,2243,47.794587683784364,93.3386709367494
MFR -> DEN,525,8,964.0,1.5238095238095237,MFR,DEN,2244,47.815896015342,93.34782111403408
DTW -> PWM,520,8,668.0,1.5384615384615385,DTW,PWM,2245,47.83720434689964,93.35697129131877
PWM -> DTW,514,8,668.0,1.556420233463035,PWM,DTW,2246,47.858512678457274,93.36612146860345
OGG -> DFW,504,8,3711.0,1.5873015873015872,OGG,DFW,2247,47.879821010014915,93.37527164588813
DEN -> RDM,480,8,898.0,1.6666666666666667,DEN,RDM,2248,47.901129341572556,93.38442182317283
RDM -> DEN,480,8,898.0,1.6666666666666667,RDM,DEN,2249,47.92243767313019,93.39357200045751
IAH -> ONT,474,8,1334.0,1.6877637130801686,IAH,ONT,2250,47.94374600468783,93.40272217774219
ONT -> IAH,473,8,1334.0,1.6913319238900635,ONT,IAH,2251,47.96505433624547,93.41187235502689
SJU -> BDL,456,8,1666.0,1.7543859649122806,SJU,BDL,2252,47.986362667803114,93.42102253231155
DTW -> MBS,436,8,98.0,1.834862385321101,DTW,MBS,2253,48.007670999360755,93.43017270959625
MDW -> SMF,417,8,1790.0,1.9184652278177456,MDW,SMF,2254,48.02897933091839,93.43932288688094
IAH -> ASE,413,8,913.0,1.937046004842615,IAH,ASE,2255,48.05028766247602,93.44847306416561
RDU -> IAD,383,8,224.0,2.088772845953003,RDU,IAD,2256,48.071595994033665,93.4576232414503
DEN -> BDL,346,8,1671.0,2.312138728323699,DEN,BDL,2257,48.092904325591306,93.46677341873499
MIA -> JAX,339,8,335.0,2.359882005899705,MIA,JAX,2258,48.11421265714895,93.47592359601967
RSW -> HPN,334,8,1102.0,2.3952095808383236,RSW,HPN,2259,48.13552098870658,93.48507377330436
SAV -> BOS,334,8,901.0,2.3952095808383236,SAV,BOS,2260,48.15682932026422,93.49422395058905
HNL -> EWR,330,8,4962.0,2.4242424242424243,HNL,EWR,2261,48.178137651821864,93.50337412787373
AUS -> LBB,320,8,341.0,2.5,AUS,LBB,2262,48.199445983379505,93.51252430515842
LBE -> MCO,318,8,824.0,2.515723270440252,LBE,MCO,2263,48.22075431493714,93.52167448244309
TYS -> EWR,306,8,631.0,2.6143790849673203,TYS,EWR,2264,48.24206264649478,93.53082465972778
DFW -> SDF,298,8,733.0,2.684563758389262,DFW,SDF,2265,48.263370978052414,93.53997483701247
GRR -> IAH,293,8,1042.0,2.7303754266211606,GRR,IAH,2266,48.284679309610055,93.54912501429715
IMT -> RHI,286,8,67.0,2.797202797202797,IMT,RHI,2267,48.3059876411677,93.55827519158184
MQT -> ORD,286,8,303.0,2.797202797202797,MQT,ORD,2268,48.32729597272534,93.56742536886652
LIT -> DTW,280,8,705.0,2.857142857142857,LIT,DTW,2269,48.34860430428298,93.5765755461512
IAH -> PIA,266,8,802.0,3.007518796992481,IAH,PIA,2270,48.36991263584061,93.58572572343589
MYR -> ORD,242,8,753.0,3.3057851239669422,MYR,ORD,2271,48.391220967398255,93.59487590072058
LAX -> SAF,230,8,710.0,3.4782608695652173,LAX,SAF,2272,48.41252929895589,93.60402607800526
FLL -> IAG,206,8,1176.0,3.8834951456310676,FLL,IAG,2273,48.43383763051353,93.61317625528994
EWR -> AVL,174,8,583.0,4.597701149425287,EWR,AVL,2274,48.45514596207117,93.62232643257464
CRW -> DFW,146,8,946.0,5.47945205479452,CRW,DFW,2275,48.476454293628805,93.63147660985932
GUC -> DFW,129,8,678.0,6.2015503875969,GUC,DFW,2276,48.497762625186446,93.640626787144
ASE -> ATL,101,8,1304.0,7.920792079207921,ASE,ATL,2277,48.51907095674409,93.64977696442868
LIT -> LGA,75,8,1085.0,10.666666666666668,LIT,LGA,2278,48.54037928830173,93.65892714171336
HNL -> KOA,6390,7,163.0,0.10954616588419405,HNL,KOA,2279,48.56168761985937,93.66693354683747
SEA -> SJC,4029,7,697.0,0.1737403822288409,SEA,SJC,2280,48.582995951417004,93.67493995196156
SLC -> LAS,3731,7,368.0,0.18761726078799248,SLC,LAS,2281,48.60430428297464,93.68294635708567
SEA -> SLC,3463,7,689.0,0.20213687554143808,SEA,SLC,2282,48.62561261453228,93.69095276220976
LAX -> PDX,3278,7,834.0,0.21354484441732766,LAX,PDX,2283,48.64692094608992,93.69895916733387
SEA -> OAK,3235,7,671.7564142194746,0.21638330757341576,SEA,OAK,2284,48.66822927764756,93.70696557245796
SFO -> ATL,3127,7,2139.0,0.2238567316917173,SFO,ATL,2285,48.689537609205196,93.71497197758207
LAS -> DTW,2931,7,1749.0,0.2388263391334016,LAS,DTW,2286,48.71084594076284,93.72297838270617
LAS -> PDX,2582,7,763.0,0.2711076684740511,LAS,PDX,2287,48.73215427232048,93.73098478783027
SJU -> MIA,2436,7,1045.0,0.28735632183908044,SJU,MIA,2288,48.75346260387812,93.73899119295437
MKE -> MSP,2237,7,297.0,0.31291908806437196,MKE,MSP,2289,48.774770935435754,93.74699759807847
MSP -> MKE,2204,7,297.0,0.3176043557168784,MSP,MKE,2290,48.796079266993395,93.75500400320256
TPA -> DTW,2134,7,983.0,0.32802249297094654,TPA,DTW,2291,48.81738759855103,93.76301040832666
LAX -> DTW,2003,7,1979.0,0.3494757863205192,LAX,DTW,2292,48.83869593010867,93.77101681345076
FLL -> IAH,1849,7,965.7155219037318,0.3785830178474851,FLL,IAH,2293,48.86000426166631,93.77902321857486
SLC -> SJC,1671,7,584.0,0.41891083183722316,SLC,SJC,2294,48.88131259322395,93.78702962369896
MCI -> LAS,1611,7,1139.0,0.4345127250155183,MCI,LAS,2295,48.90262092478159,93.79503602882305
PHX -> BWI,1603,7,1999.0,0.43668122270742354,PHX,BWI,2296,48.92392925633923,93.80304243394716
MSY -> DEN,1584,7,1062.0,0.4419191919191919,MSY,DEN,2297,48.94523758789687,93.81104883907125
PHX -> AUS,1581,7,872.0,0.4427577482605946,PHX,AUS,2298,48.966545919454504,93.81905524419535
HOU -> LAX,1540,7,1390.0,0.45454545454545453,HOU,LAX,2299,48.987854251012145,93.82706164931946
STL -> MCO,1529,7,882.0,0.45781556572923476,STL,MCO,2300,49.009162582569786,93.83506805444355
ATL -> EYW,1423,7,646.0,0.4919184820801124,ATL,EYW,2301,49.03047091412742,93.84307445956766
PHX -> MKE,1409,7,1460.0,0.49680624556423,PHX,MKE,2302,49.05177924568506,93.85108086469175
HOU -> PHX,1388,7,1020.0,0.5043227665706052,HOU,PHX,2303,49.0730875772427,93.85908726981586
KOA -> LAX,1385,7,2504.0,0.5054151624548736,KOA,LAX,2304,49.094395908800344,93.86709367493995
CLE -> LAS,1380,7,1824.0,0.5072463768115941,CLE,LAS,2305,49.115704240357985,93.87510008006406
RNO -> DEN,1364,7,804.0,0.5131964809384164,RNO,DEN,2306,49.13701257191562,93.88310648518815
LAX -> LIH,1303,7,2615.0,0.5372217958557176,LAX,LIH,2307,49.15832090347326,93.89111289031224
ATL -> SGF,1294,7,563.0,0.5409582689335394,ATL,SGF,2308,49.179629235030895,93.89911929543635
IND -> MCO,1289,7,829.0,0.5430566330488751,IND,MCO,2309,49.200937566588536,93.90712570056044
OMA -> MSP,1271,7,282.0,0.5507474429583006,OMA,MSP,2310,49.22224589814618,93.91513210568455
IAH -> CLE,1166,7,1091.0,0.6003430531732418,IAH,CLE,2311,49.24355422970381,93.92313851080864
CSG -> ATL,1068,7,83.0,0.6554307116104869,CSG,ATL,2312,49.26486256126145,93.93114491593275
ISN -> MSP,1063,7,546.0,0.658513640639699,ISN,MSP,2313,49.286170892819094,93.93915132105684
CMH -> PHX,1054,7,1670.0,0.6641366223908919,CMH,PHX,2314,49.307479224376735,93.94715772618095
CMH -> MCO,1052,7,802.0,0.6653992395437262,CMH,MCO,2315,49.32878755593437,93.95516413130505
BOI -> SEA,1039,7,399.0,0.6737247353224254,BOI,SEA,2316,49.35009588749201,93.96317053642915
BWI -> MSP,1039,7,936.0,0.6737247353224254,BWI,MSP,2317,49.371404219049644,93.97117694155325
LAX -> DCA,1000,7,2311.0,0.7000000000000001,LAX,DCA,2318,49.392712550607285,93.97918334667735
IAD -> TPA,989,7,811.0,0.7077856420626896,IAD,TPA,2319,49.41402088216493,93.98718975180144
MCI -> LAX,981,7,1363.0,0.7135575942915392,MCI,LAX,2320,49.43532921372257,93.99519615692554
MSY -> DTW,979,7,926.0,0.7150153217568949,MSY,DTW,2321,49.4566375452802,94.00320256204964
TPA -> HOU,965,7,781.0,0.7253886010362695,TPA,HOU,2322,49.47794587683784,94.01120896717374
BUR -> PDX,958,7,817.0,0.7306889352818371,BUR,PDX,2323,49.499254208395485,94.01921537229784
DAL -> TUL,939,7,237.0,0.7454739084132056,DAL,TUL,2324,49.520562539953126,94.02722177742193
HOU -> TUL,923,7,453.0,0.7583965330444203,HOU,TUL,2325,49.54187087151076,94.03522818254604
ATL -> ABE,904,7,692.0,0.7743362831858407,ATL,ABE,2326,49.563179203068394,94.04323458767013
RDU -> DEN,901,7,1436.0,0.776914539400666,RDU,DEN,2327,49.584487534626035,94.05124099279423
ONT -> SEA,900,7,956.0,0.7777777777777778,ONT,SEA,2328,49.605795866183676,94.05924739791833
BNA -> LAS,891,7,1587.0,0.7856341189674524,BNA,LAS,2329,49.62710419774132,94.06725380304243
LAS -> BNA,885,7,1587.0,0.7909604519774011,LAS,BNA,2330,49.64841252929896,94.07526020816654
ATL -> ABY,876,7,145.0,0.7990867579908676,ATL,ABY,2331,49.6697208608566,94.08326661329063
BFL -> PHX,875,7,425.0,0.8,BFL,PHX,2332,49.691029192414234,94.09127301841474
DEN -> JFK,816,7,1626.0,0.857843137254902,DEN,JFK,2333,49.712337523971875,94.09927942353883
ACY -> MCO,794,7,852.0,0.8816120906801008,ACY,MCO,2334,49.73364585552951,94.10728582866294
LGB -> SEA,793,7,965.0,0.8827238335435058,LGB,SEA,2335,49.75495418708715,94.11529223378703
PSP -> LAX,729,7,110.0,0.9602194787379973,PSP,LAX,2336,49.77626251864479,94.12329863891112
LAX -> PSP,724,7,110.0,0.9668508287292817,LAX,PSP,2337,49.797570850202426,94.13130504403523
ONT -> PDX,723,7,838.0,0.9681881051175657,ONT,PDX,2338,49.81887918176007,94.13931144915932
DTW -> IAD,698,7,383.0,1.002865329512894,DTW,IAD,2339,49.84018751331771,94.14731785428343
BHM -> DAL,686,7,587.0,1.0204081632653061,BHM,DAL,2340,49.86149584487535,94.15532425940752
DTW -> CLE,679,7,95.0,1.0309278350515463,DTW,CLE,2341,49.88280417643299,94.16333066453163
MDW -> PDX,649,7,1751.0,1.078582434514638,MDW,PDX,2342,49.904112507990625,94.17133706965572
PDX -> MDW,648,7,1751.0,1.0802469135802468,PDX,MDW,2343,49.92542083954826,94.17934347477981
SMF -> IAH,647,7,1609.0,1.0819165378670788,SMF,IAH,2344,49.9467291711059,94.18734987990392
BNA -> BOS,638,7,942.0,1.09717868338558,BNA,BOS,2345,49.96803750266354,94.19535628502803
DCA -> MCI,637,7,949.0,1.098901098901099,DCA,MCI,2346,49.98934583422118,94.20336269015212
DEN -> GCC,634,7,313.0,1.1041009463722398,DEN,GCC,2347,50.010654165778824,94.21136909527623
GCC -> DEN,634,7,313.0,1.1041009463722398,GCC,DEN,2348,50.03196249733646,94.21937550040032
BOS -> BNA,628,7,942.0,1.1146496815286624,BOS,BNA,2349,50.0532708288941,94.22738190552442
BNA -> STL,627,7,272.0,1.1164274322169059,BNA,STL,2350,50.07457916045174,94.23538831064852
CMH -> BNA,624,7,337.0,1.1217948717948718,CMH,BNA,2351,50.095887492009375,94.24339471577262
MEM -> HOU,624,7,484.0,1.1217948717948718,MEM,HOU,2352,50.117195823567016,94.25140112089672
RSW -> IAH,621,7,861.0,1.1272141706924315,RSW,IAH,2353,50.13850415512465,94.25940752602082
PHL -> STL,610,7,814.0,1.1475409836065573,PHL,STL,2354,50.1598124866823,94.26741393114492
MIA -> CVG,609,7,948.0,1.1494252873563218,MIA,CVG,2355,50.18112081823993,94.27542033626901
DEN -> BFL,608,7,845.0,1.151315789473684,DEN,BFL,2356,50.20242914979757,94.28342674139311
ORD -> TUS,606,7,1437.0,1.155115511551155,ORD,TUS,2357,50.223737481355215,94.2914331465172
ORF -> CLT,603,7,290.0,1.1608623548922055,ORF,CLT,2358,50.24504581291285,94.29943955164131
ICT -> DAL,597,7,333.0,1.1725293132328307,ICT,DAL,2359,50.26635414447049,94.3074459567654
DEN -> SDF,595,7,1024.0,1.1764705882352942,DEN,SDF,2360,50.287662476028125,94.31545236188951
MIA -> CMH,595,7,990.0,1.1764705882352942,MIA,CMH,2361,50.308970807585766,94.32345876701362
MSP -> BRD,588,7,114.0,1.1904761904761905,MSP,BRD,2362,50.33027913914341,94.33146517213771
BRD -> MSP,587,7,114.0,1.192504258943782,BRD,MSP,2363,50.35158747070104,94.33947157726182
BNA -> SAT,574,7,822.0,1.2195121951219512,BNA,SAT,2364,50.37289580225869,94.34747798238591
IAH -> ECP,543,7,572.0,1.289134438305709,IAH,ECP,2365,50.394204133816324,94.35548438751002
ORD -> SMF,534,7,1781.0,1.3108614232209739,ORD,SMF,2366,50.41551246537396,94.36349079263411
MDT -> DTW,525,7,371.0,1.3333333333333335,MDT,DTW,2367,50.436820796931606,94.3714971977582
SDF -> DEN,523,7,1024.0,1.338432122370937,SDF,DEN,2368,50.45812912848924,94.37950360288231
DTW -> LEX,501,7,296.0,1.3972055888223553,DTW,LEX,2369,50.47943746004688,94.3875100080064
TTN -> MCO,486,7,896.0,1.440329218106996,TTN,MCO,2370,50.500745791604515,94.39551641313051
SJC -> IAH,462,7,1608.0,1.5151515151515151,SJC,IAH,2371,50.52205412316215,94.4035228182546
IAH -> DSM,443,7,802.0,1.580135440180587,IAH,DSM,2372,50.5433624547198,94.4115292233787
SDF -> IAH,413,7,788.0,1.694915254237288,SDF,IAH,2373,50.56467078627743,94.4195356285028
DTW -> GSO,409,7,460.0,1.7114914425427872,DTW,GSO,2374,50.58597911783508,94.42754203362689
IAD -> RDU,406,7,224.0,1.7241379310344827,IAD,RDU,2375,50.607287449392715,94.435548438751
RST -> MSP,406,7,76.0,1.7241379310344827,RST,MSP,2376,50.62859578095035,94.4435548438751
AUS -> BOS,402,7,1698.0,1.7412935323383085,AUS,BOS,2377,50.64990411250799,94.4515612489992
RDU -> CLE,389,7,416.0,1.7994858611825193,RDU,CLE,2378,50.67121244406563,94.4595676541233
CLE -> RDU,387,7,416.0,1.8087855297157622,CLE,RDU,2379,50.69252077562327,94.4675740592474
STT -> CLT,363,7,1520.0,1.9283746556473829,STT,CLT,2380,50.713829107180906,94.4755804643715
LIH -> PHX,343,7,2979.0,2.0408163265306123,LIH,PHX,2381,50.73513743873854,94.4835868694956
OKC -> BWI,334,7,1180.0,2.095808383233533,OKC,BWI,2382,50.75644577029619,94.4915932746197
DFW -> CMI,332,7,692.2710843373494,2.108433734939759,DFW,CMI,2383,50.77775410185382,94.4995996797438
WRG -> KTN,332,7,82.0,2.108433734939759,WRG,KTN,2384,50.79906243341147,94.50760608486789
MSP -> RIC,328,7,970.0,2.1341463414634148,MSP,RIC,2385,50.820370764969105,94.515612489992
LIT -> BWI,320,7,912.0,2.1875,LIT,BWI,2386,50.84167909652674,94.52361889511609
ORD -> SRQ,319,7,1050.0,2.19435736677116,ORD,SRQ,2387,50.86298742808438,94.5316253002402
CAK -> BOS,299,7,549.0,2.341137123745819,CAK,BOS,2388,50.884295759642015,94.53963170536429
CLT -> TTN,299,7,484.0,2.341137123745819,CLT,TTN,2389,50.90560409119966,94.54763811048838
HSV -> DFW,279,7,603.0,2.5089605734767026,HSV,DFW,2390,50.9269124227573,94.55564451561249
EWR -> SAT,257,7,1569.0,2.7237354085603114,EWR,SAT,2391,50.94822075431493,94.56365092073659
SFO -> OTH,248,7,412.0,2.82258064516129,SFO,OTH,2392,50.96952908587258,94.5716573258607
DTW -> MLI,218,7,373.0,3.211009174311927,DTW,MLI,2393,50.990837417430214,94.57966373098479
MLI -> DTW,210,7,373.0,3.3333333333333335,MLI,DTW,2394,51.012145748987855,94.5876701361089
IAD -> CAE,193,7,401.0,3.6269430051813467,IAD,CAE,2395,51.033454080545496,94.59567654123299
DSM -> EWR,191,7,1017.0,3.664921465968586,DSM,EWR,2396,51.05476241210313,94.60368294635708
BDL -> RDU,183,7,532.0,3.825136612021858,BDL,RDU,2397,51.07607074366077,94.61168935148119
LGA -> PHL,183,7,96.0,3.825136612021858,LGA,PHL,2398,51.097379075218406,94.61969575660528
EWR -> ALB,170,7,143.0,4.117647058823529,EWR,ALB,2399,51.118687406776054,94.62770216172939
OKC -> EWR,159,7,1325.0,4.40251572327044,OKC,EWR,2400,51.13999573833369,94.63570856685348
TTN -> UST,152,7,801.0,4.605263157894736,TTN,UST,2401,51.16130406989132,94.64371497197757
DFW -> GUC,129,7,678.0,5.426356589147287,DFW,GUC,2402,51.18261240144897,94.65172137710168
EWR -> CAK,117,7,382.0,5.982905982905983,EWR,CAK,2403,51.203920733006605,94.65972778222577
ORD -> EGE,109,7,1007.0,6.422018348623854,ORD,EGE,2404,51.225229064564246,94.66773418734988
LGA -> CVG,108,7,585.0,6.481481481481481,LGA,CVG,2405,51.24653739612188,94.67574059247397
ADK -> ANC,96,7,1192.0,7.291666666666667,ADK,ANC,2406,51.267845727679514,94.68374699759808
ANC -> ADK,96,7,1192.0,7.291666666666667,ANC,ADK,2407,51.28915405923716,94.69175340272218
PDX -> LAX,3279,6,834.0,0.18298261665141813,PDX,LAX,2408,51.3104623907948,94.69861603568569
PHX -> PDX,3102,6,1009.0,0.19342359767891684,PHX,PDX,2409,51.331770722352445,94.7054786686492
CLT -> PHX,2842,6,1773.0,0.211118930330753,CLT,PHX,2410,51.35307905391008,94.71234130161272
DTW -> FLL,2624,6,1127.0,0.22865853658536583,DTW,FLL,2411,51.37438738546771,94.71920393457623
MIA -> SJU,2438,6,1045.0,0.2461033634126333,MIA,SJU,2412,51.39569571702536,94.72606656753975
SAN -> SLC,2266,6,626.0,0.264783759929391,SAN,SLC,2413,51.417004048582996,94.73292920050326
DTW -> TPA,2133,6,983.0,0.2812939521800281,DTW,TPA,2414,51.43831238014064,94.73979183346677
SLC -> LGB,1952,6,588.0,0.3073770491803279,SLC,LGB,2415,51.45962071169827,94.74665446643029
MCI -> MSP,1904,6,393.0,0.31512605042016806,MCI,MSP,2416,51.48092904325592,94.7535170993938
MSP -> MCI,1897,6,393.0,0.316288877174486,MSP,MCI,2417,51.502237374813554,94.76037973235731
LAX -> MSY,1859,6,1670.0,0.32275416890801506,LAX,MSY,2418,51.52354570637119,94.76724236532083
HNL -> SEA,1744,6,2677.0,0.34403669724770647,HNL,SEA,2419,51.544854037928836,94.77410499828434
PHX -> RNO,1718,6,601.0,0.3492433061699651,PHX,RNO,2420,51.56616236948647,94.78096763124786
FAR -> MSP,1715,6,223.0,0.3498542274052478,FAR,MSP,2421,51.58747070104411,94.78783026421137
DCA -> MSP,1654,6,931.0,0.36275695284159615,DCA,MSP,2422,51.608779032601745,94.79469289717488
DTW -> RSW,1613,6,1084.0,0.3719776813391197,DTW,RSW,2423,51.63008736415938,94.80155553013839
LAS -> MCI,1608,6,1139.0,0.3731343283582089,LAS,MCI,2424,51.65139569571703,94.80841816310192
CLT -> LAS,1553,6,1916.0,0.38634900193174504,CLT,LAS,2425,51.67270402727466,94.81528079606542
PHX -> SAT,1549,6,843.0,0.38734667527437056,PHX,SAT,2426,51.69401235883231,94.82214342902894
LAX -> STL,1468,6,1592.0,0.4087193460490463,LAX,STL,2427,51.715320690389945,94.82900606199244
HOU -> LAS,1424,6,1235.0,0.42134831460674155,HOU,LAS,2428,51.73662902194758,94.83586869495596
EYW -> ATL,1423,6,646.0,0.4216444132115249,EYW,ATL,2429,51.75793735350523,94.84273132791948
MCI -> DTW,1421,6,629.0,0.422237860661506,MCI,DTW,2430,51.77924568506286,94.849593960883
MCO -> HOU,1421,6,849.0,0.422237860661506,MCO,HOU,2431,51.8005540166205,94.8564565938465
LAS -> MIA,1395,6,2174.0,0.43010752688172044,LAS,MIA,2432,51.821862348178136,94.86331922681002
MCO -> CLE,1383,6,895.0,0.43383947939262474,MCO,CLE,2433,51.84317067973577,94.87018185977352
GEG -> DEN,1343,6,836.0,0.4467609828741623,GEG,DEN,2434,51.86447901129342,94.87704449273706
DEN -> MIA,1342,6,1709.0,0.44709388971684055,DEN,MIA,2435,51.88578734285105,94.88390712570056
DTW -> GRR,1342,6,120.0,0.44709388971684055,DTW,GRR,2436,51.9070956744087,94.89076975866408
MSP -> RAP,1326,6,489.0,0.4524886877828055,MSP,RAP,2437,51.928404005966335,94.89763239162758
DAL -> SFO,1319,6,1476.0,0.45489006823351025,DAL,SFO,2438,51.94971233752397,94.90449502459111
SAT -> LAS,1275,6,1069.0,0.4705882352941176,SAT,LAS,2439,51.97102066908161,94.91135765755462
MKE -> MCO,1253,6,1066.0,0.4788507581803671,MKE,MCO,2440,51.992329000639245,94.91822029051814
OMA -> PHX,1249,6,1037.0,0.4803843074459567,OMA,PHX,2441,52.01363733219689,94.92508292348164
HOU -> STL,1211,6,687.0,0.495458298926507,HOU,STL,2442,52.03494566375453,94.93194555644516
LAS -> IAD,1171,6,2065.0,0.5123825789923143,LAS,IAD,2443,52.05625399531216,94.93880818940868
CLT -> CLE,1156,6,430.0,0.5190311418685121,CLT,CLE,2444,52.07756232686981,94.94567082237218
SNA -> PDX,1146,6,859.0,0.5235602094240838,SNA,PDX,2445,52.098870658427444,94.9525334553357
MSY -> MCO,1141,6,551.0,0.5258545135845749,MSY,MCO,2446,52.12017898998509,94.95939608829921
LAS -> MKE,1099,6,1524.0,0.5459508644222021,LAS,MKE,2447,52.141487321542726,94.96625872126272
MSP -> GRB,1055,6,252.0,0.5687203791469194,MSP,GRB,2448,52.16279565310036,94.97312135422624
LAS -> FLL,1033,6,2173.0,0.5808325266214909,LAS,FLL,2449,52.184103984658,94.97998398718975
RDU -> MIA,1016,6,700.0,0.5905511811023622,RDU,MIA,2450,52.205412316215636,94.98684662015326
DAL -> MCO,1014,6,973.0,0.591715976331361,DAL,MCO,2451,52.226720647773284,94.99370925311678
DEN -> FAT,1005,6,844.0,0.5970149253731344,DEN,FAT,2452,52.24802897933092,95.0005718860803
DEN -> CVG,970,6,1069.0,0.6185567010309279,DEN,CVG,2453,52.26933731088855,95.00743451904381
PDX -> BUR,958,6,817.0,0.6263048016701461,PDX,BUR,2454,52.2906456424462,95.01429715200732
DAL -> OKC,941,6,181.0,0.6376195536663124,DAL,OKC,2455,52.311953974003835,95.02115978497083
LAX -> ELP,915,6,715.0,0.6557377049180327,LAX,ELP,2456,52.333262305561476,95.02802241793434
SEA -> ONT,898,6,956.0,0.6681514476614699,SEA,ONT,2457,52.35457063711911,95.03488505089787
SEA -> FAT,883,6,748.0,0.6795016987542469,SEA,FAT,2458,52.375878968676744,95.04174768386137
TPA -> PIT,846,6,873.0,0.7092198581560284,TPA,PIT,2459,52.39718730023439,95.04861031682489
SEA -> CLT,836,6,2279.0,0.7177033492822966,SEA,CLT,2460,52.41849563179203,95.0554729497884
ACY -> FLL,817,6,977.0,0.7343941248470013,ACY,FLL,2461,52.439803963349675,95.06233558275191
IAD -> MIA,809,6,921.0,0.7416563658838072,IAD,MIA,2462,52.46111229490731,95.06919821571543
MIA -> IAD,809,6,921.0,0.7416563658838072,MIA,IAD,2463,52.48242062646494,95.07606084867895
LAX -> CLE,808,6,2052.0,0.7425742574257426,LAX,CLE,2464,52.50372895802259,95.08292348164245
ABQ -> OAK,799,6,889.0,0.7509386733416771,ABQ,OAK,2465,52.525037289580226,95.08978611460597
OAK -> ABQ,796,6,889.0,0.7537688442211055,OAK,ABQ,2466,52.54634562113787,95.09664874756947
SEA -> LGB,793,6,965.0,0.7566204287515763,SEA,LGB,2467,52.5676539526955,95.103511380533
SFO -> MDW,768,6,1855.0,0.78125,SFO,MDW,2468,52.588962284253135,95.11037401349651
ATL -> MLI,760,6,633.0,0.7894736842105263,ATL,MLI,2469,52.610270615810784,95.11723664646003
MKE -> CLE,754,6,328.0,0.7957559681697612,MKE,CLE,2470,52.63157894736842,95.12409927942353
RSW -> IND,748,6,945.0,0.8021390374331552,RSW,IND,2471,52.652887278926066,95.13096191238705
PHX -> BNA,731,6,1449.0,0.8207934336525308,PHX,BNA,2472,52.6741956104837,95.13782454535057
IAH -> SDF,726,6,788.0,0.8264462809917356,IAH,SDF,2473,52.695503942041334,95.14468717831409
DTW -> CID,725,6,430.0,0.8275862068965517,DTW,CID,2474,52.716812273598975,95.15154981127759
PDX -> ONT,723,6,838.0,0.8298755186721992,PDX,ONT,2475,52.73812060515661,95.15841244424111
DEN -> MSN,716,6,826.0,0.8379888268156425,DEN,MSN,2476,52.75942893671426,95.16527507720463
SAN -> CLT,716,6,2077.0,0.8379888268156425,SAN,CLT,2477,52.78073726827189,95.17213771016813
CLT -> ALB,705,6,646.0,0.851063829787234,CLT,ALB,2478,52.802045599829526,95.17900034313165
HNL -> DFW,697,6,3784.0,0.860832137733142,HNL,DFW,2479,52.823353931387174,95.18586297609517
CID -> DTW,690,6,430.0,0.8695652173913043,CID,DTW,2480,52.84466226294481,95.19272560905867
DAL -> BHM,684,6,587.0,0.8771929824561403,DAL,BHM,2481,52.86597059450246,95.19958824202219
BOI -> LAX,682,6,674.0,0.8797653958944283,BOI,LAX,2482,52.88727892606009,95.2064508749857
ATL -> FSM,672,6,579.0,0.8928571428571428,ATL,FSM,2483,52.90858725761773,95.21331350794921
DEN -> CID,672,6,692.0,0.8928571428571428,DEN,CID,2484,52.929895589175366,95.22017614091273
OKC -> LAS,667,6,986.0,0.8995502248875562,OKC,LAS,2485,52.951203920733,95.22703877387625
DCA -> SFO,664,6,2442.0,0.9036144578313252,DCA,SFO,2486,52.97251225229065,95.23390140683976
DTW -> GRB,656,6,287.0,0.9146341463414633,DTW,GRB,2487,52.99382058384828,95.24076403980327
LAX -> COS,647,6,833.0,0.9273570324574961,LAX,COS,2488,53.01512891540593,95.24762667276678
ORF -> DTW,645,6,529.0,0.9302325581395349,ORF,DTW,2489,53.036437246963565,95.25448930573029
HOU -> MEM,625,6,484.0,0.96,HOU,MEM,2490,53.0577455785212,95.26135193869382
BFL -> DEN,610,6,845.0,0.9836065573770493,BFL,DEN,2491,53.07905391007884,95.26821457165732
PNS -> BNA,598,6,391.0,1.0033444816053512,PNS,BNA,2492,53.100362241636475,95.27507720462084
BUF -> FLL,588,6,1165.5867346938776,1.0204081632653061,BUF,FLL,2493,53.12167057319412,95.28193983758435
ATL -> EWN,575,6,433.0,1.0434782608695654,ATL,EWN,2494,53.14297890475176,95.28880247054786
DFW -> MEI,573,6,485.0,1.0471204188481675,DFW,MEI,2495,53.16428723630939,95.29566510351138
DEN -> JMS,526,6,573.0,1.1406844106463878,DEN,JMS,2496,53.18559556786704,95.3025277364749
SJU -> IAH,525,6,2007.0,1.1428571428571428,SJU,IAH,2497,53.206903899424674,95.3093903694384
BTV -> DTW,522,6,537.0,1.1494252873563218,BTV,DTW,2498,53.22821223098232,95.31625300240192
SFO -> RDU,521,6,2400.0,1.1516314779270633,SFO,RDU,2499,53.249520562539956,95.32311563536544
SAT -> DTW,515,6,1214.0,1.1650485436893203,SAT,DTW,2500,53.27082889409759,95.32997826832896
BWI -> ABQ,511,6,1670.0,1.1741682974559686,BWI,ABQ,2501,53.29213722565523,95.33684090129246
HOU -> RDU,507,6,1050.0,1.183431952662722,HOU,RDU,2502,53.313445557212866,95.34370353425598
DFW -> OGG,504,6,3711.0,1.1904761904761905,DFW,OGG,2503,53.334753888770514,95.35056616721948
TUS -> MDW,502,6,1440.0,1.1952191235059761,TUS,MDW,2504,53.35606222032815,95.35742880018302
IAH -> GSP,501,6,837.0,1.1976047904191618,IAH,GSP,2505,53.37737055188578,95.36429143314652
MDW -> TUS,501,6,1440.0,1.1976047904191618,MDW,TUS,2506,53.39867888344343,95.37115406611004
GSP -> IAH,498,6,837.0,1.2048192771084338,GSP,IAH,2507,53.419987215001065,95.37801669907354
RSW -> ACY,483,6,982.0,1.2422360248447204,RSW,ACY,2508,53.441295546558706,95.38487933203706
CMH -> MSP,474,6,626.0,1.2658227848101267,CMH,MSP,2509,53.46260387811634,95.39174196500058
ORF -> MCO,432,6,655.0,1.3888888888888888,ORF,MCO,2510,53.48391220967398,95.39860459796408
GSO -> DTW,407,6,460.0,1.4742014742014742,GSO,DTW,2511,53.50522054123162,95.4054672309276
RAP -> ORD,397,6,779.0,1.5113350125944585,RAP,ORD,2512,53.52652887278926,95.41232986389112
SAN -> BNA,388,6,1751.0,1.5463917525773196,SAN,BNA,2513,53.547837204346905,95.41919249685462
CVG -> MSP,384,6,596.0,1.5625,CVG,MSP,2514,53.56914553590454,95.42605512981814
RNO -> ORD,376,6,1671.0,1.5957446808510638,RNO,ORD,2515,53.59045386746217,95.43291776278166
DTW -> PIA,371,6,346.0,1.6172506738544474,DTW,PIA,2516,53.61176219901982,95.43978039574516
ORD -> RAP,371,6,779.0,1.6172506738544474,ORD,RAP,2517,53.633070530577456,95.44664302870868
DEN -> XNA,366,6,616.0,1.639344262295082,DEN,XNA,2518,53.6543788621351,95.4535056616722
MSY -> PHL,361,6,1089.0,1.662049861495845,MSY,PHL,2519,53.67568719369273,95.46036829463571
SAT -> CLT,359,6,1095.0,1.6713091922005572,SAT,CLT,2520,53.696995525250365,95.46723092759922
JFK -> SRQ,335,6,1041.0,1.791044776119403,JFK,SRQ,2521,53.718303856808014,95.47409356056274
BOS -> SAV,334,6,901.0,1.7964071856287425,BOS,SAV,2522,53.73961218836565,95.48095619352624
CLT -> PWM,334,6,813.0,1.7964071856287425,CLT,PWM,2523,53.760920519923296,95.48781882648977
COS -> SEA,334,6,1068.0,1.7964071856287425,COS,SEA,2524,53.78222885148093,95.49468145945328
DCA -> AUS,334,6,1315.0,1.7964071856287425,DCA,AUS,2525,53.803537183038564,95.5015440924168
HNL -> ORD,334,6,4243.0,1.7964071856287425,HNL,ORD,2526,53.824845514596205,95.5084067253803
JFK -> PSE,334,6,1617.0,1.7964071856287425,JFK,PSE,2527,53.84615384615385,95.51526935834382
MDW -> SJC,334,6,1838.0,1.7964071856287425,MDW,SJC,2528,53.86746217771149,95.52213199130733
TUL -> MDW,334,6,583.0,1.7964071856287425,TUL,MDW,2529,53.88877050926912,95.52899462427085
ORD -> PWM,333,6,900.0,1.8018018018018018,ORD,PWM,2530,53.910078840826756,95.53585725723435
CDV -> ANC,331,6,160.0,1.812688821752266,CDV,ANC,2531,53.931387172384404,95.54271989019787
JNU -> YAK,331,6,198.90936555891238,1.812688821752266,JNU,YAK,2532,53.95269550394204,95.54958252316139
HIB -> INL,329,6,86.0,1.82370820668693,HIB,INL,2533,53.97400383549969,95.55644515612491
INL -> HIB,329,6,86.0,1.82370820668693,INL,HIB,2534,53.99531216705732,95.56330778908841
OKC -> DTW,328,6,900.0,1.8292682926829267,OKC,DTW,2535,54.016620498614955,95.57017042205193
RIC -> MSP,328,6,970.0,1.8292682926829267,RIC,MSP,2536,54.037928830172596,95.57703305501543
MCO -> LBE,318,6,824.0,1.8867924528301887,MCO,LBE,2537,54.05923716173023,95.58389568797895
DTW -> JFK,304,6,509.0,1.9736842105263157,DTW,JFK,2538,54.08054549328788,95.59075832094247
ORF -> IAH,301,6,1201.0,1.9933554817275747,ORF,IAH,2539,54.10185382484551,95.59762095390599
MOB -> ORD,288,6,778.8159722222222,2.083333333333333,MOB,ORD,2540,54.12316215640315,95.60448358686949
RHI -> IMT,287,6,67.0,2.0905923344947737,RHI,IMT,2541,54.144470487960795,95.61134621983301
DEN -> TYS,285,6,1162.0,2.1052631578947367,DEN,TYS,2542,54.16577881951843,95.61820885279653
JFK -> DTW,283,6,509.0,2.1201413427561837,JFK,DTW,2543,54.18708715107607,95.62507148576003
CAK -> DCA,273,6,274.0,2.197802197802198,CAK,DCA,2544,54.20839548263371,95.63193411872355
GJT -> IAH,259,6,979.0,2.3166023166023164,GJT,IAH,2545,54.229703814191346,95.63879675168707
CHS -> MIA,255,6,489.0,2.3529411764705883,CHS,MIA,2546,54.25101214574899,95.64565938465059
STT -> EWR,239,6,1634.0,2.510460251046025,STT,EWR,2547,54.27232047730662,95.65252201761409
SAT -> PHL,231,6,1496.0,2.5974025974025974,SAT,PHL,2548,54.29362880886427,95.6593846505776
PNS -> ORD,223,6,794.0,2.690582959641256,PNS,ORD,2549,54.314937140421904,95.66624728354111
VEL -> SLC,206,6,132.0,2.912621359223301,VEL,SLC,2550,54.33624547197954,95.67310991650463
SLC -> VEL,205,6,132.0,2.9268292682926833,SLC,VEL,2551,54.357553803537186,95.67997254946815
MYR -> PHL,194,6,473.0,3.0927835051546393,MYR,PHL,2552,54.37886213509482,95.68683518243166
BRW -> SCC,189,6,204.0,3.1746031746031744,BRW,SCC,2553,54.40017046665246,95.69369781539517
RDU -> BDL,189,6,532.0,3.1746031746031744,RDU,BDL,2554,54.421478798210096,95.70056044835869
MLI -> DEN,187,6,752.0,3.2085561497326207,MLI,DEN,2555,54.442787129767744,95.70742308132219
TPA -> TTN,185,6,955.0,3.2432432432432434,TPA,TTN,2556,54.46409546132538,95.71428571428572
BOS -> SRQ,181,6,1220.0,3.314917127071823,BOS,SRQ,2557,54.48540379288301,95.72114834724923
SRQ -> BOS,181,6,1220.0,3.314917127071823,SRQ,BOS,2558,54.50671212444066,95.72801098021274
LBE -> LAS,179,6,1954.0,3.35195530726257,LBE,LAS,2559,54.528020455998295,95.73487361317625
LAS -> LBE,178,6,1954.0,3.3707865168539324,LAS,LBE,2560,54.549328787555936,95.74173624613977
MSP -> TTN,157,6,989.0,3.821656050955414,MSP,TTN,2561,54.57063711911358,95.74859887910328
LGA -> IND,156,6,660.0,3.8461538461538463,LGA,IND,2562,54.59194545067121,95.7554615120668
MSN -> LGA,153,6,812.0,3.9215686274509802,MSN,LGA,2563,54.61325378222885,95.7623241450303
GSO -> MIA,151,6,710.0,3.9735099337748347,GSO,MIA,2564,54.63456211378649,95.76918677799382
ACY -> ORD,147,6,720.0,4.081632653061225,ACY,ORD,2565,54.655870445344135,95.77604941095734
DFW -> CRW,146,6,946.0,4.10958904109589,DFW,CRW,2566,54.67717877690177,95.78291204392086
DFW -> HDN,139,6,769.0,4.316546762589928,DFW,HDN,2567,54.6984871084594,95.78977467688436
HDN -> DFW,139,6,769.0,4.316546762589928,HDN,DFW,2568,54.71979544001705,95.79663730984788
CAK -> EWR,120,6,382.0,5.0,CAK,EWR,2569,54.741103771574686,95.80349994281138
SUN -> DEN,115,6,557.0,5.217391304347826,SUN,DEN,2570,54.76241210313233,95.81036257577492
EGE -> LAX,110,6,748.0,5.454545454545454,EGE,LAX,2571,54.78372043468996,95.81722520873842
EGE -> ORD,109,6,1007.0,5.5045871559633035,EGE,ORD,2572,54.8050287662476,95.82408784170194
SYR -> LGA,76,6,198.0,7.894736842105263,SYR,LGA,2573,54.826337097805244,95.83095047466544
LGA -> SYR,75,6,198.0,8.0,LGA,SYR,2574,54.84764542936288,95.83781310762896
SEA -> SMF,3438,5,605.0,0.14543339150668994,SEA,SMF,2575,54.868953760920526,95.84353196843189
SMF -> SEA,3424,5,605.0,0.14602803738317757,SMF,SEA,2576,54.89026209247816,95.8492508292348
DTW -> LAS,2933,5,1749.0,0.17047391749062393,DTW,LAS,2577,54.911570424035794,95.85496969003773
FLL -> DTW,2624,5,1127.0,0.19054878048780488,FLL,DTW,2578,54.93287875559344,95.86068855084068
SLC -> ATL,2549,5,1590.0,0.1961553550411926,SLC,ATL,2579,54.95418708715108,95.8664074116436
SLC -> PDX,2341,5,630.0,0.21358393848782573,SLC,PDX,2580,54.97549541870872,95.87212627244654
CLT -> MSP,2129,5,930.0,0.23485204321277595,CLT,MSP,2581,54.99680375026635,95.87784513324947
ATL -> ECP,2021,5,240.0,0.24740227610094012,ATL,ECP,2582,55.018112081823986,95.8835639940524
ECP -> ATL,2020,5,240.0,0.24752475247524752,ECP,ATL,2583,55.039420413381634,95.88928285485532
DTW -> LAX,2003,5,1979.0,0.24962556165751376,DTW,LAX,2584,55.06072874493927,95.89500171565824
CLT -> LAX,1958,5,2125.0,0.2553626149131767,CLT,LAX,2585,55.08203707649692,95.90072057646117
LGB -> SLC,1952,5,588.0,0.25614754098360654,LGB,SLC,2586,55.10334540805455,95.9064394372641
MSY -> LAX,1850,5,1670.0,0.2702702702702703,MSY,LAX,2587,55.124653739612185,95.91215829806703
IAH -> FLL,1848,5,965.7164502164502,0.27056277056277056,IAH,FLL,2588,55.145962071169826,95.91787715886996
CLT -> SFO,1819,5,2296.0,0.2748763056624519,CLT,SFO,2589,55.16727040272747,95.92359601967289
SFO -> CLT,1818,5,2296.0,0.27502750275027504,SFO,CLT,2590,55.18857873428511,95.92931488047581
MSP -> FAR,1718,5,223.0,0.2910360884749709,MSP,FAR,2591,55.20988706584274,95.93503374127874
MSP -> DCA,1655,5,931.0,0.3021148036253776,MSP,DCA,2592,55.23119539740038,95.94075260208167
SLC -> SNA,1570,5,588.0,0.3184713375796179,SLC,SNA,2593,55.252503728958025,95.9464714628846
SNA -> SLC,1570,5,588.0,0.3184713375796179,SNA,SLC,2594,55.27381206051566,95.95219032368753
TUL -> ATL,1518,5,674.0,0.32938076416337286,TUL,ATL,2595,55.29512039207331,95.95790918449045
STL -> LAX,1458,5,1592.0,0.3429355281207133,STL,LAX,2596,55.31642872363094,95.96362804529338
ELP -> PHX,1451,5,347.0,0.34458993797381116,ELP,PHX,2597,55.337737055188576,95.9693469060963
PHX -> ELP,1450,5,347.0,0.3448275862068966,PHX,ELP,2598,55.35904538674622,95.97506576689923
HOU -> MCO,1399,5,849.0,0.35739814152966404,HOU,MCO,2599,55.38035371830385,95.98078462770216
MSN -> DTW,1375,5,311.0,0.36363636363636365,MSN,DTW,2600,55.4016620498615,95.9865034885051
ONT -> LAS,1372,5,197.0,0.36443148688046645,ONT,LAS,2601,55.422970381419134,95.99222234930802
MLB -> ATL,1332,5,442.0,0.37537537537537535,MLB,ATL,2602,55.44427871297677,95.99794121011095
IDA -> SLC,1323,5,188.0,0.3779289493575208,IDA,SLC,2603,55.465587044534416,96.00366007091388
MSP -> OMA,1286,5,282.0,0.38880248833592534,MSP,OMA,2604,55.48689537609205,96.00937893171681
MCO -> IND,1283,5,829.0,0.3897116134060795,MCO,IND,2605,55.50820370764969,96.01509779251973
MCO -> MKE,1255,5,1066.0,0.398406374501992,MCO,MKE,2606,55.52951203920733,96.02081665332265
SFO -> FLL,1245,5,2583.6787148594376,0.4016064257028112,SFO,FLL,2607,55.55082037076497,96.02653551412558
CLT -> MCI,1243,5,808.0,0.4022526146419952,CLT,MCI,2608,55.57212870232261,96.03225437492851
GEG -> SLC,1202,5,546.0,0.4159733777038269,GEG,SLC,2609,55.59343703388024,96.03797323573144
LAS -> AUS,1200,5,1090.0,0.4166666666666667,LAS,AUS,2610,55.61474536543789,96.04369209653437
STL -> MCI,1196,5,237.0,0.4180602006688963,STL,MCI,2611,55.636053696995525,96.0494109573373
DEN -> BIL,1106,5,455.0,0.45207956600361665,DEN,BIL,2612,55.65736202855316,96.05512981814023
BOI -> PHX,1089,5,735.0,0.4591368227731864,BOI,PHX,2613,55.67867036011081,96.06084867894316
SLC -> BZN,1066,5,347.0,0.46904315196998125,SLC,BZN,2614,55.69997869166844,96.06656753974609
MCO -> CMH,1049,5,802.0,0.47664442326024786,MCO,CMH,2615,55.72128702322608,96.07228640054902
SEA -> MDW,1023,5,1733.0,0.4887585532746823,SEA,MDW,2616,55.74259535478372,96.07800526135193
MIA -> RDU,1016,5,700.0,0.4921259842519685,MIA,RDU,2617,55.76390368634135,96.08372412215486
MSO -> SLC,1004,5,436.0,0.49800796812749004,MSO,SLC,2618,55.785212017899,96.08944298295779
DEN -> PIT,1001,5,1290.0,0.4995004995004995,DEN,PIT,2619,55.80652034945663,96.09516184376072
TPA -> PHX,997,5,1788.0,0.5015045135406219,TPA,PHX,2620,55.82782868101428,96.10088070456365
GJT -> PHX,993,5,438.0,0.5035246727089627,GJT,PHX,2621,55.849137012571916,96.10659956536658
PHL -> SEA,990,5,2378.0,0.5050505050505051,PHL,SEA,2622,55.87044534412956,96.11231842616951
DTW -> MSY,983,5,926.0,0.508646998982706,DTW,MSY,2623,55.8917536756872,96.11803728697244
MCO -> RDU,978,5,534.0,0.5112474437627812,MCO,RDU,2624,55.91306200724483,96.12375614777537
ATL -> SNA,971,5,1919.0,0.5149330587023687,ATL,SNA,2625,55.934370338802474,96.1294750085783
SNA -> ATL,970,5,1919.0,0.5154639175257731,SNA,ATL,2626,55.95567867036011,96.13519386938123
ATL -> EVV,960,5,350.0,0.5208333333333333,ATL,EVV,2627,55.976987001917756,96.14091273018414
MDT -> ATL,956,5,620.0,0.5230125523012552,MDT,ATL,2628,55.99829533347539,96.14663159098707
IAH -> CMH,945,5,986.0,0.5291005291005291,IAH,CMH,2629,56.019603665033024,96.15235045179
ALB -> ATL,937,5,853.0,0.5336179295624333,ALB,ATL,2630,56.04091199659067,96.15806931259293
ATL -> ALB,937,5,853.0,0.5336179295624333,ATL,ALB,2631,56.06222032814831,96.16378817339586
TUL -> DAL,927,5,237.0,0.5393743257820928,TUL,DAL,2632,56.08352865970595,96.16950703419879
JAX -> BNA,911,5,483.0,0.5488474204171241,JAX,BNA,2633,56.10483699126358,96.17522589500172
MCO -> MCI,907,5,1072.0,0.5512679162072767,MCO,MCI,2634,56.126145322821216,96.18094475580465
MCO -> CVG,890,5,757.0,0.5617977528089888,MCO,CVG,2635,56.147453654378864,96.18666361660758
ATL -> CID,883,5,694.0,0.5662514156285391,ATL,CID,2636,56.1687619859365,96.1923824774105
STL -> SFO,881,5,1735.0,0.5675368898978433,STL,SFO,2637,56.19007031749415,96.19810133821343
ATL -> BQK,878,5,238.0,0.5694760820045558,ATL,BQK,2638,56.21137864905178,96.20382019901635
PHX -> BFL,875,5,425.0,0.5714285714285714,PHX,BFL,2639,56.232686980609415,96.20953905981928
PIT -> TPA,848,5,873.0,0.589622641509434,PIT,TPA,2640,56.25399531216706,96.21525792062221
BDL -> MSP,847,5,1050.0,0.5903187721369539,BDL,MSP,2641,56.2753036437247,96.22097678142514
JFK -> MSP,843,5,1029.0,0.5931198102016607,JFK,MSP,2642,56.29661197528234,96.22669564222807
FLL -> CLE,832,5,1062.0,0.6009615384615385,FLL,CLE,2643,56.31792030683997,96.232414503031
CLE -> LAX,804,5,2052.0,0.6218905472636816,CLE,LAX,2644,56.33922863839761,96.23813336383392
MCO -> SFO,799,5,2446.0,0.6257822277847309,MCO,SFO,2645,56.360536969955255,96.24385222463685
SFO -> MCO,797,5,2446.0,0.6273525721455459,SFO,MCO,2646,56.38184530151289,96.24957108543978
MCO -> ACY,794,5,852.0,0.6297229219143577,MCO,ACY,2647,56.40315363307054,96.25528994624271
FLL -> AUS,789,5,1105.0,0.6337135614702154,FLL,AUS,2648,56.42446196462817,96.26100880704563
SAT -> BWI,786,5,1407.0,0.6361323155216284,SAT,BWI,2649,56.445770296185806,96.26672766784856
SLC -> MDW,777,5,1259.0,0.6435006435006435,SLC,MDW,2650,56.46707862774345,96.27244652865149
CLE -> MKE,759,5,328.0,0.6587615283267457,CLE,MKE,2651,56.48838695930108,96.27816538945441
PSP -> SLC,747,5,541.0,0.6693440428380187,PSP,SLC,2652,56.50969529085873,96.28388425025734
BNA -> PHX,733,5,1449.0,0.6821282401091405,BNA,PHX,2653,56.531003622416364,96.28960311106027
CLT -> SAN,717,5,2077.0,0.697350069735007,CLT,SAN,2654,56.552311953974,96.2953219718632
CID -> MSP,714,5,220.0,0.700280112044818,CID,MSP,2655,56.573620285531646,96.30104083266613
LAX -> BOI,675,5,674.0,0.7407407407407408,LAX,BOI,2656,56.59492861708928,96.30675969346906
DCA -> JAX,670,5,634.0,0.7462686567164178,DCA,JAX,2657,56.61623694864693,96.31247855427199
JAX -> DCA,669,5,634.0,0.7473841554559043,JAX,DCA,2658,56.63754528020456,96.31819741507492
FAI -> ANC,668,5,261.0,0.7485029940119761,FAI,ANC,2659,56.6588536117622,96.32391627587783
SJU -> STT,668,5,68.0,0.7485029940119761,SJU,STT,2660,56.68016194331984,96.32963513668076
LAS -> OKC,664,5,986.0,0.7530120481927711,LAS,OKC,2661,56.70147027487747,96.3353539974837
SFO -> DCA,664,5,2442.0,0.7530120481927711,SFO,DCA,2662,56.72277860643512,96.34107285828662
LGB -> SMF,661,5,387.0,0.7564296520423601,LGB,SMF,2663,56.744086937992755,96.34679171908955
SMF -> LGB,661,5,387.0,0.7564296520423601,SMF,LGB,2664,56.76539526955039,96.35251057989248
OKC -> PHX,657,5,833.0,0.76103500761035,OKC,PHX,2665,56.78670360110804,96.35822944069541
DTW -> OMA,651,5,651.0,0.7680491551459293,DTW,OMA,2666,56.80801193266567,96.36394830149834
DEN -> SBA,649,5,916.0,0.7704160246533128,DEN,SBA,2667,56.82932026422331,96.36966716230127
IAH -> SMF,647,5,1609.0,0.7727975270479135,IAH,SMF,2668,56.85062859578095,96.3753860231042
COS -> LAX,644,5,833.0,0.7763975155279503,COS,LAX,2669,56.87193692733858,96.38110488390711
ANC -> ORD,640,5,2846.0,0.78125,ANC,ORD,2670,56.89324525889623,96.38682374471004
RSW -> CLE,621,5,1025.0,0.8051529790660225,RSW,CLE,2671,56.91455359045386,96.39254260551297
ATL -> PWM,612,5,1027.0,0.8169934640522877,ATL,PWM,2672,56.93586192201151,96.39826146631592
PWM -> ATL,612,5,1027.0,0.8169934640522877,PWM,ATL,2673,56.957170253569146,96.40398032711884
MKE -> MCI,610,5,436.0,0.819672131147541,MKE,MCI,2674,56.97847858512678,96.40969918792177
OKC -> SLC,607,5,866.0,0.8237232289950577,OKC,SLC,2675,56.99978691668443,96.4154180487247
MCI -> IND,606,5,451.0,0.825082508250825,MCI,IND,2676,57.02109524824206,96.42113690952763
DAY -> MSP,603,5,574.0,0.8291873963515755,DAY,MSP,2677,57.0424035797997,96.42685577033056
DAL -> ICT,597,5,333.0,0.8375209380234505,DAL,ICT,2678,57.06371191135734,96.43257463113348
MSP -> DIK,597,5,481.0,0.8375209380234505,MSP,DIK,2679,57.08502024291497,96.4382934919364
STL -> MKE,597,5,317.0,0.8375209380234505,STL,MKE,2680,57.10632857447262,96.44401235273934
SYR -> CLT,594,5,603.0,0.8417508417508417,SYR,CLT,2681,57.127636906030254,96.44973121354226
SGU -> DEN,586,5,517.0,0.8532423208191127,SGU,DEN,2682,57.1489452375879,96.4554500743452
SFO -> MCI,576,5,1499.0,0.8680555555555556,SFO,MCI,2683,57.17025356914554,96.46116893514812
IAH -> CHS,575,5,925.0,0.8695652173913043,IAH,CHS,2684,57.19156190070317,96.46688779595105
STL -> MSY,572,5,604.0,0.8741258741258742,STL,MSY,2685,57.21287023226081,96.47260665675398
MAF -> LAS,559,5,795.0,0.8944543828264758,MAF,LAS,2686,57.234178563818446,96.47832551755691
PHX -> OGG,556,5,2845.0,0.8992805755395683,PHX,OGG,2687,57.255486895376094,96.48404437835984
JFK -> STT,548,5,1623.0,0.9124087591240875,JFK,STT,2688,57.27679522693373,96.48976323916276
CAK -> MCO,547,5,861.0,0.9140767824497258,CAK,MCO,2689,57.29810355849138,96.49548209996568
CLT -> IND,538,5,427.0,0.929368029739777,CLT,IND,2690,57.31941189004901,96.50120096076861
SMF -> ORD,530,5,1781.0,0.9433962264150944,SMF,ORD,2691,57.340720221606645,96.50691982157154
DEN -> MFR,522,5,964.0,0.9578544061302682,DEN,MFR,2692,57.36202855316429,96.51263868237447
ATW -> MSP,521,5,236.0,0.9596928982725527,ATW,MSP,2693,57.38333688472193,96.5183575431774
EUG -> LAX,513,5,748.0,0.9746588693957114,EUG,LAX,2694,57.40464521627957,96.52407640398033
ABQ -> BWI,511,5,1670.0,0.9784735812133072,ABQ,BWI,2695,57.4259535478372,96.52979526478326
ALB -> DTW,496,5,489.0,1.0080645161290323,ALB,DTW,2696,57.44726187939484,96.53551412558619
RDU -> STL,487,5,667.0,1.0266940451745379,RDU,STL,2697,57.468570210952485,96.54123298638912
STL -> RDU,487,5,667.0,1.0266940451745379,STL,RDU,2698,57.48987854251012,96.54695184719205
ACY -> RSW,483,5,982.0,1.0351966873706004,ACY,RSW,2699,57.51118687406777,96.55267070799496
STL -> CLE,483,5,487.0,1.0351966873706004,STL,CLE,2700,57.5324952056254,96.55838956879789
CHA -> DTW,470,5,505.0,1.0638297872340425,CHA,DTW,2701,57.553803537183036,96.56410842960082
IAH -> SJC,463,5,1608.0,1.079913606911447,IAH,SJC,2702,57.57511186874068,96.56982729040375
BDL -> SJU,456,5,1666.0,1.0964912280701753,BDL,SJU,2703,57.59642020029831,96.57554615120668
GJT -> DEN,454,5,212.0,1.1013215859030838,GJT,DEN,2704,57.61772853185596,96.58126501200961
BQN -> JFK,447,5,1576.0,1.1185682326621924,BQN,JFK,2705,57.639036863413594,96.58698387281254
JFK -> BQN,446,5,1576.0,1.1210762331838564,JFK,BQN,2706,57.66034519497123,96.59270273361547
SAV -> IAH,446,5,851.0,1.1210762331838564,SAV,IAH,2707,57.681653526528876,96.5984215944184
DTW -> CHA,442,5,505.0,1.1312217194570136,DTW,CHA,2708,57.70296185808651,96.60414045522133
OKC -> STL,418,5,462.0,1.1961722488038278,OKC,STL,2709,57.72427018964416,96.60985931602426
BOS -> AUS,402,5,1698.0,1.2437810945273633,BOS,AUS,2710,57.74557852120179,96.61557817682717
MEM -> BWI,388,5,787.0,1.2886597938144329,MEM,BWI,2711,57.76688685275943,96.6212970376301
DTW -> MYR,387,5,636.0,1.2919896640826873,DTW,MYR,2712,57.78819518431707,96.62701589843303
ALB -> TPA,383,5,1130.0,1.3054830287206265,ALB,TPA,2713,57.8095035158747,96.63273475923596
MHT -> DTW,381,5,610.0,1.3123359580052494,MHT,DTW,2714,57.83081184743235,96.63845362003889
IAH -> PBI,378,5,956.0,1.3227513227513228,IAH,PBI,2715,57.852120178989985,96.64417248084182
DTW -> MHT,376,5,610.0,1.3297872340425532,DTW,MHT,2716,57.87342851054762,96.64989134164475
GSP -> BWI,376,5,426.0,1.3297872340425532,GSP,BWI,2717,57.89473684210527,96.65561020244768
MIA -> BDL,376,5,1194.0,1.3297872340425532,MIA,BDL,2718,57.9160451736629,96.6613290632506
ORD -> RNO,376,5,1671.0,1.3297872340425532,ORD,RNO,2719,57.93735350522054,96.66704792405353
BWI -> GSP,375,5,426.0,1.3333333333333335,BWI,GSP,2720,57.95866183677818,96.67276678485646
OKC -> MSP,372,5,694.0,1.3440860215053763,OKC,MSP,2721,57.97997016833582,96.67848564565938
FLL -> MKE,370,5,1243.0,1.3513513513513513,FLL,MKE,2722,58.00127849989346,96.68420450646231
JAC -> DFW,370,5,1047.0,1.3513513513513513,JAC,DFW,2723,58.02258683145109,96.68992336726524
SAT -> SFO,365,5,1482.0,1.36986301369863,SAT,SFO,2724,58.04389516300874,96.69564222806817
CVG -> BNA,352,5,230.0,1.4204545454545454,CVG,BNA,2725,58.065203494566376,96.7013610888711
CHS -> BNA,349,5,439.0,1.4326647564469914,CHS,BNA,2726,58.08651182612401,96.70707994967402
BDL -> DEN,346,5,1671.0,1.4450867052023122,BDL,DEN,2727,58.10782015768166,96.71279881047695
SIT -> SEA,346,5,861.0,1.4450867052023122,SIT,SEA,2728,58.12912848923929,96.71851767127988
AUS -> MSY,344,5,444.0,1.4534883720930232,AUS,MSY,2729,58.15043682079693,96.72423653208281
PBI -> BDL,339,5,1133.0,1.4749262536873156,PBI,BDL,2730,58.17174515235457,96.72995539288574
BOS -> CHS,338,5,818.0,1.4792899408284024,BOS,CHS,2731,58.1930534839122,96.73567425368866
OKC -> MDW,337,5,691.0,1.483679525222552,OKC,MDW,2732,58.21436181546985,96.74139311449159
HLN -> DEN,335,5,594.0,1.4925373134328357,HLN,DEN,2733,58.235670147027484,96.74711197529452
OAK -> DFW,335,5,1457.0,1.4925373134328357,OAK,DFW,2734,58.25697847858513,96.75283083609744
ACY -> MYR,334,5,466.0,1.4970059880239521,ACY,MYR,2735,58.27828681014277,96.75854969690037
BOS -> MSY,334,5,1368.0,1.4970059880239521,BOS,MSY,2736,58.2995951417004,96.7642685577033
BUR -> JFK,334,5,2465.0,1.4970059880239521,BUR,JFK,2737,58.32090347325804,96.76998741850623
BWI -> OKC,334,5,1180.0,1.4970059880239521,BWI,OKC,2738,58.34221180481568,96.77570627930916
DEN -> HLN,334,5,594.0,1.4970059880239521,DEN,HLN,2739,58.363520136373324,96.78142514011209
HNL -> IAH,334,5,3904.0,1.4970059880239521,HNL,IAH,2740,58.38482846793096,96.78714400091502
LBB -> LAS,334,5,775.0,1.4970059880239521,LBB,LAS,2741,58.40613679948859,96.79286286171795
MEI -> DFW,334,5,485.0,1.4970059880239521,MEI,DFW,2742,58.42744513104624,96.79858172252086
MSY -> BOS,334,5,1368.0,1.4970059880239521,MSY,BOS,2743,58.448753462603875,96.8043005833238
OAK -> ORD,334,5,1836.0,1.4970059880239521,OAK,ORD,2744,58.47006179416152,96.81001944412672
ORD -> HNL,334,5,4243.0,1.4970059880239521,ORD,HNL,2745,58.49137012571916,96.81573830492965
ORD -> OAK,334,5,1836.0,1.4970059880239521,ORD,OAK,2746,58.51267845727679,96.82145716573258
PIB -> MEI,334,5,69.0,1.4970059880239521,PIB,MEI,2747,58.53398678883443,96.82717602653551
SAN -> BOI,334,5,749.0,1.4970059880239521,SAN,BOI,2748,58.55529512039207,96.83289488733844
SWF -> FLL,334,5,1118.0,1.4970059880239521,SWF,FLL,2749,58.576603451949715,96.83861374814137
SWF -> MCO,334,5,989.0,1.4970059880239521,SWF,MCO,2750,58.59791178350735,96.8443326089443
TPA -> HPN,334,5,1032.0,1.4970059880239521,TPA,HPN,2751,58.619220115064984,96.85005146974723
MHT -> ATL,333,5,952.0,1.5015015015015014,MHT,ATL,2752,58.64052844662263,96.85577033055014
OKC -> SFO,333,5,1384.0,1.5015015015015014,OKC,SFO,2753,58.661836778180266,96.86148919135307
PSG -> JNU,332,5,123.0,1.5060240963855422,PSG,JNU,2754,58.68314510973791,96.867208052156
HPN -> TPA,331,5,1032.0,1.5105740181268883,HPN,TPA,2755,58.70445344129555,96.87292691295893
AVP -> ATL,329,5,714.0,1.5197568389057752,AVP,ATL,2756,58.72576177285319,96.87864577376186
DCA -> LAS,329,5,2089.0,1.5197568389057752,DCA,LAS,2757,58.747070104410824,96.88436463456479
GRR -> STL,326,5,382.0,1.5337423312883436,GRR,STL,2758,58.76837843596846,96.89008349536772
ATL -> LNK,325,5,841.0,1.5384615384615385,ATL,LNK,2759,58.789686767526106,96.89580235617065
LNK -> ATL,325,5,841.0,1.5384615384615385,LNK,ATL,2760,58.81099509908374,96.90152121697358
RST -> ATL,316,5,831.0,1.5822784810126582,RST,ATL,2761,58.83230343064139,96.9072400777765
SHV -> DEN,314,5,792.0,1.5923566878980893,SHV,DEN,2762,58.85361176219902,96.91295893857944
BOS -> CAK,299,5,549.0,1.6722408026755853,BOS,CAK,2763,58.87492009375666,96.91867779938235
TTN -> CLT,298,5,484.0,1.6778523489932886,TTN,CLT,2764,58.8962284253143,96.92439666018528
CAE -> IAH,289,5,878.0,1.7301038062283738,CAE,IAH,2765,58.91753675687193,96.93011552098821
ORD -> MQT,286,5,303.0,1.7482517482517483,ORD,MQT,2766,58.93884508842958,96.93583438179115
CVG -> BOS,283,5,752.0,1.76678445229682,CVG,BOS,2767,58.960153419987215,96.94155324259408
DFW -> HSV,280,5,603.0,1.7857142857142856,DFW,HSV,2768,58.98146175154485,96.94727210339701
DTW -> LIT,280,5,705.0,1.7857142857142856,DTW,LIT,2769,59.0027700831025,96.95299096419994
RDU -> TTN,278,5,373.0,1.7985611510791366,RDU,TTN,2770,59.02407841466013,96.95870982500287
TTN -> RDU,278,5,373.0,1.7985611510791366,TTN,RDU,2771,59.04538674621777,96.96442868580579
AUS -> PHL,269,5,1430.0,1.858736059479554,AUS,PHL,2772,59.066695077775414,96.97014754660871
DTW -> BGM,264,5,378.0,1.893939393939394,DTW,BGM,2773,59.08800340933305,96.97586640741164
PIA -> IAH,262,5,802.0,1.9083969465648856,PIA,IAH,2774,59.10931174089069,96.98158526821457
CLE -> MIA,257,5,1080.0,1.9455252918287937,CLE,MIA,2775,59.13062007244832,96.9873041290175
LAX -> JAC,255,5,784.0,1.9607843137254901,LAX,JAC,2776,59.15192840400597,96.99302298982043
MIA -> CHS,254,5,489.0,1.968503937007874,MIA,CHS,2777,59.173236735563606,96.99874185062336
IAD -> SMF,239,5,2358.0,2.092050209205021,IAD,SMF,2778,59.19454506712124,97.00446071142629
FLL -> TTN,231,5,1026.0,2.1645021645021645,FLL,TTN,2779,59.21585339867889,97.01017957222922
ORD -> PNS,223,5,794.0,2.242152466367713,ORD,PNS,2780,59.23716173023652,97.01589843303215
DTW -> DSM,221,5,533.8144796380091,2.262443438914027,DTW,DSM,2781,59.25847006179416,97.02161729383508
GSP -> DTW,219,5,508.0,2.28310502283105,GSP,DTW,2782,59.2797783933518,97.027336154638
BOS -> STT,205,5,1693.0,2.4390243902439024,BOS,STT,2783,59.30108672490944,97.03305501544092
SFO -> ASE,202,5,848.0,2.4752475247524752,SFO,ASE,2784,59.32239505646708,97.03877387624385
PHL -> MYR,194,5,473.0,2.5773195876288657,PHL,MYR,2785,59.343703388024714,97.04449273704678
DEN -> MLI,189,5,752.0,2.6455026455026456,DEN,MLI,2786,59.36501171958236,97.05021159784971
DSM -> DTW,188,5,533.781914893617,2.6595744680851063,DSM,DTW,2787,59.38632005114,97.05593045865264
OAK -> IAH,179,5,1628.0,2.793296089385475,OAK,IAH,2788,59.40762838269763,97.06164931945557
OGG -> DEN,173,5,3302.0,2.8901734104046244,OGG,DEN,2789,59.42893671425528,97.0673681802585
JAC -> SFO,169,5,737.0,2.9585798816568047,JAC,SFO,2790,59.45024504581291,97.07308704106143
SFO -> JAC,169,5,737.0,2.9585798816568047,SFO,JAC,2791,59.471553377370554,97.07880590186436
TTN -> RSW,166,5,1028.0,3.0120481927710845,TTN,RSW,2792,59.49286170892819,97.08452476266729
STT -> IAD,152,5,1606.0,3.289473684210526,STT,IAD,2793,59.51417004048582,97.0902436234702
MEM -> MIA,151,5,859.0,3.3112582781456954,MEM,MIA,2794,59.53547837204347,97.09596248427313
MIA -> GSO,151,5,710.0,3.3112582781456954,MIA,GSO,2795,59.556786703601105,97.10168134507606
MTJ -> ORD,118,5,1081.0,4.23728813559322,MTJ,ORD,2796,59.57809503515875,97.10740020587899
EGE -> EWR,111,5,1725.0,4.504504504504505,EGE,EWR,2797,59.59940336671639,97.11311906668192
LAX -> EGE,111,5,748.0,4.504504504504505,LAX,EGE,2798,59.62071169827402,97.11883792748485
BNA -> RSW,105,5,722.0,4.761904761904762,BNA,RSW,2799,59.64202002983166,97.12455678828778
STC -> ORD,83,5,394.0,6.024096385542169,STC,ORD,2800,59.663328361389304,97.1302756490907
ORD -> STC,82,5,394.0,6.097560975609756,ORD,STC,2801,59.684636692946945,97.13599450989364
LGA -> LIT,74,5,1085.0,6.756756756756757,LGA,LIT,2802,59.70594502450458,97.14171337069656
ILG -> MCO,66,5,841.0,7.575757575757576,ILG,MCO,2803,59.727253356062214,97.1474322314995
HNL -> LIH,5856,4,102.0,0.06830601092896176,HNL,LIH,2804,59.74856168761986,97.15200732014183
ATL -> SLC,2545,4,1590.0,0.15717092337917485,ATL,SLC,2805,59.769870019177496,97.15658240878417
MCO -> LAX,2414,4,2218.0,0.16570008285004142,MCO,LAX,2806,59.791178350735144,97.16115749742652
SLC -> SAN,2265,4,626.0,0.17660044150110377,SLC,SAN,2807,59.81248668229278,97.16573258606886
SAN -> ATL,2045,4,1892.0,0.19559902200488996,SAN,ATL,2808,59.83379501385041,97.1703076747112
PDX -> OAK,1793,4,543.0,0.2230897936419409,PDX,OAK,2809,59.855103345408054,97.17488276335354
RSW -> DTW,1614,4,1084.0,0.24783147459727387,RSW,DTW,2810,59.87641167696569,97.17945785199589
PDX -> SMF,1597,4,479.0,0.25046963055729493,PDX,SMF,2811,59.897720008523336,97.18403294063822
ATL -> BUF,1568,4,712.0,0.25510204081632654,ATL,BUF,2812,59.91902834008097,97.18860802928056
DEN -> MSY,1552,4,1062.0,0.25773195876288657,DEN,MSY,2813,59.940336671638605,97.19318311792291
LAX -> HOU,1543,4,1390.0,0.2592352559948153,LAX,HOU,2814,59.96164500319625,97.19775820656525
ATL -> TUL,1516,4,674.0,0.2638522427440633,ATL,TUL,2815,59.98295333475389,97.2023332952076
ATL -> DAB,1489,4,366.0,0.2686366689053056,ATL,DAB,2816,60.00426166631153,97.20690838384994
DAB -> ATL,1489,4,366.0,0.2686366689053056,DAB,ATL,2817,60.02556999786917,97.21148347249228
SMF -> SLC,1479,4,532.0,0.2704530087897228,SMF,SLC,2818,60.046878329426804,97.21605856113462
STL -> LAS,1429,4,1371.0,0.27991602519244224,STL,LAS,2819,60.068186660984445,97.22063364977697
DTW -> MSN,1422,4,311.0,0.2812939521800281,DTW,MSN,2820,60.08949499254208,97.22520873841931
DTW -> MCI,1420,4,629.0,0.28169014084507044,DTW,MCI,2821,60.11080332409973,97.22978382706164
MIA -> LAS,1396,4,2174.0,0.28653295128939826,MIA,LAS,2822,60.13211165565736,97.234358915704
CLE -> MCO,1382,4,895.0,0.2894356005788712,CLE,MCO,2823,60.15341998721501,97.23893400434633
ATL -> MLB,1332,4,442.0,0.3003003003003003,ATL,MLB,2824,60.174728318772644,97.24350909298867
SEA -> KTN,1320,4,680.0,0.30303030303030304,SEA,KTN,2825,60.19603665033028,97.24808418163103
ATL -> GRR,1291,4,640.0,0.3098373353989156,ATL,GRR,2826,60.21734498188792,97.25265927027336
GRR -> ATL,1290,4,640.0,0.31007751937984496,GRR,ATL,2827,60.23865331344555,97.2572343589157
MCI -> STL,1205,4,237.0,0.33195020746887965,MCI,STL,2828,60.2599616450032,97.26180944755805
MIA -> DTW,1199,4,1145.0,0.3336113427856547,MIA,DTW,2829,60.281269976560836,97.26638453620039
PDX -> SNA,1146,4,859.0,0.34904013961605584,PDX,SNA,2830,60.30257830811847,97.27095962484273
LAX -> BWI,1118,4,2329.0,0.35778175313059035,LAX,BWI,2831,60.32388663967612,97.27553471348507
MKE -> LAS,1092,4,1524.0,0.3663003663003663,MKE,LAS,2832,60.34519497123375,97.28010980212741
SJU -> TPA,1090,4,1237.0,0.3669724770642202,SJU,TPA,2833,60.36650330279139,97.28468489076975
ATL -> CSG,1067,4,83.0,0.37488284910965325,ATL,CSG,2834,60.387811634349035,97.28925997941211
PHL -> SJU,1028,4,1576.0,0.38910505836575876,PHL,SJU,2835,60.40911996590667,97.29383506805445
MIA -> SFO,1022,4,2585.0,0.3913894324853229,MIA,SFO,2836,60.43042829746431,97.29841015669679
ORD -> SJU,1022,4,2072.0,0.3913894324853229,ORD,SJU,2837,60.451736629021944,97.30298524533913
MCO -> DAL,1017,4,973.0,0.39331366764995085,MCO,DAL,2838,60.47304496057959,97.30756033398147
AUS -> MCO,998,4,994.0,0.4008016032064128,AUS,MCO,2839,60.49435329213723,97.31213542262381
ATL -> ROC,973,4,749.0,0.41109969167523125,ATL,ROC,2840,60.51566162369486,97.31671051126615
ROC -> ATL,973,4,749.0,0.41109969167523125,ROC,ATL,2841,60.53696995525251,97.3212855999085
BWI -> PBI,968,4,883.0,0.4132231404958678,BWI,PBI,2842,60.55827828681014,97.32586068855083
ICT -> ATL,968,4,782.0,0.4132231404958678,ICT,ATL,2843,60.579586618367784,97.33043577719317
ATL -> MDT,955,4,620.0,0.41884816753926707,ATL,MDT,2844,60.60089494992542,97.33501086583553
ATL -> FNT,954,4,645.0,0.41928721174004197,ATL,FNT,2845,60.62220328148305,97.33958595447787
FNT -> ATL,954,4,645.0,0.41928721174004197,FNT,ATL,2846,60.6435116130407,97.34416104312021
JAC -> SLC,948,4,205.0,0.42194092827004215,JAC,SLC,2847,60.664819944598335,97.34873613176255
DSM -> ATL,927,4,743.0,0.4314994606256742,DSM,ATL,2848,60.68612827615598,97.35331122040489
ATL -> DSM,925,4,743.0,0.43243243243243246,ATL,DSM,2849,60.70743660771362,97.35788630904723
GEG -> PHX,922,4,1020.0,0.43383947939262474,GEG,PHX,2850,60.72874493927125,97.36246139768959
SAN -> TUS,921,4,368.0,0.43431053203040176,SAN,TUS,2851,60.7500532708289,97.36703648633193
DEN -> RDU,903,4,1436.0,0.4429678848283499,DEN,RDU,2852,60.771361602386534,97.37161157497427
ATL -> PIA,896,4,565.0,0.4464285714285714,ATL,PIA,2853,60.792669933944175,97.37618666361661
SFO -> STL,884,4,1735.0,0.4524886877828055,SFO,STL,2854,60.81397826550181,97.38076175225895
FAT -> SEA,883,4,748.0,0.4530011325028313,FAT,SEA,2855,60.835286597059444,97.38533684090129
MSP -> BDL,852,4,1050.0,0.4694835680751174,MSP,BDL,2856,60.85659492861709,97.38991192954364
MSP -> JFK,820,4,1029.0,0.4878048780487805,MSP,JFK,2857,60.877903260174726,97.39448701818598
CPR -> SLC,818,4,320.0,0.4889975550122249,CPR,SLC,2858,60.899211591732374,97.39906210682831
CLE -> BNA,794,4,448.0,0.5037783375314862,CLE,BNA,2859,60.92051992329001,97.40363719547067
BWI -> SAT,790,4,1407.0,0.5063291139240507,BWI,SAT,2860,60.94182825484764,97.408212284113
IAH -> PDX,769,4,1825.0,0.5201560468140443,IAH,PDX,2861,60.963136586405284,97.41278737275535
PIT -> FLL,769,4,994.0,0.5201560468140443,PIT,FLL,2862,60.98444491796292,97.41736246139769
FLL -> PIT,768,4,994.0,0.5208333333333333,FLL,PIT,2863,61.005753249520566,97.42193755004003
DTW -> TVC,757,4,207.0,0.5284015852047557,DTW,TVC,2864,61.0270615810782,97.42651263868237
IND -> RSW,753,4,945.0,0.5312084993359893,IND,RSW,2865,61.048369912635835,97.43108772732472
STL -> TPA,731,4,869.0,0.5471956224350205,STL,TPA,2866,61.06967824419348,97.43566281596706
TPA -> STL,730,4,869.0,0.547945205479452,TPA,STL,2867,61.09098657575112,97.4402379046094
DEN -> CMH,696,4,1154.0,0.5747126436781609,DEN,CMH,2868,61.112294907308765,97.44481299325174
SFO -> KOA,694,4,2367.0,0.5763688760806917,SFO,KOA,2869,61.1336032388664,97.44938808189409
MCO -> RIC,685,4,667.0,0.583941605839416,MCO,RIC,2870,61.154911570424034,97.45396317053643
RIC -> MCO,685,4,667.0,0.583941605839416,RIC,MCO,2871,61.176219901981675,97.45853825917877
CMH -> TPA,678,4,829.0,0.5899705014749262,CMH,TPA,2872,61.19752823353931,97.46311334782112
IND -> DTW,674,4,231.0,0.5934718100890208,IND,DTW,2873,61.21883656509696,97.46768843646345
SLC -> SUN,674,4,222.0,0.5934718100890208,SLC,SUN,2874,61.24014489665459,97.4722635251058
MCO -> FLL,668,4,177.0,0.5988023952095809,MCO,FLL,2875,61.261453228212225,97.47683861374814
ICT -> MSP,633,4,545.0,0.631911532385466,ICT,MSP,2876,61.282761559769874,97.48141370239048
RDU -> FLL,626,4,680.0,0.6389776357827476,RDU,FLL,2877,61.30406989132751,97.48598879103282
SAN -> ABQ,618,4,628.0,0.6472491909385114,SAN,ABQ,2878,61.32537822288515,97.49056387967518
ABQ -> SAN,615,4,628.0,0.6504065040650406,ABQ,SAN,2879,61.34668655444278,97.4951389683175
MKE -> TPA,611,4,1075.0,0.6546644844517185,MKE,TPA,2880,61.36799488600042,97.49971405695985
MSP -> FLL,611,4,1487.0,0.6546644844517185,MSP,FLL,2881,61.389303217558066,97.5042891456022
HOU -> BHM,610,4,570.0,0.6557377049180327,HOU,BHM,2882,61.4106115491157,97.50886423424454
CLT -> ORF,603,4,290.0,0.6633499170812603,CLT,ORF,2883,61.43191988067335,97.51343932288688
MCI -> HOU,601,4,666.0,0.6655574043261231,MCI,HOU,2884,61.45322821223098,97.51801441152922
RDM -> SLC,598,4,525.0,0.6688963210702341,RDM,SLC,2885,61.474536543788616,97.52258950017156
COS -> SLC,597,4,411.0,0.6700167504187605,COS,SLC,2886,61.495844875346265,97.5271645888139
SLC -> COS,597,4,411.0,0.6700167504187605,SLC,COS,2887,61.5171532069039,97.53173967745626
BNA -> ECP,594,4,401.0,0.6734006734006733,BNA,ECP,2888,61.53846153846154,97.5363147660986
ECP -> BNA,593,4,401.0,0.6745362563237773,ECP,BNA,2889,61.559769870019174,97.54088985474093
AUS -> SLC,588,4,1086.0,0.6802721088435374,AUS,SLC,2890,61.58107820157681,97.54546494338328
FLL -> BUF,586,4,1165.5853242320818,0.6825938566552902,FLL,BUF,2891,61.60238653313446,97.55004003202562
OGG -> PDX,580,4,2562.0,0.6896551724137931,OGG,PDX,2892,61.62369486469209,97.55461512066796
MSY -> STL,571,4,604.0,0.7005253940455342,MSY,STL,2893,61.64500319624974,97.55919020931032
SAT -> BNA,569,4,822.0,0.7029876977152899,SAT,BNA,2894,61.66631152780737,97.56376529795264
TPA -> BUF,561,4,1053.0,0.7130124777183601,TPA,BUF,2895,61.687619859365014,97.56834038659498
BUF -> TPA,558,4,1053.0,0.7168458781362007,BUF,TPA,2896,61.70892819092265,97.57291547523734
SBN -> MSP,553,4,411.0,0.7233273056057866,SBN,MSP,2897,61.73023652248028,97.57749056387968
SEA -> MKE,541,4,1694.0,0.7393715341959335,SEA,MKE,2898,61.75154485403793,97.58206565252202
TPA -> CLE,538,4,927.0,0.7434944237918215,TPA,CLE,2899,61.772853185595565,97.58664074116436
IND -> HOU,536,4,861.0,0.7462686567164178,IND,HOU,2900,61.79416151715321,97.5912158298067
DTW -> ORF,535,4,529.0,0.7476635514018692,DTW,ORF,2901,61.81546984871085,97.59579091844904
DTW -> MDT,526,4,371.0,0.7604562737642585,DTW,MDT,2902,61.83677818026848,97.6003660070914
RSW -> MKE,524,4,1183.0,0.7633587786259541,RSW,MKE,2903,61.85808651182613,97.60494109573374
MSP -> LAN,518,4,455.0,0.7722007722007722,MSP,LAN,2904,61.879394843383764,97.60951618437608
MKE -> RSW,516,4,1183.0,0.7751937984496124,MKE,RSW,2905,61.900703174941405,97.61409127301842
MSP -> ATW,511,4,236.0,0.7827788649706457,MSP,ATW,2906,61.92201150649904,97.61866636166076
RDU -> MSP,501,4,980.0,0.7984031936127743,RDU,MSP,2907,61.943319838056674,97.6232414503031
DTW -> ATW,489,4,296.0,0.81799591002045,DTW,ATW,2908,61.96462816961432,97.62781653894544
CLE -> STL,483,4,487.0,0.8281573498964804,CLE,STL,2909,61.985936501171956,97.6323916275878
MSP -> PIT,481,4,726.0,0.8316008316008316,MSP,PIT,2910,62.007244832729604,97.63696671623012
AVP -> DTW,471,4,399.0,0.8492569002123143,AVP,DTW,2911,62.02855316428724,97.64154180487246
DTW -> AVP,471,4,399.0,0.8492569002123143,DTW,AVP,2912,62.04986149584487,97.64611689351482
FAT -> PHX,471,4,493.0,0.8492569002123143,FAT,PHX,2913,62.071169827402514,97.65069198215716
MSP -> XNA,466,4,596.0,0.8583690987124464,MSP,XNA,2914,62.09247815896015,97.6552670707995
XNA -> MSP,462,4,596.0,0.8658008658008658,XNA,MSP,2915,62.113786490517796,97.65984215944184
DEN -> GJT,454,4,212.0,0.881057268722467,DEN,GJT,2916,62.13509482207543,97.66441724808418
IAH -> SAV,454,4,851.0,0.881057268722467,IAH,SAV,2917,62.156403153633065,97.66899233672652
CLE -> SFO,446,4,2161.0,0.8968609865470852,CLE,SFO,2918,62.17771148519071,97.67356742536887
CVG -> DTW,445,4,229.0,0.8988764044943821,CVG,DTW,2919,62.19901981674835,97.67814251401121
TPA -> MHT,445,4,1204.0,0.8988764044943821,TPA,MHT,2920,62.220328148305995,97.68271760265354
PIT -> RSW,444,4,966.0,0.9009009009009009,PIT,RSW,2921,62.24163647986363,97.6872926912959
SFO -> LIH,438,4,2447.0,0.91324200913242,SFO,LIH,2922,62.262944811421264,97.69186777993824
PIT -> DTW,435,4,201.0,0.9195402298850575,PIT,DTW,2923,62.284253142978905,97.69644286858058
MIA -> TLH,426,4,402.0,0.9389671361502347,MIA,TLH,2924,62.30556147453654,97.70101795722293
AUS -> CLT,423,4,1032.0,0.9456264775413712,AUS,CLT,2925,62.32686980609419,97.70559304586527
STL -> OKC,421,4,462.0,0.9501187648456058,STL,OKC,2926,62.34817813765182,97.7101681345076
SMF -> MDW,417,4,1790.0,0.9592326139088728,SMF,MDW,2927,62.369486469209455,97.71474322314995
ANC -> DEN,408,4,2405.0,0.9803921568627451,ANC,DEN,2928,62.390794800767104,97.71931831179229
ATL -> GRB,405,4,774.0,0.9876543209876543,ATL,GRB,2929,62.41210313232474,97.72389340043463
ANC -> PHX,393,4,2552.0,1.0178117048346056,ANC,PHX,2930,62.43341146388238,97.72846848907697
BWI -> MEM,388,4,787.0,1.0309278350515463,BWI,MEM,2931,62.45471979544001,97.73304357771931
MYR -> DTW,387,4,636.0,1.03359173126615,MYR,DTW,2932,62.476028126997655,97.73761866636166
DEN -> RSW,386,4,1607.0,1.0362694300518136,DEN,RSW,2933,62.497336458555296,97.74219375500401
JAX -> PHL,383,4,742.0,1.0443864229765014,JAX,PHL,2934,62.51864479011293,97.74676884364635
HOU -> CLT,379,4,920.0,1.0554089709762533,HOU,CLT,2935,62.53995312167058,97.75134393228869
MKE -> FLL,378,4,1243.0,1.0582010582010581,MKE,FLL,2936,62.56126145322821,97.75591902093103
BDL -> MIA,376,4,1194.0,1.0638297872340425,BDL,MIA,2937,62.582569784785846,97.76049410957337
TPA -> CAK,373,4,894.0,1.0723860589812333,TPA,CAK,2938,62.603878116343495,97.76506919821571
MSP -> OKC,371,4,694.0,1.078167115902965,MSP,OKC,2939,62.62518644790113,97.76964428685805
PIA -> DTW,371,4,346.0,1.078167115902965,PIA,DTW,2940,62.64649477945877,97.77421937550041
DFW -> JAC,370,4,1047.0,1.0810810810810811,DFW,JAC,2941,62.667803111016404,97.77879446414273
PHL -> MSY,359,4,1089.0,1.1142061281337048,PHL,MSY,2942,62.68911144257404,97.78336955278508
CVG -> MKE,353,4,318.0,1.13314447592068,CVG,MKE,2943,62.71041977413169,97.78794464142743
BNA -> CHS,349,4,439.0,1.146131805157593,BNA,CHS,2944,62.73172810568932,97.79251973006977
BNA -> SLC,346,4,1404.0,1.1560693641618496,BNA,SLC,2945,62.75303643724697,97.79709481871211
BDL -> PBI,339,4,1133.0,1.1799410029498525,BDL,PBI,2946,62.7743447688046,97.80166990735447
MCO -> FNT,339,4,1011.0,1.1799410029498525,MCO,FNT,2947,62.79565310036224,97.80624499599679
HOU -> JFK,338,4,1428.0,1.183431952662722,HOU,JFK,2948,62.81696143191988,97.81082008463913
MDW -> OKC,338,4,691.0,1.183431952662722,MDW,OKC,2949,62.83826976347752,97.81539517328149
TPA -> AUS,337,4,928.0,1.1869436201780417,TPA,AUS,2950,62.85957809503516,97.81997026192383
DFW -> OAK,335,4,1457.0,1.1940298507462688,DFW,OAK,2951,62.880886426592795,97.82454535056617
ABQ -> SFO,334,4,896.0,1.1976047904191618,ABQ,SFO,2952,62.90219475815043,97.82912043920851
ACY -> TPA,334,4,913.0,1.1976047904191618,ACY,TPA,2953,62.92350308970808,97.83369552785085
AUS -> DCA,334,4,1315.0,1.1976047904191618,AUS,DCA,2954,62.94481142126571,97.83827061649319
BNA -> PIT,334,4,462.0,1.1976047904191618,BNA,PIT,2955,62.96611975282336,97.84284570513555
DFW -> BIS,334,4,977.0,1.1976047904191618,DFW,BIS,2956,62.987428084380994,97.84742079377789
FLL -> RIC,334,4,805.0,1.1976047904191618,FLL,RIC,2957,63.00873641593863,97.85199588242021
JFK -> BUR,334,4,2465.0,1.1976047904191618,JFK,BUR,2958,63.03004474749627,97.85657097106257
KTN -> JNU,334,4,234.0,1.1976047904191618,KTN,JNU,2959,63.051353079053904,97.86114605970491
MCO -> SWF,334,4,989.0,1.1976047904191618,MCO,SWF,2960,63.07266141061155,97.86572114834725
MDW -> JAX,334,4,849.0,1.1976047904191618,MDW,JAX,2961,63.093969742169186,97.87029623698959
SJC -> MDW,334,4,1838.0,1.1976047904191618,SJC,MDW,2962,63.115278073726834,97.87487132563193
ATL -> MHT,333,4,952.0,1.2012012012012012,ATL,MHT,2963,63.13658640528447,97.87944641427427
PSG -> WRG,332,4,31.0,1.2048192771084338,PSG,WRG,2964,63.1578947368421,97.88402150291662
WRG -> PSG,332,4,31.0,1.2048192771084338,WRG,PSG,2965,63.179203068399744,97.88859659155897
IAH -> BOI,331,4,1482.0,1.2084592145015105,IAH,BOI,2966,63.200511399957385,97.8931716802013
ATL -> AVP,329,4,714.0,1.21580547112462,ATL,AVP,2967,63.221819731515026,97.89774676884365
DTW -> OKC,327,4,900.0,1.2232415902140672,DTW,OKC,2968,63.24312806307266,97.90232185748599
ATL -> TTN,325,4,701.0,1.2307692307692308,ATL,TTN,2969,63.264436394630295,97.90689694612833
TTN -> ATL,325,4,701.0,1.2307692307692308,TTN,ATL,2970,63.28574472618794,97.91147203477067
EWR -> PDX,324,4,2434.0,1.2345679012345678,EWR,PDX,2971,63.30705305774558,97.91604712341302
GSP -> HOU,320,4,845.0,1.25,GSP,HOU,2972,63.328361389303225,97.92062221205536
DEN -> SHV,318,4,792.0,1.257861635220126,DEN,SHV,2973,63.34966972086086,97.9251973006977
LAX -> OKC,315,4,1187.0,1.2698412698412698,LAX,OKC,2974,63.370978052418494,97.92977238934004
STT -> FLL,311,4,1107.0,1.2861736334405145,STT,FLL,2975,63.392286383976135,97.93434747798239
BTV -> ATL,302,4,961.0,1.3245033112582782,BTV,ATL,2976,63.41359471553377,97.93892256662473
JFK -> SJC,296,4,2569.0,1.3513513513513513,JFK,SJC,2977,63.43490304709142,97.94349765526708
BQN -> EWR,291,4,1585.0,1.3745704467353952,BQN,EWR,2978,63.45621137864905,97.9480727439094
EWR -> BQN,291,4,1585.0,1.3745704467353952,EWR,BQN,2979,63.477519710206685,97.95264783255175
TYS -> DEN,286,4,1162.0,1.3986013986013985,TYS,DEN,2980,63.498828041764334,97.9572229211941
BZN -> ORD,249,4,1186.0,1.6064257028112447,BZN,ORD,2981,63.52013637332197,97.96179800983644
TTN -> FLL,230,4,1026.0,1.7391304347826086,TTN,FLL,2982,63.54144470487961,97.96637309847878
DTW -> GSP,223,4,508.0,1.7937219730941705,DTW,GSP,2983,63.56275303643725,97.97094818712112
MYR -> BWI,202,4,399.0,1.9801980198019802,MYR,BWI,2984,63.584061367994885,97.97552327576346
RSW -> CAK,198,4,991.0,2.0202020202020203,RSW,CAK,2985,63.605369699552526,97.9800983644058
LBE -> MYR,197,4,456.0,2.030456852791878,LBE,MYR,2986,63.62667803111016,97.98467345304816
MYR -> LBE,197,4,456.0,2.030456852791878,MYR,LBE,2987,63.64798636266781,97.9892485416905
SFO -> SUN,170,4,587.0,2.3529411764705883,SFO,SUN,2988,63.66929469422544,97.99382363033283
RSW -> TTN,166,4,1028.0,2.4096385542168677,RSW,TTN,2989,63.690603025783076,97.99839871897518
TTN -> MSP,157,4,989.0,2.547770700636943,TTN,MSP,2990,63.711911357340725,98.00297380761752
BZN -> LAX,143,4,902.0,2.797202797202797,BZN,LAX,2991,63.73321968889836,98.00754889625986
IND -> PHL,134,4,588.0,2.9850746268656714,IND,PHL,2992,63.754528020456,98.01212398490222
AZO -> MSP,117,4,426.0,3.418803418803419,AZO,MSP,2993,63.775836352013634,98.01669907354456
IAD -> ROC,116,4,288.0,3.4482758620689653,IAD,ROC,2994,63.797144683571275,98.02127416218688
ROC -> IAD,114,4,288.0,3.508771929824561,ROC,IAD,2995,63.81845301512892,98.02584925082924
DEN -> HDN,95,4,141.0,4.2105263157894735,DEN,HDN,2996,63.83976134668655,98.03042433947158
LGA -> JAX,95,4,833.0,4.2105263157894735,LGA,JAX,2997,63.8610696782442,98.03499942811392
MTJ -> DFW,95,4,722.0,4.2105263157894735,MTJ,DFW,2998,63.88237800980183,98.03957451675626
DTW -> HSV,93,4,554.0,4.301075268817205,DTW,HSV,2999,63.90368634135947,98.0441496053986
PVD -> IAD,62,4,372.0,6.451612903225806,PVD,IAD,3000,63.924994672917116,98.04872469404094
IAD -> PVD,61,4,372.0,6.557377049180328,IAD,PVD,3001,63.94630300447475,98.0532997826833
DTW -> ITH,35,4,353.0,11.428571428571429,DTW,ITH,3002,63.96761133603239,98.05787487132564
ITH -> DTW,34,4,353.0,11.76470588235294,ITH,DTW,3003,63.988919667590025,98.06244995996798
PHX -> DTW,2717,3,1671.0,0.11041589988958411,PHX,DTW,3004,64.01022799914766,98.06588127644973
ATL -> SEA,2673,3,2182.0,0.11223344556677892,ATL,SEA,3005,64.03153633070531,98.0693125929315
DTW -> MSP,2645,3,528.0,0.11342155009451795,DTW,MSP,3006,64.05284466226294,98.07274390941323
MSP -> SEA,2549,3,1399.0,0.11769321302471558,MSP,SEA,3007,64.07415299382059,98.076175225895
PDX -> SLC,2339,3,630.0,0.12825994014536127,PDX,SLC,3008,64.09546132537822,98.07960654237677
PDX -> SJC,2248,3,569.0,0.13345195729537368,PDX,SJC,3009,64.11676965693586,98.08303785885852
PHX -> STL,2121,3,1262.0,0.14144271570014144,PHX,STL,3010,64.1380779884935,98.08646917534027
OAK -> SLC,2116,3,588.0,0.14177693761814747,OAK,SLC,3011,64.15938632005114,98.08990049182202
PDX -> SAN,1691,3,933.0,0.17740981667652278,PDX,SAN,3012,64.18069465160879,98.09333180830379
ATL -> OMA,1615,3,821.0,0.18575851393188852,ATL,OMA,3013,64.20200298316642,98.09676312478555
BOI -> SLC,1578,3,290.0,0.19011406844106463,BOI,SLC,3014,64.22331131472406,98.10019444126729
BUF -> ATL,1569,3,712.0,0.19120458891013384,BUF,ATL,3015,64.24461964628169,98.10362575774906
OMA -> ATL,1552,3,821.0,0.19329896907216496,OMA,ATL,3016,64.26592797783933,98.10705707423081
LAX -> SAT,1539,3,1211.0,0.1949317738791423,LAX,SAT,3017,64.28723630939697,98.11048839071258
SJU -> ATL,1420,3,1547.0,0.21126760563380279,SJU,ATL,3018,64.30854464095461,98.11391970719433
PHX -> HOU,1396,3,1020.0,0.21489971346704873,PHX,HOU,3019,64.32985297251224,98.11735102367608
LAX -> KOA,1385,3,2504.0,0.21660649819494585,LAX,KOA,3020,64.35116130406989,98.12078234015785
FAI -> SEA,1316,3,1533.0,0.22796352583586624,FAI,SEA,3021,64.37246963562752,98.1242136566396
STL -> DTW,1316,3,440.0,0.22796352583586624,STL,DTW,3022,64.39377796718517,98.12764497312135
PHX -> IND,1306,3,1488.0,0.22970903522205208,PHX,IND,3023,64.4150862987428,98.13107628960312
MSN -> MSP,1277,3,228.0,0.23492560689115116,MSN,MSP,3024,64.43639463030044,98.13450760608487
TPA -> SJU,1090,3,1237.0,0.27522935779816515,TPA,SJU,3025,64.45770296185809,98.13793892256662
MSP -> ISN,1063,3,546.0,0.28222013170272814,MSP,ISN,3026,64.47901129341572,98.14137023904838
SFO -> MIA,1022,3,2585.0,0.29354207436399216,SFO,MIA,3027,64.50031962497337,98.14480155553014
SLC -> MSO,1004,3,436.0,0.29880478087649404,SLC,MSO,3028,64.521627956531,98.1482328720119
MCO -> AUS,999,3,994.0,0.3003003003003003,MCO,AUS,3029,64.54293628808865,98.15166418849365
PHX -> GJT,993,3,438.0,0.3021148036253776,PHX,GJT,3030,64.56424461964629,98.1550955049754
BWI -> SLC,992,3,1865.0,0.3024193548387097,BWI,SLC,3031,64.58555295120392,98.15852682145717
TPA -> MSY,972,3,488.0,0.30864197530864196,TPA,MSY,3032,64.60686128276156,98.16195813793892
IND -> MSP,971,3,503.0,0.30895983522142123,IND,MSP,3033,64.62816961431919,98.16538945442068
ATL -> ICT,969,3,782.0,0.30959752321981426,ATL,ICT,3034,64.64947794587684,98.16882077090243
SLC -> JAC,948,3,205.0,0.31645569620253167,SLC,JAC,3035,64.67078627743447,98.1722520873842
CLT -> STL,943,3,575.0,0.3181336161187699,CLT,STL,3036,64.69209460899211,98.17568340386596
MIA -> STT,935,3,1107.0,0.32085561497326204,MIA,STT,3037,64.71340294054976,98.1791147203477
STT -> MIA,935,3,1107.0,0.32085561497326204,STT,MIA,3038,64.73471127210739,98.18254603682946
ABQ -> HOU,934,3,759.0,0.32119914346895073,ABQ,HOU,3039,64.75601960366504,98.18597735331122
TUS -> SAN,918,3,368.0,0.32679738562091504,TUS,SAN,3040,64.77732793522267,98.18940866979298
FCA -> SLC,886,3,531.0,0.33860045146726864,FCA,SLC,3041,64.7986362667803,98.19283998627473
HLN -> SLC,870,3,402.0,0.3448275862068966,HLN,SLC,3042,64.81994459833795,98.19627130275649
JFK -> PDX,854,3,2454.0,0.351288056206089,JFK,PDX,3043,64.84125292989559,98.19970261923825
PDX -> JFK,853,3,2454.0,0.3516998827667058,PDX,JFK,3044,64.86256126145324,98.20313393572
MSP -> MIA,846,3,1501.0,0.3546099290780142,MSP,MIA,3045,64.88386959301087,98.20656525220176
MIA -> MSP,845,3,1501.0,0.35502958579881655,MIA,MSP,3046,64.9051779245685,98.20999656868352
BUF -> DTW,828,3,241.0,0.36231884057971014,BUF,DTW,3047,64.92648625612615,98.21342788516527
DTW -> BUF,796,3,241.0,0.37688442211055273,DTW,BUF,3048,64.94779458768379,98.21685920164704
ELP -> SAT,789,3,496.0,0.38022813688212925,ELP,SAT,3049,64.96910291924142,98.22029051812878
PDX -> IAH,774,3,1825.0,0.3875968992248062,PDX,IAH,3050,64.99041125079906,98.22372183461054
MLI -> ATL,760,3,633.0,0.39473684210526316,MLI,ATL,3051,65.0117195823567,98.22715315109231
TVC -> DTW,756,3,207.0,0.3968253968253968,TVC,DTW,3052,65.03302791391434,98.23058446757406
CLE -> PHX,726,3,1737.0,0.4132231404958678,CLE,PHX,3053,65.05433624547197,98.23401578405581
FLL -> JAX,726,3,319.0,0.4132231404958678,FLL,JAX,3054,65.07564457702962,98.23744710053758
MSP -> GFK,718,3,284.0,0.4178272980501393,MSP,GFK,3055,65.09695290858726,98.24087841701933
GFK -> MSP,717,3,284.0,0.41841004184100417,GFK,MSP,3056,65.11826124014489,98.24430973350108
SAN -> DAL,714,3,1182.0,0.42016806722689076,SAN,DAL,3057,65.13956957170254,98.24774104998284
SAN -> BWI,701,3,2295.0,0.42796005706134094,SAN,BWI,3058,65.16087790326017,98.2511723664646
SAN -> HOU,687,3,1313.0,0.43668122270742354,SAN,HOU,3059,65.18218623481782,98.25460368294637
MSP -> CID,682,3,220.0,0.43988269794721413,MSP,CID,3060,65.20349456637545,98.2580349994281
TPA -> CMH,680,3,829.0,0.4411764705882353,TPA,CMH,3061,65.22480289793309,98.26146631590987
FLL -> PHX,675,3,1972.0,0.4444444444444444,FLL,PHX,3062,65.24611122949074,98.26489763239162
FSM -> ATL,672,3,579.0,0.4464285714285714,FSM,ATL,3063,65.26741956104837,98.26832894887339
BJI -> MSP,667,3,199.0,0.4497751124437781,BJI,MSP,3064,65.28872789260602,98.27176026535514
MSP -> RHI,667,3,190.0,0.4497751124437781,MSP,RHI,3065,65.31003622416365,98.27519158183689
SIT -> JNU,662,3,95.0,0.4531722054380665,SIT,JNU,3066,65.33134455572129,98.27862289831866
LAS -> CVG,644,3,1678.0,0.4658385093167702,LAS,CVG,3067,65.35265288727892,98.28205421480041
ORD -> ANC,639,3,2846.0,0.4694835680751174,ORD,ANC,3068,65.37396121883657,98.28548553128216
HOU -> OAK,633,3,1642.0,0.47393364928909953,HOU,OAK,3069,65.3952695503942,98.28891684776393
OAK -> HOU,632,3,1642.0,0.4746835443037975,OAK,HOU,3070,65.41657788195184,98.29234816424568
STT -> ATL,632,3,1599.0,0.4746835443037975,STT,ATL,3071,65.43788621350947,98.29577948072745
SLC -> DCA,631,3,1851.0,0.4754358161648178,SLC,DCA,3072,65.45919454506712,98.29921079720918
DCA -> SLC,630,3,1851.0,0.4761904761904762,DCA,SLC,3073,65.48050287662475,98.30264211369095
CLE -> RSW,621,3,1025.0,0.4830917874396135,CLE,RSW,3074,65.5018112081824,98.30607343017272
TPA -> MKE,621,3,1075.0,0.4830917874396135,TPA,MKE,3075,65.52311953974004,98.30950474665447
SLC -> CLT,617,3,1727.0,0.48622366288492713,SLC,CLT,3076,65.54442787129767,98.31293606313622
IND -> MCI,615,3,451.0,0.4878048780487805,IND,MCI,3077,65.56573620285532,98.31636737961797
FLL -> MSP,612,3,1487.0,0.49019607843137253,FLL,MSP,3078,65.58704453441295,98.31979869609974
SAT -> STL,611,3,786.0,0.4909983633387889,SAT,STL,3079,65.6083528659706,98.32323001258149
BHM -> HOU,609,3,570.0,0.49261083743842365,BHM,HOU,3080,65.62966119752824,98.32666132906324
AUS -> SJC,604,3,1476.0,0.49668874172185434,AUS,SJC,3081,65.65096952908587,98.33009264554501
BNA -> PNS,599,3,391.0,0.5008347245409015,BNA,PNS,3082,65.67227786064352,98.33352396202677
SLC -> RDM,599,3,525.0,0.5008347245409015,SLC,RDM,3083,65.69358619220115,98.33695527850853
CLT -> SYR,594,3,603.0,0.5050505050505051,CLT,SYR,3084,65.71489452375879,98.34038659499028
BOI -> GEG,590,3,287.0,0.5084745762711864,BOI,GEG,3085,65.73620285531644,98.34381791147203
MKE -> STL,590,3,317.0,0.5084745762711864,MKE,STL,3086,65.75751118687407,98.3472492279538
TUL -> PHX,590,3,935.0,0.5084745762711864,TUL,PHX,3087,65.7788195184317,98.35068054443555
CMH -> LAX,588,3,1995.0,0.5102040816326531,CMH,LAX,3088,65.80012784998934,98.3541118609173
SLC -> AUS,588,3,1086.0,0.5102040816326531,SLC,AUS,3089,65.82143618154699,98.35754317739907
DEN -> SGU,586,3,517.0,0.5119453924914675,DEN,SGU,3090,65.84274451310462,98.36097449388082
MSP -> DAY,572,3,574.0,0.5244755244755245,MSP,DAY,3091,65.86405284466225,98.36440581036257
MSP -> HIB,568,3,174.0,0.528169014084507,MSP,HIB,3092,65.8853611762199,98.36783712684434
LAS -> MAF,557,3,795.0,0.5385996409335727,LAS,MAF,3093,65.90666950777754,98.37126844332609
SJC -> HNL,556,3,2417.0,0.539568345323741,SJC,HNL,3094,65.92797783933518,98.37469975980785
MCO -> CAK,546,3,861.0,0.5494505494505495,MCO,CAK,3095,65.94928617089282,98.3781310762896
STL -> RSW,546,3,979.0,0.5494505494505495,STL,RSW,3096,65.97059450245047,98.38156239277136
HOU -> IND,540,3,861.0,0.5555555555555556,HOU,IND,3097,65.9919028340081,98.38499370925312
IAH -> SJU,528,3,2007.0,0.5681818181818182,IAH,SJU,3098,66.01321116556574,98.38842502573488
DTW -> BTV,521,3,537.0,0.5758157389635317,DTW,BTV,3099,66.03451949712338,98.39185634221663
LAN -> MSP,518,3,455.0,0.5791505791505791,LAN,MSP,3100,66.05582782868102,98.39528765869838
LAX -> EUG,512,3,748.0,0.5859375,LAX,EUG,3101,66.07713616023865,98.39871897518015
BOS -> PDX,491,3,2537.0,0.6109979633401221,BOS,PDX,3102,66.0984444917963,98.40215029166191
PDX -> BOS,491,3,2537.0,0.6109979633401221,PDX,BOS,3103,66.11975282335393,98.40558160814365
DEN -> DAY,488,3,1085.0,0.6147540983606558,DEN,DAY,3104,66.14106115491157,98.40901292462542
OMA -> SLC,488,3,840.0,0.6147540983606558,OMA,SLC,3105,66.1623694864692,98.41244424110717
STL -> SLC,481,3,1156.0,0.6237006237006237,STL,SLC,3106,66.18367781802685,98.41587555758893
ATW -> DTW,477,3,296.0,0.628930817610063,ATW,DTW,3107,66.20498614958449,98.41930687407068
MSP -> CMH,468,3,626.0,0.641025641025641,MSP,CMH,3108,66.22629448114212,98.42273819055244
MEM -> DAL,467,3,423.0,0.6423982869379015,MEM,DAL,3109,66.24760281269977,98.4261695070342
SFO -> CLE,447,3,2161.0,0.6711409395973155,SFO,CLE,3110,66.2689111442574,98.42960082351595
MHT -> TPA,446,3,1204.0,0.672645739910314,MHT,TPA,3111,66.29021947581505,98.4330321399977
FNT -> MSP,442,3,491.0,0.6787330316742082,FNT,MSP,3112,66.31152780737268,98.43646345647947
MSP -> FNT,442,3,491.0,0.6787330316742082,MSP,FNT,3113,66.33283613893032,98.43989477296122
MCO -> SEA,440,3,2554.0,0.6818181818181818,MCO,SEA,3114,66.35414447048797,98.44332608944299
TUL -> MSP,434,3,615.0,0.6912442396313364,TUL,MSP,3115,66.3754528020456,98.44675740592474
TLH -> MIA,427,3,402.0,0.702576112412178,TLH,MIA,3116,66.39676113360325,98.4501887224065
GRB -> ATL,401,3,774.0,0.7481296758104738,GRB,ATL,3117,66.41806946516088,98.45362003888826
DTW -> CVG,392,3,229.0,0.7653061224489796,DTW,CVG,3118,66.43937779671852,98.45705135537001
TPA -> ALB,385,3,1130.0,0.7792207792207793,TPA,ALB,3119,66.46068612827617,98.46048267185176
PHL -> JAX,384,3,742.0,0.78125,PHL,JAX,3120,66.4819944598338,98.46391398833353
FLL -> MYR,376,3,529.0,0.7978723404255319,FLL,MYR,3121,66.50330279139143,98.46734530481528
CAK -> TPA,375,3,894.0,0.8,CAK,TPA,3122,66.52461112294907,98.47077662129703
HOU -> JAX,373,3,816.0,0.8042895442359249,HOU,JAX,3123,66.5459194545067,98.47420793777879
CLT -> STT,363,3,1520.0,0.8264462809917356,CLT,STT,3124,66.56722778606435,98.47763925426055
SFO -> SAT,359,3,1482.0,0.8356545961002786,SFO,SAT,3125,66.58853611762198,98.48107057074232
DAY -> MCO,348,3,808.0,0.8620689655172413,DAY,MCO,3126,66.60984444917963,98.48450188722407
ORD -> PSP,346,3,1651.820809248555,0.8670520231213872,ORD,PSP,3127,66.63115278073727,98.48793320370582
ALB -> FLL,345,3,1204.0,0.8695652173913043,ALB,FLL,3128,66.6524611122949,98.49136452018757
PSP -> ORD,344,3,1651.8226744186047,0.872093023255814,PSP,ORD,3129,66.67376944385255,98.49479583666934
PHX -> LIH,343,3,2979.0,0.8746355685131195,PHX,LIH,3130,66.69507777541018,98.49822715315109
CHS -> HOU,340,3,928.0,0.8823529411764706,CHS,HOU,3131,66.71638610696783,98.50165846963284
COD -> SLC,340,3,298.0,0.8823529411764706,COD,SLC,3132,66.73769443852547,98.50508978611461
JFK -> HOU,339,3,1428.0,0.8849557522123894,JFK,HOU,3133,66.7590027700831,98.50852110259636
CHS -> BOS,338,3,818.0,0.8875739644970414,CHS,BOS,3134,66.78031110164075,98.51195241907811
BOI -> IAH,335,3,1482.0,0.8955223880597015,BOI,IAH,3135,66.80161943319838,98.51538373555988
FLL -> SWF,335,3,1118.0,0.8955223880597015,FLL,SWF,3136,66.82292776475603,98.51881505204163
TPA -> ACY,335,3,913.0,0.8955223880597015,TPA,ACY,3137,66.84423609631367,98.5222463685234
AMA -> LAS,334,3,758.0,0.8982035928143712,AMA,LAS,3138,66.8655444278713,98.52567768500514
DCA -> SJU,334,3,1554.0,0.8982035928143712,DCA,SJU,3139,66.88685275942893,98.5291090014869
GCC -> SLC,334,3,410.0,0.8982035928143712,GCC,SLC,3140,66.90816109098657,98.53254031796867
GUM -> HNL,334,3,3801.0,0.8982035928143712,GUM,HNL,3141,66.92946942254422,98.53597163445042
HNL -> DEN,334,3,3365.0,0.8982035928143712,HNL,DEN,3142,66.95077775410185,98.53940295093217
IAD -> PHX,334,3,1956.0,0.8982035928143712,IAD,PHX,3143,66.97208608565948,98.54283426741392
IMT -> MSP,334,3,257.0,0.8982035928143712,IMT,MSP,3144,66.99339441721713,98.54626558389569
JAX -> MDW,334,3,849.0,0.8982035928143712,JAX,MDW,3145,67.01470274877477,98.54969690037746
LAS -> AMA,334,3,758.0,0.8982035928143712,LAS,AMA,3146,67.03601108033241,98.55312821685919
LAS -> LBB,334,3,775.0,0.8982035928143712,LAS,LBB,3147,67.05731941189005,98.55655953334096
MSY -> SEA,334,3,2086.0,0.8982035928143712,MSY,SEA,3148,67.07862774344768,98.55999084982273
PIT -> BNA,334,3,462.0,0.8982035928143712,PIT,BNA,3149,67.09993607500533,98.56342216630448
RDU -> LAS,334,3,2026.0,0.8982035928143712,RDU,LAS,3150,67.12124440656297,98.56685348278623
SFO -> OKC,333,3,1384.0,0.9009009009009009,SFO,OKC,3151,67.14255273812061,98.57028479926798
JNU -> PSG,332,3,123.0,0.9036144578313252,JNU,PSG,3152,67.16386106967825,98.57371611574975
KTN -> WRG,332,3,82.0,0.9036144578313252,KTN,WRG,3153,67.18516940123588,98.5771474322315
PIT -> HOU,332,3,1131.0,0.9036144578313252,PIT,HOU,3154,67.20647773279353,98.58057874871325
CDV -> YAK,331,3,213.0,0.906344410876133,CDV,YAK,3155,67.22778606435116,98.58401006519502
YAK -> CDV,331,3,213.0,0.906344410876133,YAK,CDV,3156,67.2490943959088,98.58744138167677
BHM -> DEN,330,3,1083.0,0.9090909090909091,BHM,DEN,3157,67.27040272746643,98.59087269815852
AUS -> HRL,326,3,273.0,0.9202453987730062,AUS,HRL,3158,67.29171105902407,98.59430401464029
HRL -> AUS,326,3,273.0,0.9202453987730062,HRL,AUS,3159,67.31301939058172,98.59773533112204
STL -> GRR,326,3,382.0,0.9202453987730062,STL,GRR,3160,67.33432772213935,98.6011666476038
MDW -> ONT,325,3,1706.0,0.9230769230769231,MDW,ONT,3161,67.355636053697,98.60459796408556
IAH -> LEX,311,3,828.0,0.964630225080386,IAH,LEX,3162,67.37694438525463,98.60802928056731
FLL -> IND,310,3,1005.0,0.967741935483871,FLL,IND,3163,67.39825271681228,98.61146059704907
ROC -> CLT,310,3,573.0,0.967741935483871,ROC,CLT,3164,67.41956104836991,98.61489191353083
IND -> FLL,305,3,1005.0,0.9836065573770493,IND,FLL,3165,67.44086937992755,98.61832323001258
IND -> BOS,299,3,818.0,1.0033444816053512,IND,BOS,3166,67.4621777114852,98.62175454649433
DAL -> SJC,298,3,1450.0,1.006711409395973,DAL,SJC,3167,67.48348604304283,98.6251858629761
DCA -> CMH,290,3,323.0,1.0344827586206897,DCA,CMH,3168,67.50479437460048,98.62861717945786
PSP -> IAH,287,3,1269.0,1.0452961672473868,PSP,IAH,3169,67.52610270615811,98.6320484959396
IAH -> CAE,286,3,878.0,1.048951048951049,IAH,CAE,3170,67.54741103771575,98.63547981242137
DTW -> CHS,284,3,667.0,1.056338028169014,DTW,CHS,3171,67.5687193692734,98.63891112890312
BOS -> CVG,278,3,752.0,1.079136690647482,BOS,CVG,3172,67.59002770083103,98.64234244538488
IAH -> ORF,277,3,1201.0,1.083032490974729,IAH,ORF,3173,67.61133603238866,98.64577376186664
BOS -> LGB,276,3,2602.0,1.0869565217391304,BOS,LGB,3174,67.6326443639463,98.64920507834839
LGB -> BOS,276,3,2602.0,1.0869565217391304,LGB,BOS,3175,67.65395269550393,98.65263639483015
FLL -> LBE,275,3,980.0,1.090909090909091,FLL,LBE,3176,67.67526102706158,98.6560677113119
LBE -> FLL,275,3,980.0,1.090909090909091,LBE,FLL,3177,67.69656935861921,98.65949902779366
ABQ -> JFK,274,3,1826.0,1.094890510948905,ABQ,JFK,3178,67.71787769017686,98.66293034427542
CAK -> DEN,273,3,1224.0,1.098901098901099,CAK,DEN,3179,67.7391860217345,98.66636166075718
BGM -> DTW,262,3,378.0,1.1450381679389312,BGM,DTW,3180,67.76049435329213,98.66979297723894
ITO -> LAX,261,3,2449.0,1.1494252873563218,ITO,LAX,3181,67.78180268484978,98.6732242937207
PWM -> ORD,261,3,900.0,1.1494252873563218,PWM,ORD,3182,67.80311101640741,98.67665561020245
IAH -> GJT,260,3,979.0,1.153846153846154,IAH,GJT,3183,67.82441934796506,98.68008692668421
LAX -> PIT,254,3,2136.0,1.1811023622047243,LAX,PIT,3184,67.8457276795227,98.68351824316596
SEA -> SIT,253,3,861.0,1.185770750988142,SEA,SIT,3185,67.86703601108033,98.68694955964772
BLI -> SEA,249,3,93.0,1.2048192771084338,BLI,SEA,3186,67.88834434263798,98.69038087612948
ORD -> BZN,248,3,1186.0,1.2096774193548387,ORD,BZN,3187,67.90965267419561,98.69381219261123
FAR -> SLC,244,3,866.0,1.2295081967213115,FAR,SLC,3188,67.93096100575326,98.69724350909298
INL -> MSP,243,3,255.0,1.2345679012345678,INL,MSP,3189,67.9522693373109,98.70067482557474
ORD -> MYR,242,3,753.0,1.2396694214876034,ORD,MYR,3190,67.97357766886853,98.7041061420565
DSM -> MSP,241,3,232.0,1.2448132780082988,DSM,MSP,3191,67.99488600042616,98.70753745853827
EWR -> STT,239,3,1634.0,1.2552301255230125,EWR,STT,3192,68.0161943319838,98.71096877502
SMF -> IAD,237,3,2358.0,1.2658227848101267,SMF,IAD,3193,68.03750266354145,98.71440009150177
JAX -> DTW,233,3,813.0,1.2875536480686696,JAX,DTW,3194,68.05881099509908,98.71783140798352
FNT -> TPA,231,3,1036.0,1.2987012987012987,FNT,TPA,3195,68.08011932665671,98.72126272446529
PHL -> SAT,231,3,1496.0,1.2987012987012987,PHL,SAT,3196,68.10142765821436,98.72469404094704
ORD -> TTN,224,3,693.0,1.3392857142857142,ORD,TTN,3197,68.122735989772,98.7281253574288
TUL -> DTW,224,3,789.0,1.3392857142857142,TUL,DTW,3198,68.14404432132964,98.73155667391056
DTW -> TTN,218,3,464.0,1.3761467889908259,DTW,TTN,3199,68.16535265288728,98.73498799039231
TTN -> DTW,218,3,464.0,1.3761467889908259,TTN,DTW,3200,68.18666098444491,98.73841930687406
TUS -> PDX,218,3,1119.0,1.3761467889908259,TUS,PDX,3201,68.20796931600256,98.74185062335583
DTW -> SCE,211,3,301.0,1.4218009478672986,DTW,SCE,3202,68.2292776475602,98.74528193983758
CAK -> RSW,198,3,991.0,1.5151515151515151,CAK,RSW,3203,68.25058597911784,98.74871325631935
HDN -> IAH,194,3,985.0,1.5463917525773196,HDN,IAH,3204,68.27189431067548,98.75214457280109
XNA -> CVG,190,3,562.0,1.5789473684210527,XNA,CVG,3205,68.29320264223311,98.75557588928285
TTN -> TPA,184,3,955.0,1.6304347826086956,TTN,TPA,3206,68.31451097379076,98.75900720576462
BZN -> SFO,183,3,807.0,1.639344262295082,BZN,SFO,3207,68.3358193053484,98.76243852224637
IAH -> OAK,179,3,1628.0,1.675977653631285,IAH,OAK,3208,68.35712763690603,98.76586983872812
SAT -> MSP,177,3,1097.0,1.694915254237288,SAT,MSP,3209,68.37843596846366,98.76930115520989
SEA -> PSC,177,3,172.0,1.694915254237288,SEA,PSC,3210,68.3997443000213,98.77273247169164
PSC -> SEA,176,3,172.0,1.7045454545454544,PSC,SEA,3211,68.42105263157895,98.77616378817339
GRR -> CVG,172,3,268.0,1.744186046511628,GRR,CVG,3212,68.44236096313658,98.77959510465514
PIT -> JFK,164,3,340.0,1.8292682926829267,PIT,JFK,3213,68.46366929469423,98.78302642113691
GEG -> LAX,159,3,945.0,1.8867924528301887,GEG,LAX,3214,68.48497762625186,98.78645773761868
STT -> BOS,142,3,1693.0,2.112676056338028,STT,BOS,3215,68.5062859578095,98.78988905410043
MCO -> OMA,133,3,1211.0,2.2556390977443606,MCO,OMA,3216,68.52759428936714,98.79332037058218
MSP -> AZO,120,3,426.0,2.5,MSP,AZO,3217,68.54890262092478,98.79675168706393
SEA -> BZN,117,3,543.0,2.564102564102564,SEA,BZN,3218,68.57021095248243,98.8001830035457
EGE -> JFK,110,3,1746.0,2.727272727272727,EGE,JFK,3219,68.59151928404006,98.80361432002745
JFK -> EGE,110,3,1746.0,2.727272727272727,JFK,EGE,3220,68.6128276155977,98.8070456365092
RSW -> BNA,105,3,722.0,2.857142857142857,RSW,BNA,3221,68.63413594715534,98.81047695299097
JAX -> LGA,97,3,833.0,3.0927835051546393,JAX,LGA,3222,68.65544427871298,98.81390826947272
HDN -> DEN,95,3,141.0,3.1578947368421053,HDN,DEN,3223,68.67675261027063,98.81733958595447
HSV -> DTW,92,3,554.0,3.260869565217391,HSV,DTW,3224,68.69806094182826,98.82077090243624
IAD -> RSW,88,3,891.0,3.4090909090909087,IAD,RSW,3225,68.7193692733859,98.82420221891799
RSW -> IAD,88,3,891.0,3.4090909090909087,RSW,IAD,3226,68.74067760494353,98.82763353539976
CVG -> CLT,86,3,335.0,3.488372093023256,CVG,CLT,3227,68.76198593650116,98.83106485188151
CLT -> CVG,85,3,335.0,3.5294117647058822,CLT,CVG,3228,68.78329426805881,98.83449616836326
ANC -> IAH,84,3,3266.0,3.571428571428571,ANC,IAH,3229,68.80460259961644,98.83792748484503
FLL -> IAD,83,3,901.0,3.614457831325301,FLL,IAD,3230,68.82591093117408,98.84135880132678
MCO -> ILG,64,3,841.0,4.6875,MCO,ILG,3231,68.84721926273173,98.84479011780853
IAD -> PBI,59,3,859.0,5.084745762711865,IAD,PBI,3232,68.86852759428936,98.84822143429028
PBI -> IAD,59,3,859.0,5.084745762711865,PBI,IAD,3233,68.88983592584701,98.85165275077205
TTN -> PBI,57,3,985.0,5.263157894736842,TTN,PBI,3234,68.91114425740464,98.85508406725381
LGA -> BGR,56,3,378.0,5.357142857142857,LGA,BGR,3235,68.93245258896229,98.85851538373555
BZN -> EWR,50,3,1882.0,6.0,BZN,EWR,3236,68.95376092051993,98.86194670021732
RKS -> SLC,31,3,162.0,9.67741935483871,RKS,SLC,3237,68.97506925207756,98.86537801669907
LAS -> SLC,3740,2,368.0,0.053475935828877004,LAS,SLC,3238,68.99637758363521,98.86766556102025
SEA -> SAN,3189,2,1050.0,0.06271558482282848,SEA,SAN,3239,69.01768591519284,98.86995310534141
SEA -> ATL,2672,2,2182.0,0.07485029940119761,SEA,ATL,3240,69.03899424675049,98.87224064966259
SJC -> PDX,2249,2,569.0,0.08892841262783459,SJC,PDX,3241,69.06030257830813,98.87452819398376
ATL -> SAN,2047,2,1892.0,0.09770395701025891,ATL,SAN,3242,69.08161090986576,98.87681573830494
ATL -> SRQ,1930,2,444.0,0.10362694300518134,ATL,SRQ,3243,69.1029192414234,98.8791032826261
SRQ -> ATL,1930,2,444.0,0.10362694300518134,SRQ,ATL,3244,69.12422757298103,98.88139082694727
PHX -> MCI,1825,2,1044.0,0.1095890410958904,PHX,MCI,3245,69.14553590453868,98.88367837126845
OAK -> PDX,1779,2,543.0,0.11242270938729623,OAK,PDX,3246,69.16684423609631,98.88596591558961
SAN -> PDX,1692,2,933.0,0.1182033096926714,SAN,PDX,3247,69.18815256765394,98.88825345991079
SMF -> PDX,1578,2,479.0,0.12674271229404308,SMF,PDX,3248,69.20946089921159,98.89054100423196
LAS -> STL,1424,2,1371.0,0.1404494382022472,LAS,STL,3249,69.23076923076923,98.89282854855313
ATL -> SJU,1420,2,1547.0,0.14084507042253522,ATL,SJU,3250,69.25207756232687,98.8951160928743
LAS -> CLE,1377,2,1824.0,0.14524328249818447,LAS,CLE,3251,69.27338589388451,98.89740363719547
LAS -> ONT,1372,2,197.0,0.1457725947521866,LAS,ONT,3252,69.29469422544214,98.89969118151664
SLC -> IDA,1323,2,188.0,0.15117157974300832,SLC,IDA,3253,69.31600255699979,98.90197872583781
LIH -> OGG,1321,2,201.0,0.1514004542013626,LIH,OGG,3254,69.33731088855743,98.90426627015898
DAY -> ATL,1304,2,432.0,0.15337423312883436,DAY,ATL,3255,69.35861922011507,98.90655381448016
ATL -> DAY,1303,2,432.0,0.15349194167306215,ATL,DAY,3256,69.37992755167271,98.90884135880133
FLL -> SFO,1244,2,2583.6800643086817,0.1607717041800643,FLL,SFO,3257,69.40123588323034,98.9111289031225
MSP -> MSN,1233,2,228.0,0.16220600162206003,MSP,MSN,3258,69.42254421478799,98.91341644744367
DTW -> MIA,1198,2,1145.0,0.1669449081803005,DTW,MIA,3259,69.44385254634562,98.91570399176484
MSP -> GRR,1128,2,408.0,0.1773049645390071,MSP,GRR,3260,69.46516087790326,98.91799153608602
TUS -> LAS,1104,2,365.0,0.18115942028985507,TUS,LAS,3261,69.48646920946089,98.92027908040718
GRR -> MSP,1074,2,408.0,0.186219739292365,GRR,MSP,3262,69.50777754101853,98.92256662472836
IAD -> SEA,1071,2,2306.0,0.18674136321195145,IAD,SEA,3263,69.52908587257618,98.92485416904952
TPA -> MSP,1069,2,1306.0,0.18709073900841908,TPA,MSP,3264,69.55039420413381,98.92714171337069
BIL -> SLC,1059,2,387.0,0.18885741265344666,BIL,SLC,3265,69.57170253569146,98.92942925769187
SLC -> BWI,992,2,1865.0,0.20161290322580644,SLC,BWI,3266,69.59301086724909,98.93171680201304
PHX -> PIT,978,2,1814.0,0.2044989775051125,PHX,PIT,3267,69.61431919880673,98.93400434633422
PIT -> PHX,977,2,1814.0,0.2047082906857728,PIT,PHX,3268,69.63562753036437,98.93629189065538
HOU -> TPA,967,2,781.0,0.2068252326783868,HOU,TPA,3269,69.65693586192201,98.93857943497655
ATL -> SYR,963,2,794.0,0.20768431983385255,ATL,SYR,3270,69.67824419347966,98.94086697929772
SYR -> ATL,963,2,794.0,0.20768431983385255,SYR,ATL,3271,69.69955252503729,98.94315452361889
ABQ -> SLC,949,2,493.0,0.21074815595363539,ABQ,SLC,3272,69.72086085659492,98.94544206794006
OMA -> STL,940,2,342.0,0.2127659574468085,OMA,STL,3273,69.74216918815257,98.94772961226124
TUS -> SLC,940,2,601.0,0.2127659574468085,TUS,SLC,3274,69.76347751971021,98.9500171565824
RSW -> MSP,915,2,1416.0,0.2185792349726776,RSW,MSP,3275,69.78478585126786,98.95230470090358
ANC -> PDX,913,2,1542.0,0.21905805038335158,ANC,PDX,3276,69.80609418282549,98.95459224522475
PDX -> ANC,913,2,1542.0,0.21905805038335158,PDX,ANC,3277,69.82740251438312,98.95687978954592
ATL -> MSN,893,2,707.0,0.22396416573348266,ATL,MSN,3278,69.84871084594076,98.9591673338671
MSN -> ATL,893,2,707.0,0.22396416573348266,MSN,ATL,3279,69.87001917749839,98.96145487818826
CVG -> MCO,890,2,757.0,0.22471910112359553,CVG,MCO,3280,69.89132750905604,98.96374242250944
SLC -> FCA,887,2,531.0,0.2254791431792559,SLC,FCA,3281,69.91263584061367,98.9660299668306
DAL -> FLL,859,2,1108.0,0.23282887077997672,DAL,FLL,3282,69.93394417217131,98.96831751115178
PSP -> SEA,839,2,987.0,0.23837902264600713,PSP,SEA,3283,69.95525250372896,98.97060505547294
CLT -> SEA,837,2,2279.0,0.23894862604540024,CLT,SEA,3284,69.97656083528659,98.97289259979412
SLC -> CPR,818,2,320.0,0.24449877750611246,SLC,CPR,3285,69.99786916684424,98.9751801441153
DTW -> IND,805,2,231.0,0.2484472049689441,DTW,IND,3286,70.01917749840187,98.97746768843646
SAT -> ELP,804,2,496.0,0.24875621890547264,SAT,ELP,3287,70.04048582995951,98.97975523275764
AUS -> FLL,789,2,1105.0,0.25348542458808615,AUS,FLL,3288,70.06179416151716,98.9820427770788
PDX -> LGB,750,2,846.0,0.26666666666666666,PDX,LGB,3289,70.08310249307479,98.98433032139998
JAX -> FLL,726,2,319.0,0.27548209366391185,JAX,FLL,3290,70.10441082463244,98.98661786572114
DAL -> SAN,719,2,1182.0,0.27816411682892905,DAL,SAN,3291,70.12571915619007,98.98890541004232
SJU -> CLT,713,2,1475.0,0.2805049088359046,SJU,CLT,3292,70.1470274877477,98.9911929543635
BWI -> SAN,711,2,2295.0,0.2812939521800281,BWI,SAN,3293,70.16833581930536,98.99348049868466
CLT -> SJU,711,2,1475.0,0.2812939521800281,CLT,SJU,3294,70.18964415086299,98.99576804300584
LAS -> MSY,705,2,1500.0,0.28368794326241137,LAS,MSY,3295,70.21095248242062,98.998055587327
MSY -> LAS,705,2,1500.0,0.28368794326241137,MSY,LAS,3296,70.23226081397826,99.00034313164817
DFW -> HNL,697,2,3784.0,0.2869440459110474,DFW,HNL,3297,70.2535691455359,99.00263067596936
DEN -> GRR,695,2,1015.0,0.28776978417266186,DEN,GRR,3298,70.27487747709354,99.00491822029052
PHX -> FLL,673,2,1972.0,0.2971768202080238,PHX,FLL,3299,70.29618580865117,99.0072057646117
TPA -> DAL,673,2,917.0,0.2971768202080238,TPA,DAL,3300,70.31749414020882,99.00949330893286
DAL -> TPA,672,2,917.0,0.2976190476190476,DAL,TPA,3301,70.33880247176646,99.01178085325402
RNO -> SAN,669,2,488.0,0.29895366218236175,RNO,SAN,3302,70.3601108033241,99.0140683975752
OAK -> OGG,668,2,2349.0,0.29940119760479045,OAK,OGG,3303,70.38141913488174,99.01635594189638
OGG -> OAK,668,2,2349.0,0.29940119760479045,OGG,OAK,3304,70.40272746643937,99.01864348621756
OGG -> SJC,668,2,2355.0,0.29940119760479045,OGG,SJC,3305,70.42403579799702,99.02093103053872
SAN -> RNO,662,2,488.0,0.3021148036253776,SAN,RNO,3306,70.44534412955466,99.02321857485988
BOI -> OAK,660,2,511.7287878787879,0.30303030303030304,BOI,OAK,3307,70.4666524611123,99.02550611918106
MCO -> BHM,658,2,479.0,0.303951367781155,MCO,BHM,3308,70.48796079266994,99.02779366350222
PHX -> OKC,657,2,833.0,0.30441400304414,PHX,OKC,3309,70.50926912422757,99.0300812078234
BOI -> LAS,655,2,519.0,0.3053435114503817,BOI,LAS,3310,70.53057745578522,99.03236875214458
PIH -> SLC,654,2,150.0,0.3058103975535168,PIH,SLC,3311,70.55188578734285,99.03465629646574
SLC -> PIH,654,2,150.0,0.3058103975535168,SLC,PIH,3312,70.57319411890049,99.03694384078692
ELP -> LAS,652,2,583.0,0.3067484662576687,ELP,LAS,3313,70.59450245045812,99.03923138510808
GEG -> LAS,648,2,806.0,0.30864197530864196,GEG,LAS,3314,70.61581078201577,99.04151892942926
GEG -> OAK,644,2,723.0,0.3105590062111801,GEG,OAK,3315,70.6371191135734,99.04380647375042
SAN -> AUS,637,2,1164.0,0.3139717425431711,SAN,AUS,3316,70.65842744513104,99.0460940180716
TPA -> BHM,629,2,459.0,0.3179650238473768,TPA,BHM,3317,70.67973577668869,99.04838156239278
BHM -> TPA,628,2,459.0,0.3184713375796179,BHM,TPA,3318,70.70104410824632,99.05066910671394
FLL -> RDU,626,2,680.0,0.3194888178913738,FLL,RDU,3319,70.72235243980396,99.05295665103512
DTW -> PIT,625,2,201.0,0.32,DTW,PIT,3320,70.7436607713616,99.05524419535628
CLE -> DTW,619,2,95.0,0.32310177705977383,CLE,DTW,3321,70.76496910291924,99.05753173967746
CLT -> SLC,618,2,1727.0,0.3236245954692557,CLT,SLC,3322,70.78627743447689,99.05981928399864
HOU -> MCI,618,2,666.0,0.3236245954692557,HOU,MCI,3323,70.80758576603452,99.0621068283198
ATL -> TUS,617,2,1541.0,0.3241491085899514,ATL,TUS,3324,70.82889409759215,99.06439437264098
TUS -> ATL,616,2,1541.0,0.3246753246753247,TUS,ATL,3325,70.8502024291498,99.06668191696214
SJC -> AUS,613,2,1476.0,0.3262642740619902,SJC,AUS,3326,70.87151076070744,99.0689694612833
MIA -> STL,601,2,1068.0,0.33277870216306155,MIA,STL,3327,70.89281909226509,99.07125700560448
STL -> MIA,601,2,1068.0,0.33277870216306155,STL,MIA,3328,70.91412742382272,99.07354454992566
DAL -> OAK,593,2,1468.0,0.33726812816188867,DAL,OAK,3329,70.93543575538035,99.07583209424683
PHX -> TUL,590,2,935.0,0.3389830508474576,PHX,TUL,3330,70.95674408693799,99.078119638568
LAX -> CMH,588,2,1995.0,0.3401360544217687,LAX,CMH,3331,70.97805241849564,99.08040718288916
SJU -> DFW,588,2,2165.0,0.3401360544217687,SJU,DFW,3332,70.99936075005327,99.08269472721034
DFW -> SJU,587,2,2165.0,0.34071550255536626,DFW,SJU,3333,71.0206690816109,99.0849822715315
BHM -> DTW,583,2,625.0,0.34305317324185247,BHM,DTW,3334,71.04197741316854,99.08726981585268
GEG -> BOI,576,2,287.0,0.3472222222222222,GEG,BOI,3335,71.06328574472619,99.08955736017386
ATL -> SMF,556,2,2092.0,0.3597122302158274,ATL,SMF,3336,71.08459407628382,99.09184490449503
SMF -> ATL,556,2,2092.0,0.3597122302158274,SMF,ATL,3337,71.10590240784147,99.0941324488162
RSW -> STL,546,2,979.0,0.3663003663003663,RSW,STL,3338,71.1272107393991,99.09641999313736
BUF -> LAS,545,2,1986.0,0.3669724770642202,BUF,LAS,3339,71.14851907095674,99.09870753745854
CLE -> TPA,536,2,927.0,0.3731343283582089,CLE,TPA,3340,71.16982740251439,99.10099508177971
DAL -> SNA,536,2,1216.0,0.3731343283582089,DAL,SNA,3341,71.19113573407202,99.10328262610089
DTW -> ALB,497,2,489.0,0.4024144869215292,DTW,ALB,3342,71.21244406562967,99.10557017042206
SAT -> MCO,495,2,1041.0,0.40404040404040403,SAT,MCO,3343,71.2337523971873,99.10785771474322
STL -> FLL,493,2,1056.5638945233266,0.4056795131845842,STL,FLL,3344,71.25506072874494,99.1101452590644
TPA -> MCI,493,2,1048.0,0.4056795131845842,TPA,MCI,3345,71.27636906030259,99.11243280338556
HOU -> ECP,490,2,571.0,0.40816326530612246,HOU,ECP,3346,71.29767739186022,99.11472034770674
RSW -> CMH,489,2,930.0,0.408997955010225,RSW,CMH,3347,71.31898572341785,99.11700789202791
STL -> SEA,483,2,1709.0,0.4140786749482402,STL,SEA,3348,71.3402940549755,99.11929543634908
CMH -> RSW,482,2,930.0,0.4149377593360996,CMH,RSW,3349,71.36160238653314,99.12158298067025
PHX -> FAT,471,2,493.0,0.42462845010615713,PHX,FAT,3350,71.38291071809077,99.12387052499142
DAL -> MEM,464,2,423.0,0.43103448275862066,DAL,MEM,3351,71.4042190496484,99.1261580693126
AUS -> SEA,461,2,1770.0,0.43383947939262474,AUS,SEA,3352,71.42552738120605,99.12844561363376
RSW -> PIT,450,2,966.0,0.4444444444444444,RSW,PIT,3353,71.44683571276369,99.13073315795494
MSP -> RDU,425,2,980.0,0.4705882352941176,MSP,RDU,3354,71.46814404432132,99.13302070227611
SLC -> RAP,421,2,508.0,0.4750593824228029,SLC,RAP,3355,71.48945237587897,99.13530824659728
PSE -> MCO,416,2,1179.0,0.4807692307692308,PSE,MCO,3356,71.5107607074366,99.13759579091845
DTW -> DAY,415,2,166.0,0.48192771084337355,DTW,DAY,3357,71.53206903899425,99.13988333523962
MCO -> ROC,395,2,1033.0,0.5063291139240507,MCO,ROC,3358,71.55337737055189,99.14217087956078
MSY -> PHX,394,2,1300.0,0.5076142131979695,MSY,PHX,3359,71.57468570210952,99.14445842388197
ROC -> MCO,394,2,1033.0,0.5076142131979695,ROC,MCO,3360,71.59599403366717,99.14674596820313
MIA -> SAN,389,2,2267.0,0.5141388174807198,MIA,SAN,3361,71.6173023652248,99.14903351252431
SAN -> MIA,389,2,2267.0,0.5141388174807198,SAN,MIA,3362,71.63861069678245,99.15132105684548
BNA -> SAN,388,2,1751.0,0.5154639175257731,BNA,SAN,3363,71.65991902834008,99.15360860116664
HOU -> SNA,388,2,1357.0,0.5154639175257731,HOU,SNA,3364,71.68122735989772,99.15589614548782
MCO -> MEM,383,2,684.0,0.5221932114882507,MCO,MEM,3365,71.70253569145537,99.158183689809
MEM -> MCO,383,2,684.0,0.5221932114882507,MEM,MCO,3366,71.723844023013,99.16047123413017
LNK -> MSP,382,2,331.0,0.5235602094240838,LNK,MSP,3367,71.74515235457064,99.16275877845133
LAX -> MKE,380,2,1756.0,0.5263157894736842,LAX,MKE,3368,71.76646068612827,99.1650463227725
CLT -> HOU,379,2,920.0,0.5277044854881267,CLT,HOU,3369,71.78776901768592,99.16733386709367
TPA -> SDF,376,2,727.0,0.5319148936170213,TPA,SDF,3370,71.80907734924355,99.16962141141484
SDF -> TPA,375,2,727.0,0.5333333333333333,SDF,TPA,3371,71.83038568080119,99.17190895573601
JAX -> HOU,372,2,816.0,0.5376344086021506,JAX,HOU,3372,71.85169401235883,99.17419650005719
SDF -> MCO,367,2,719.0,0.544959128065395,SDF,MCO,3373,71.87300234391647,99.17648404437836
XNA -> DEN,366,2,616.0,0.546448087431694,XNA,DEN,3374,71.89431067547412,99.17877158869953
MKE -> CVG,352,2,318.0,0.5681818181818182,MKE,CVG,3375,71.91561900703175,99.1810591330207
MCO -> DAY,348,2,808.0,0.5747126436781609,MCO,DAY,3376,71.93692733858938,99.18334667734187
FLL -> ALB,346,2,1204.0,0.5780346820809248,FLL,ALB,3377,71.95823567014703,99.18563422166304
SLC -> BNA,346,2,1404.0,0.5780346820809248,SLC,BNA,3378,71.97954400170467,99.18792176598421
DAL -> SEA,345,2,1670.0,0.5797101449275363,DAL,SEA,3379,72.00085233326232,99.19020931030539
MSY -> AUS,344,2,444.0,0.5813953488372093,MSY,AUS,3380,72.02216066481995,99.19249685462655
LAS -> SDF,342,2,1624.0,0.5847953216374269,LAS,SDF,3381,72.04346899637758,99.19478439894773
HOU -> CHS,341,2,928.0,0.5865102639296188,HOU,CHS,3382,72.06477732793523,99.1970719432689
SLC -> COD,340,2,298.0,0.5882352941176471,SLC,COD,3383,72.08608565949287,99.19935948759007
FNT -> MCO,339,2,1011.0,0.5899705014749262,FNT,MCO,3384,72.1073939910505,99.20164703191125
AUS -> OAK,336,2,1497.0,0.5952380952380952,AUS,OAK,3385,72.12870232260813,99.20393457623241
OAK -> AUS,336,2,1497.0,0.5952380952380952,OAK,AUS,3386,72.15001065416577,99.20622212055359
OMA -> SEA,335,2,1368.0,0.5970149253731344,OMA,SEA,3387,72.17131898572342,99.20850966487475
DEN -> HNL,334,2,3365.0,0.5988023952095809,DEN,HNL,3388,72.19262731728105,99.21079720919593
HNL -> GUM,334,2,3801.0,0.5988023952095809,HNL,GUM,3389,72.2139356488387,99.2130847535171
IAH -> HNL,334,2,3904.0,0.5988023952095809,IAH,HNL,3390,72.23524398039633,99.21537229783827
ICT -> LAS,334,2,986.0,0.5988023952095809,ICT,LAS,3391,72.25655231195397,99.21765984215945
KTN -> SIT,334,2,183.0,0.5988023952095809,KTN,SIT,3392,72.27786064351162,99.21994738648061
LAS -> DSM,334,2,1216.0,0.5988023952095809,LAS,DSM,3393,72.29916897506925,99.22223493080179
LAS -> LIT,334,2,1294.0,0.5988023952095809,LAS,LIT,3394,72.3204773066269,99.22452247512295
LAS -> RDU,334,2,2026.0,0.5988023952095809,LAS,RDU,3395,72.34178563818453,99.22681001944412
LIT -> LAS,334,2,1294.0,0.5988023952095809,LIT,LAS,3396,72.36309396974217,99.2290975637653
LIT -> PHX,334,2,1136.0,0.5988023952095809,LIT,PHX,3397,72.38440230129982,99.23138510808647
MEM -> TPA,334,2,655.0,0.5988023952095809,MEM,TPA,3398,72.40571063285745,99.23367265240765
MSP -> IMT,334,2,257.0,0.5988023952095809,MSP,IMT,3399,72.4270189644151,99.23596019672881
PDX -> EWR,334,2,2434.0,0.5988023952095809,PDX,EWR,3400,72.44832729597273,99.23824774104997
SAN -> MSY,334,2,1599.0,0.5988023952095809,SAN,MSY,3401,72.46963562753037,99.24053528537115
SBA -> PDX,334,2,784.0,0.5988023952095809,SBA,PDX,3402,72.490943959088,99.24282282969233
SJU -> DCA,334,2,1554.0,0.5988023952095809,SJU,DCA,3403,72.51225229064563,99.2451103740135
SLC -> GCC,334,2,410.0,0.5988023952095809,SLC,GCC,3404,72.53356062220328,99.24739791833467
STL -> TUL,334,2,351.0,0.5988023952095809,STL,TUL,3405,72.55486895376092,99.24968546265583
ACK -> JFK,333,2,199.0,0.6006006006006006,ACK,JFK,3406,72.57617728531855,99.25197300697701
BOI -> SAN,333,2,749.0,0.6006006006006006,BOI,SAN,3407,72.5974856168762,99.25426055129817
BUF -> PHX,333,2,1912.0,0.6006006006006006,BUF,PHX,3408,72.61879394843383,99.25654809561935
JFK -> ACK,333,2,199.0,0.6006006006006006,JFK,ACK,3409,72.64010227999148,99.25883563994053
MCI -> MSY,333,2,689.0,0.6006006006006006,MCI,MSY,3410,72.66141061154912,99.26112318426169
MSY -> MCI,333,2,689.0,0.6006006006006006,MSY,MCI,3411,72.68271894310675,99.26341072858287
SEA -> COS,333,2,1068.0,0.6006006006006006,SEA,COS,3412,72.7040272746644,99.26569827290403
HOU -> PIT,332,2,1131.0,0.6024096385542169,HOU,PIT,3413,72.72533560622203,99.26798581722521
SDF -> PHX,332,2,1506.0,0.6024096385542169,SDF,PHX,3414,72.74664393777968,99.27027336154637
LAS -> DCA,331,2,2089.0,0.6042296072507553,LAS,DCA,3415,72.76795226933731,99.27256090586755
YAK -> JNU,331,2,198.90936555891238,0.6042296072507553,YAK,JNU,3416,72.78926060089495,99.27484845018873
EWR -> HNL,330,2,4962.0,0.6060606060606061,EWR,HNL,3417,72.8105689324526,99.27713599450989
ONT -> MDW,325,2,1706.0,0.6153846153846154,ONT,MDW,3418,72.83187726401023,99.27942353883107
BWI -> OAK,324,2,2447.0,0.6172839506172839,BWI,OAK,3419,72.85318559556787,99.28171108315223
OAK -> BWI,324,2,2447.0,0.6172839506172839,OAK,BWI,3420,72.8744939271255,99.28399862747341
IAH -> GRR,322,2,1042.0,0.6211180124223602,IAH,GRR,3421,72.89580225868313,99.28628617179459
HOU -> GSP,321,2,845.0,0.6230529595015576,HOU,GSP,3422,72.91711059024078,99.28857371611575
ISN -> IAH,321,2,1330.0,0.6230529595015576,ISN,IAH,3423,72.93841892179842,99.29086126043693
AUS -> DTW,318,2,1149.0,0.628930817610063,AUS,DTW,3424,72.95972725335606,99.29314880475809
BGR -> DTW,313,2,750.0,0.6389776357827476,BGR,DTW,3425,72.9810355849137,99.29543634907925
CMH -> FLL,312,2,973.0,0.641025641025641,CMH,FLL,3426,73.00234391647133,99.29772389340043
DTW -> BGR,312,2,750.0,0.641025641025641,DTW,BGR,3427,73.02365224802898,99.30001143772161
FLL -> STT,311,2,1107.0,0.6430868167202572,FLL,STT,3428,73.04496057958661,99.30229898204279
CLT -> ROC,310,2,573.0,0.6451612903225806,CLT,ROC,3429,73.06626891114426,99.30458652636395
LEX -> IAH,309,2,828.0,0.6472491909385114,LEX,IAH,3430,73.0875772427019,99.30687407068513
MCO -> GRR,306,2,1024.0,0.6535947712418301,MCO,GRR,3431,73.10888557425953,99.30916161500629
DTW -> ROC,304,2,296.0,0.6578947368421052,DTW,ROC,3432,73.13019390581718,99.31144915932745
ATL -> BTV,301,2,961.0,0.6644518272425249,ATL,BTV,3433,73.15150223737481,99.31373670364863
BOS -> IND,299,2,818.0,0.6688963210702341,BOS,IND,3434,73.17281056893246,99.3160242479698
ROC -> DTW,298,2,296.0,0.6711409395973155,ROC,DTW,3435,73.1941189004901,99.31831179229098
SFO -> BWI,294,2,2457.0,0.6802721088435374,SFO,BWI,3436,73.21542723204773,99.32059933661215
BWI -> SFO,292,2,2457.0,0.684931506849315,BWI,SFO,3437,73.23673556360536,99.32288688093331
IAH -> PSP,292,2,1269.0,0.684931506849315,IAH,PSP,3438,73.258043895163,99.32517442525449
JFK -> SMF,282,2,2521.0,0.7092198581560284,JFK,SMF,3439,73.27935222672065,99.32746196957567
SMF -> JFK,282,2,2521.0,0.7092198581560284,SMF,JFK,3440,73.30066055827828,99.32974951389684
MSY -> IAD,276,2,955.0,0.7246376811594203,MSY,IAD,3441,73.32196888983593,99.332037058218
SJC -> ATL,276,2,2116.0,0.7246376811594203,SJC,ATL,3442,73.34327722139356,99.33432460253917
JFK -> ABQ,274,2,1826.0,0.7299270072992701,JFK,ABQ,3443,73.3645855529512,99.33661214686035
DEN -> CAK,273,2,1224.0,0.7326007326007326,DEN,CAK,3444,73.38589388450885,99.33889969118151
PHL -> AUS,268,2,1430.0,0.7462686567164178,PHL,AUS,3445,73.40720221606648,99.34118723550269
SFO -> PIT,268,2,2254.0,0.7462686567164178,SFO,PIT,3446,73.42851054762413,99.34347477982386
SAT -> JFK,264,2,1587.0,0.7575757575757576,SAT,JFK,3447,73.44981887918176,99.34576232414503
JFK -> SAT,263,2,1587.0,0.7604562737642585,JFK,SAT,3448,73.4711272107394,99.3480498684662
MSP -> PSC,259,2,1254.0,0.7722007722007722,MSP,PSC,3449,73.49243554229705,99.35033741278737
PSC -> MSP,259,2,1254.0,0.7722007722007722,PSC,MSP,3450,73.51374387385468,99.35262495710855
MIA -> CLE,258,2,1080.0,0.7751937984496124,MIA,CLE,3451,73.53505220541233,99.35491250142971
SAT -> EWR,253,2,1569.0,0.7905138339920948,SAT,EWR,3452,73.55636053696996,99.35720004575089
SMX -> LAX,249,2,134.0,0.8032128514056224,SMX,LAX,3453,73.5776688685276,99.35948759007206
SLC -> FAR,243,2,866.0,0.823045267489712,SLC,FAR,3454,73.59897720008523,99.36177513439323
PDX -> IAD,241,2,2327.0,0.8298755186721992,PDX,IAD,3455,73.62028553164286,99.3640626787144
LAX -> RDM,240,2,726.0,0.8333333333333334,LAX,RDM,3456,73.64159386320051,99.36635022303557
RDM -> LAX,240,2,726.0,0.8333333333333334,RDM,LAX,3457,73.66290219475815,99.36863776735674
PIB -> DFW,239,2,462.0,0.8368200836820083,PIB,DFW,3458,73.68421052631578,99.37092531167792
DTW -> JAX,234,2,813.0,0.8547008547008548,DTW,JAX,3459,73.70551885787343,99.37321285599909
TPA -> FNT,232,2,1036.0,0.8620689655172413,TPA,FNT,3460,73.72682718943106,99.37550040032026
PDX -> TUS,218,2,1119.0,0.9174311926605505,PDX,TUS,3461,73.74813552098871,99.37778794464143
SCE -> DTW,211,2,301.0,0.9478672985781991,SCE,DTW,3462,73.76944385254635,99.38007548896259
FCA -> MSP,205,2,1026.0,0.975609756097561,FCA,MSP,3463,73.79075218410398,99.38236303328377
MSP -> FCA,204,2,1026.0,0.9803921568627451,MSP,FCA,3464,73.81206051566163,99.38465057760494
CHS -> CLT,196,2,168.0,1.0204081632653061,CHS,CLT,3465,73.83336884721926,99.38693812192612
SAN -> FAT,196,2,314.0,1.0204081632653061,SAN,FAT,3466,73.85467717877691,99.38922566624728
SMF -> CLT,194,2,2244.0,1.0309278350515463,SMF,CLT,3467,73.87598551033454,99.39151321056845
CVG -> XNA,185,2,562.0,1.0810810810810811,CVG,XNA,3468,73.89729384189218,99.39380075488963
ACY -> BOS,182,2,274.0,1.098901098901099,ACY,BOS,3469,73.91860217344983,99.39608829921079
DEN -> LFT,181,2,978.0,1.1049723756906076,DEN,LFT,3470,73.93991050500746,99.39837584353197
DEN -> OGG,173,2,3302.0,1.1560693641618496,DEN,OGG,3471,73.9612188365651,99.40066338785314
ANC -> SFO,172,2,2018.0,1.1627906976744187,ANC,SFO,3472,73.98252716812273,99.4029509321743
CVG -> GRR,170,2,268.0,1.1764705882352942,CVG,GRR,3473,74.00383549968038,99.40523847649548
HSV -> DEN,170,2,1048.0,1.1764705882352942,HSV,DEN,3474,74.02514383123801,99.40752602081665
SJU -> IAD,170,2,1571.0,1.1764705882352942,SJU,IAD,3475,74.04645216279565,99.40981356513782
IAD -> HNL,168,2,4817.0,1.1904761904761905,IAD,HNL,3476,74.0677604943533,99.412101109459
FLL -> BQN,165,2,982.2363636363636,1.2121212121212122,FLL,BQN,3477,74.08906882591093,99.41438865378018
BQN -> FLL,164,2,982.2317073170732,1.2195121951219512,BQN,FLL,3478,74.11037715746856,99.41667619810134
LFT -> DEN,163,2,978.0,1.2269938650306749,LFT,DEN,3479,74.13168548902621,99.4189637424225
LAX -> GEG,158,2,945.0,1.2658227848101267,LAX,GEG,3480,74.15299382058384,99.42125128674368
IND -> LGA,156,2,660.0,1.282051282051282,IND,LGA,3481,74.1743021521415,99.42353883106485
ACY -> PBI,155,2,936.0,1.2903225806451613,ACY,PBI,3482,74.19561048369913,99.42582637538602
PBI -> ACY,155,2,936.0,1.2903225806451613,PBI,ACY,3483,74.21691881525676,99.4281139197072
MIA -> MEM,150,2,859.0,1.3333333333333335,MIA,MEM,3484,74.23822714681441,99.43040146402836
ACY -> DTW,147,2,497.0,1.3605442176870748,ACY,DTW,3485,74.25953547837204,99.43268900834954
DTW -> ACY,147,2,497.0,1.3605442176870748,DTW,ACY,3486,74.28084380992969,99.4349765526707
EGE -> IAH,135,2,934.0,1.4814814814814816,EGE,IAH,3487,74.30215214148733,99.43726409699188
OMA -> MCO,133,2,1211.0,1.5037593984962405,OMA,MCO,3488,74.32346047304496,99.43955164131305
FCA -> ORD,131,2,1352.0,1.5267175572519083,FCA,ORD,3489,74.3447688046026,99.44183918563422
EGE -> MIA,126,2,1810.0,1.5873015873015872,EGE,MIA,3490,74.36607713616024,99.4441267299554
MIA -> EGE,126,2,1810.0,1.5873015873015872,MIA,EGE,3491,74.38738546771788,99.44641427427656
ANC -> DFW,119,2,3043.0,1.680672268907563,ANC,DFW,3492,74.40869379927551,99.44870181859774
ACK -> BOS,118,2,91.0,1.694915254237288,ACK,BOS,3493,74.43000213083315,99.4509893629189
ORD -> MTJ,118,2,1081.0,1.694915254237288,ORD,MTJ,3494,74.4513104623908,99.45327690724007
BZN -> SEA,117,2,543.0,1.7094017094017095,BZN,SEA,3495,74.47261879394843,99.45556445156126
DEN -> SUN,115,2,557.0,1.7391304347826086,DEN,SUN,3496,74.49392712550608,99.45785199588242
EWR -> EGE,111,2,1725.0,1.8018018018018018,EWR,EGE,3497,74.51523545706371,99.4601395402036
PHL -> CLE,104,2,363.0,1.9230769230769231,PHL,CLE,3498,74.53654378862134,99.46242708452476
DCA -> PHL,103,2,119.0,1.9417475728155338,DCA,PHL,3499,74.55785212017899,99.46471462884593
JAC -> IAH,102,2,1265.0,1.9607843137254901,JAC,IAH,3500,74.57916045173663,99.4670021731671
ATL -> ASE,100,2,1304.0,2.0,ATL,ASE,3501,74.60046878329427,99.46928971748828
DFW -> MTJ,95,2,722.0,2.1052631578947367,DFW,MTJ,3502,74.62177711485191,99.47157726180946
ORF -> MSP,94,2,1045.0,2.127659574468085,ORF,MSP,3503,74.64308544640956,99.47386480613062
ILM -> LGA,87,2,500.0,2.2988505747126435,ILM,LGA,3504,74.66439377796719,99.47615235045178
SAV -> IAD,87,2,515.0,2.2988505747126435,SAV,IAD,3505,74.68570210952483,99.47843989477296
KOA -> DEN,86,2,3329.0,2.3255813953488373,KOA,DEN,3506,74.70701044108246,99.48072743909412
IAD -> FLL,84,2,901.0,2.380952380952381,IAD,FLL,3507,74.72831877264011,99.4830149834153
FAI -> ORD,75,2,2785.0,2.666666666666667,FAI,ORD,3508,74.74962710419774,99.48530252773648
GUC -> IAH,70,2,886.0,2.857142857142857,GUC,IAH,3509,74.77093543575538,99.48759007205764
LBE -> RSW,66,2,956.0,3.0303030303030303,LBE,RSW,3510,74.79224376731301,99.48987761637882
RSW -> LBE,66,2,956.0,3.0303030303030303,RSW,LBE,3511,74.81355209887066,99.49216516069998
DFW -> MYR,63,2,1048.0,3.1746031746031744,DFW,MYR,3512,74.8348604304283,99.49445270502116
HDN -> LAX,63,2,763.0,3.1746031746031744,HDN,LAX,3513,74.85616876198594,99.49674024934232
IAD -> GSO,63,2,239.0,3.1746031746031744,IAD,GSO,3514,74.87747709354358,99.4990277936635
MYR -> DFW,63,2,1048.0,3.1746031746031744,MYR,DFW,3515,74.89878542510121,99.50131533798468
PWM -> LGA,61,2,269.0,3.278688524590164,PWM,LGA,3516,74.92009375665886,99.50360288230584
PBI -> TTN,57,2,985.0,3.508771929824561,PBI,TTN,3517,74.94140208821649,99.50589042662702
EWR -> AVP,53,2,93.0,3.7735849056603774,EWR,AVP,3518,74.96271041977414,99.50817797094818
MSO -> SFO,47,2,769.0,4.25531914893617,MSO,SFO,3519,74.98401875133177,99.51046551526936
SFO -> MSO,47,2,769.0,4.25531914893617,SFO,MSO,3520,75.00532708288941,99.51275305959054
LGA -> TVC,46,2,655.0,4.3478260869565215,LGA,TVC,3521,75.02663541444706,99.5150406039117
LGA -> BTV,45,2,258.0,4.444444444444445,LGA,BTV,3522,75.04794374600469,99.51732814823288
PWM -> DCA,43,2,482.0,4.651162790697675,PWM,DCA,3523,75.06925207756233,99.51961569255404
ACK -> DCA,41,2,405.0,4.878048780487805,ACK,DCA,3524,75.09056040911997,99.52190323687522
IAD -> BUF,39,2,283.0,5.128205128205128,IAD,BUF,3525,75.11186874067761,99.52419078119638
IAD -> CMH,36,2,299.0,5.555555555555555,IAD,CMH,3526,75.13317707223524,99.52647832551756
DCA -> CVG,31,2,411.0,6.451612903225806,DCA,CVG,3527,75.15448540379288,99.52876586983874
PNS -> MDW,30,2,781.0,6.666666666666667,PNS,MDW,3528,75.17579373535052,99.5310534141599
TVC -> EWR,28,2,644.0,7.142857142857142,TVC,EWR,3529,75.19710206690816,99.53334095848108
ASE -> MSP,24,2,802.0,8.333333333333332,ASE,MSP,3530,75.21841039846579,99.53562850280224
DTW -> SWF,21,2,479.0,9.523809523809524,DTW,SWF,3531,75.23971873002344,99.5379160471234
SWF -> DTW,21,2,479.0,9.523809523809524,SWF,DTW,3532,75.26102706158107,99.54020359144458
DTW -> MQT,19,2,349.0,10.526315789473683,DTW,MQT,3533,75.28233539313872,99.54249113576576
HDN -> SFO,14,2,838.0,14.285714285714285,HDN,SFO,3534,75.30364372469636,99.54477868008694
PNS -> DCA,10,2,816.0,20.0,PNS,DCA,3535,75.32495205625399,99.5470662244081
HOU -> LBB,8,2,474.0,25.0,HOU,LBB,3536,75.34626038781164,99.54935376872926
MSP -> DTW,2645,1,528.0,0.03780718336483932,MSP,DTW,3537,75.36756871936927,99.55049754088986
SEA -> MSP,2547,1,1399.0,0.03926187671770711,SEA,MSP,3538,75.38887705092692,99.55164131305044
SLC -> OAK,2105,1,588.0,0.047505938242280284,SLC,OAK,3539,75.41018538248456,99.55278508521103
DTW -> SEA,1894,1,1927.0,0.05279831045406547,DTW,SEA,3540,75.43149371404219,99.55392885737162
SEA -> HNL,1744,1,2677.0,0.05733944954128441,SEA,HNL,3541,75.45280204559984,99.55507262953219
MSP -> MCO,1588,1,1310.0,0.06297229219143577,MSP,MCO,3542,75.47411037715747,99.5562164016928
MCO -> MSP,1586,1,1310.0,0.06305170239596469,MCO,MSP,3543,75.4954187087151,99.55736017385337
SLC -> BOI,1579,1,290.0,0.06333122229259025,SLC,BOI,3544,75.51672704027274,99.55850394601396
SLC -> SMF,1480,1,532.0,0.06756756756756757,SLC,SMF,3545,75.53803537183038,99.55964771817453
SFO -> DAL,1318,1,1476.0,0.07587253414264036,SFO,DAL,3546,75.55934370338802,99.56079149033512
SEA -> FAI,1316,1,1533.0,0.07598784194528875,SEA,FAI,3547,75.58065203494566,99.56193526249571
DTW -> SFO,1309,1,2079.0,0.07639419404125286,DTW,SFO,3548,75.6019603665033,99.5630790346563
MCO -> PHX,1287,1,1849.0,0.0777000777000777,MCO,PHX,3549,75.62326869806094,99.56422280681689
MCO -> SLC,1239,1,1931.0,0.08071025020177562,MCO,SLC,3550,75.64457702961857,99.56536657897746
SLC -> MCO,1239,1,1931.0,0.08071025020177562,SLC,MCO,3551,75.66588536117622,99.56651035113805
SGU -> SLC,1191,1,272.0,0.08396305625524769,SGU,SLC,3552,75.68719369273386,99.56765412329864
MCO -> MSY,1152,1,551.0,0.08680555555555555,MCO,MSY,3553,75.7085020242915,99.56879789545923
SEA -> IAD,1124,1,2306.0,0.0889679715302491,SEA,IAD,3554,75.72981035584914,99.56994166761982
LAS -> TUS,1099,1,365.0,0.09099181073703368,LAS,TUS,3555,75.75111868740677,99.57108543978039
PHX -> BOI,1089,1,735.0,0.09182736455463728,PHX,BOI,3556,75.77242701896442,99.57222921194098
SLC -> BIL,1061,1,387.0,0.0942507068803016,SLC,BIL,3557,75.79373535052206,99.57337298410157
PHX -> CMH,1052,1,1670.0,0.09505703422053231,PHX,CMH,3558,75.8150436820797,99.57451675626216
ANC -> JNU,1034,1,571.0,0.09671179883945842,ANC,JNU,3559,75.83635201363734,99.57566052842274
FLL -> LAS,1033,1,2173.0,0.0968054211035818,FLL,LAS,3560,75.85766034519497,99.57680430058332
SJU -> ORD,1022,1,2072.0,0.09784735812133072,SJU,ORD,3561,75.8789686767526,99.57794807274391
LAS -> MCO,942,1,2039.0,0.10615711252653928,LAS,MCO,3562,75.90027700831024,99.5790918449045
MCO -> LAS,941,1,2039.0,0.10626992561105207,MCO,LAS,3563,75.92158533986789,99.58023561706509
ONT -> SLC,940,1,558.0,0.10638297872340426,ONT,SLC,3564,75.94289367142552,99.58137938922566
FLL -> MSY,935,1,674.0,0.10695187165775401,FLL,MSY,3565,75.96420200298316,99.58252316138625
PSC -> SLC,931,1,521.0,0.10741138560687433,PSC,SLC,3566,75.9855103345408,99.58366693354684
STL -> OMA,919,1,342.0,0.1088139281828074,STL,OMA,3567,76.00681866609844,99.58481070570743
MSP -> IND,902,1,503.0,0.11086474501108648,MSP,IND,3568,76.02812699765609,99.58595447786801
GTF -> SLC,887,1,463.0,0.11273957158962795,GTF,SLC,3569,76.04943532921372,99.58709825002859
FAT -> SLC,856,1,501.0,0.11682242990654204,FAT,SLC,3570,76.07074366077136,99.58824202218918
SEA -> PSP,840,1,987.0,0.11904761904761905,SEA,PSP,3571,76.092051992329,99.58938579434977
LAS -> OMA,838,1,1099.0,0.11933174224343676,LAS,OMA,3572,76.11336032388664,99.59052956651036
BUR -> SLC,828,1,574.0,0.12077294685990338,BUR,SLC,3573,76.13466865544429,99.59167333867094
SLC -> BUR,828,1,574.0,0.12077294685990338,SLC,BUR,3574,76.15597698700192,99.59281711083152
ATL -> ABQ,803,1,1269.0,0.12453300124533001,ATL,ABQ,3575,76.17728531855957,99.5939608829921
ABQ -> ATL,801,1,1269.0,0.12484394506866417,ABQ,ATL,3576,76.1985936501172,99.59510465515268
IND -> LAX,785,1,1814.0,0.12738853503184713,IND,LAX,3577,76.21990198167484,99.59624842731328
GEG -> MSP,770,1,1175.0,0.12987012987012986,GEG,MSP,3578,76.24121031323247,99.59739219947387
LGB -> PDX,750,1,846.0,0.13333333333333333,LGB,PDX,3579,76.2625186447901,99.59853597163445
SLC -> PSP,747,1,541.0,0.13386880856760375,SLC,PSP,3580,76.28382697634775,99.59967974379504
PHX -> CLE,726,1,1737.0,0.13774104683195593,PHX,CLE,3581,76.30513530790539,99.60082351595561
BOI -> MSP,703,1,1142.0,0.1422475106685633,BOI,MSP,3582,76.32644363946302,99.60196728811621
ATL -> ELP,700,1,1282.0,0.14285714285714285,ATL,ELP,3583,76.34775197102067,99.60311106027679
ELP -> ATL,699,1,1282.0,0.14306151645207438,ELP,ATL,3584,76.3690603025783,99.60425483243738
SEA -> BWI,696,1,2335.0,0.14367816091954022,SEA,BWI,3585,76.39036863413595,99.60539860459797
BWI -> SEA,695,1,2335.0,0.14388489208633093,BWI,SEA,3586,76.41167696569359,99.60654237675854
HOU -> SAN,683,1,1313.0,0.14641288433382138,HOU,SAN,3587,76.43298529725122,99.60768614891914
FLL -> HOU,680,1,957.0,0.14705882352941177,FLL,HOU,3588,76.45429362880887,99.60882992107972
HOU -> FLL,678,1,957.0,0.14749262536873156,HOU,FLL,3589,76.4756019603665,99.6099736932403
ITO -> OGG,668,1,121.0,0.14970059880239522,ITO,OGG,3590,76.49691029192415,99.6111174654009
OGG -> ITO,668,1,121.0,0.14970059880239522,OGG,ITO,3591,76.51821862348179,99.61226123756147
SJC -> OGG,668,1,2355.0,0.14970059880239522,SJC,OGG,3592,76.53952695503942,99.61340500972207
MSP -> BJI,667,1,199.0,0.14992503748125938,MSP,BJI,3593,76.56083528659707,99.61454878188265
ANC -> SCC,666,1,627.0,0.15015015015015015,ANC,SCC,3594,76.5821436181547,99.61569255404324
BHM -> MCO,660,1,479.0,0.15151515151515152,BHM,MCO,3595,76.60345194971234,99.61683632620381
OAK -> BOI,659,1,511.72837632776935,0.15174506828528073,OAK,BOI,3596,76.62476028126997,99.6179800983644
DCA -> SEA,657,1,2329.0,0.15220700152207,DCA,SEA,3597,76.6460686128276,99.619123870525
LAS -> GEG,648,1,806.0,0.15432098765432098,LAS,GEG,3598,76.66737694438525,99.62026764268558
CVG -> LAS,645,1,1678.0,0.15503875968992248,CVG,LAS,3599,76.68868527594289,99.62141141484616
HNL -> SAN,639,1,2614.0,0.1564945226917058,HNL,SAN,3600,76.70999360750054,99.62255518700674
MSP -> ICT,634,1,545.0,0.15772870662460567,MSP,ICT,3601,76.73130193905817,99.62369895916734
OAK -> GEG,633,1,723.0,0.1579778830963665,OAK,GEG,3602,76.7526102706158,99.62484273132792
ATL -> STT,632,1,1599.0,0.15822784810126583,ATL,STT,3603,76.77391860217345,99.6259865034885
SAN -> SAT,626,1,1129.0,0.1597444089456869,SAN,SAT,3604,76.79522693373109,99.6271302756491
EUG -> SLC,624,1,618.0,0.16025641025641024,EUG,SLC,3605,76.81653526528873,99.62827404780967
SLC -> EUG,624,1,618.0,0.16025641025641024,SLC,EUG,3606,76.83784359684637,99.62941781997027
CMH -> LAS,622,1,1771.0,0.1607717041800643,CMH,LAS,3607,76.859151928404,99.63056159213085
MIA -> MSY,622,1,675.0,0.1607717041800643,MIA,MSY,3608,76.88046025996165,99.63170536429143
MSY -> MIA,622,1,675.0,0.1607717041800643,MSY,MIA,3609,76.90176859151929,99.63284913645202
LAS -> CMH,620,1,1771.0,0.16129032258064516,LAS,CMH,3610,76.92307692307693,99.6339929086126
MIA -> PHX,619,1,1972.0,0.16155088852988692,MIA,PHX,3611,76.94438525463457,99.6351366807732
STL -> SAT,619,1,786.0,0.16155088852988692,STL,SAT,3612,76.9656935861922,99.63628045293378
PHX -> MIA,618,1,1972.0,0.16181229773462785,PHX,MIA,3613,76.98700191774984,99.63742422509436
SLC -> GJT,617,1,216.0,0.1620745542949757,SLC,GJT,3614,77.00831024930747,99.63856799725494
IAH -> RSW,614,1,861.0,0.16286644951140067,IAH,RSW,3615,77.02961858086512,99.63971176941553
MCI -> MKE,612,1,436.0,0.16339869281045752,MCI,MKE,3616,77.05092691242275,99.64085554157613
SLC -> OKC,608,1,866.0,0.1644736842105263,SLC,OKC,3617,77.07223524398039,99.6419993137367
CMH -> STL,592,1,409.0,0.16891891891891891,CMH,STL,3618,77.09354357553804,99.6431430858973
STL -> CMH,591,1,409.0,0.1692047377326565,STL,CMH,3619,77.11485190709567,99.64428685805787
DTW -> BHM,584,1,625.0,0.17123287671232876,DTW,BHM,3620,77.13616023865332,99.64543063021846
CDC -> SLC,573,1,221.0,0.17452006980802792,CDC,SLC,3621,77.15746857021095,99.64657440237904
SLC -> CDC,573,1,221.0,0.17452006980802792,SLC,CDC,3622,77.17877690176859,99.64771817453963
LIH -> SEA,561,1,2701.0,0.17825311942959002,LIH,SEA,3623,77.20008523332623,99.64886194670022
HNL -> SJC,558,1,2417.0,0.17921146953405018,HNL,SJC,3624,77.22139356488387,99.6500057188608
MSP -> SBN,553,1,411.0,0.18083182640144665,MSP,SBN,3625,77.24270189644152,99.65114949102139
PIT -> MSP,546,1,726.0,0.18315018315018314,PIT,MSP,3626,77.26401022799915,99.65229326318197
LAS -> BUF,545,1,1986.0,0.1834862385321101,LAS,BUF,3627,77.28531855955679,99.65343703534256
MKE -> SEA,541,1,1694.0,0.18484288354898337,MKE,SEA,3628,77.30662689111443,99.65458080750315
STX -> MIA,537,1,1139.0,0.186219739292365,STX,MIA,3629,77.32793522267207,99.65572457966373
MIA -> STX,536,1,1139.0,0.18656716417910446,MIA,STX,3630,77.3492435542297,99.65686835182431
OAK -> HNL,522,1,2409.0,0.19157088122605362,OAK,HNL,3631,77.37055188578734,99.6580121239849
RDU -> HOU,509,1,1050.0,0.19646365422396855,RDU,HOU,3632,77.39186021734497,99.65915589614549
MCO -> SAT,496,1,1041.0,0.20161290322580644,MCO,SAT,3633,77.41316854890262,99.66029966830607
CVG -> FLL,492,1,932.0,0.20325203252032523,CVG,FLL,3634,77.43447688046025,99.66144344046666
FLL -> CVG,492,1,932.0,0.20325203252032523,FLL,CVG,3635,77.4557852120179,99.66258721262724
MCI -> TPA,491,1,1048.0,0.20366598778004072,MCI,TPA,3636,77.47709354357553,99.66373098478783
ECP -> HOU,490,1,571.0,0.20408163265306123,ECP,HOU,3637,77.49840187513317,99.66487475694842
SLC -> STL,478,1,1156.0,0.20920502092050208,SLC,STL,3638,77.51971020669082,99.666018529109
AUS -> LGB,475,1,1226.0,0.21052631578947367,AUS,LGB,3639,77.54101853824845,99.66716230126958
LGB -> AUS,475,1,1226.0,0.21052631578947367,LGB,AUS,3640,77.5623268698061,99.66830607343017
SEA -> AUS,461,1,1770.0,0.21691973969631237,SEA,AUS,3641,77.58363520136373,99.66944984559076
DTW -> SAT,457,1,1214.0,0.2188183807439825,DTW,SAT,3642,77.60494353292138,99.67059361775135
SEA -> SBA,450,1,908.0,0.2222222222222222,SEA,SBA,3643,77.62625186447902,99.67173738991193
SBA -> SEA,449,1,908.0,0.22271714922048996,SBA,SEA,3644,77.64756019603665,99.67288116207251
DTW -> MEM,444,1,610.0,0.22522522522522523,DTW,MEM,3645,77.6688685275943,99.6740249342331
MCO -> ORF,432,1,655.0,0.23148148148148145,MCO,ORF,3646,77.69017685915193,99.67516870639369
RAP -> SLC,420,1,508.0,0.2380952380952381,RAP,SLC,3647,77.71148519070957,99.67631247855428
RSW -> CVG,420,1,879.0,0.2380952380952381,RSW,CVG,3648,77.7327935222672,99.67745625071485
MCO -> PSE,417,1,1179.0,0.2398081534772182,MCO,PSE,3649,77.75410185382484,99.67860002287544
ATW -> ATL,416,1,765.0,0.2403846153846154,ATW,ATL,3650,77.77541018538248,99.67974379503602
ATL -> ATW,414,1,765.0,0.24154589371980675,ATL,ATW,3651,77.79671851694012,99.68088756719662
ABQ -> SEA,408,1,1180.0,0.24509803921568626,ABQ,SEA,3652,77.81802684849777,99.6820313393572
SEA -> ABQ,408,1,1180.0,0.24509803921568626,SEA,ABQ,3653,77.8393351800554,99.68317511151778
MEM -> DTW,401,1,610.0,0.24937655860349126,MEM,DTW,3654,77.86064351161303,99.68431888367837
PHX -> ANC,393,1,2552.0,0.2544529262086514,PHX,ANC,3655,77.88195184317068,99.68546265583895
SNA -> HOU,388,1,1357.0,0.25773195876288657,SNA,HOU,3656,77.90326017472832,99.68660642799955
RSW -> DEN,387,1,1607.0,0.2583979328165375,RSW,DEN,3657,77.92456850628596,99.68775020016012
ANC -> LAX,382,1,2345.0,0.2617801047120419,ANC,LAX,3658,77.9458768378436,99.68889397232071
DAY -> DTW,382,1,166.0,0.2617801047120419,DAY,DTW,3659,77.96718516940123,99.6900377444813
MSP -> LNK,382,1,331.0,0.2617801047120419,MSP,LNK,3660,77.98849350095888,99.69118151664188
SFO -> MKE,380,1,1845.0,0.2631578947368421,SFO,MKE,3661,78.00980183251652,99.69232528880248
MYR -> FLL,376,1,529.0,0.26595744680851063,MYR,FLL,3662,78.03111016407416,99.69346906096305
TUS -> SEA,372,1,1216.0,0.2688172043010753,TUS,SEA,3663,78.0524184956318,99.69461283312364
MCO -> SDF,367,1,719.0,0.2724795640326975,MCO,SDF,3664,78.07372682718943,99.69575660528423
CLT -> SAT,358,1,1095.0,0.27932960893854747,CLT,SAT,3665,78.09503515874707,99.6969003774448
SEA -> DAL,345,1,1670.0,0.2898550724637681,SEA,DAL,3666,78.1163434903047,99.69804414960541
MIA -> SEA,344,1,2724.0,0.29069767441860467,MIA,SEA,3667,78.13765182186235,99.69918792176598
SEA -> MIA,344,1,2724.0,0.29069767441860467,SEA,MIA,3668,78.15896015341998,99.70033169392657
DEN -> JAX,339,1,1447.0,0.2949852507374631,DEN,JAX,3669,78.18026848497762,99.70147546608715
JAX -> DEN,339,1,1447.0,0.2949852507374631,JAX,DEN,3670,78.20157681653527,99.70261923824773
AUS -> TPA,338,1,928.0,0.2958579881656805,AUS,TPA,3671,78.2228851480929,99.70376301040832
MCO -> SYR,335,1,1053.0,0.2985074626865672,MCO,SYR,3672,78.24419347965055,99.70490678256891
PHX -> IAD,335,1,1956.0,0.2985074626865672,PHX,IAD,3673,78.26550181120818,99.7060505547295
SEA -> OMA,335,1,1368.0,0.2985074626865672,SEA,OMA,3674,78.28681014276582,99.70719432689008
TUL -> STL,335,1,351.0,0.2985074626865672,TUL,STL,3675,78.30811847432346,99.70833809905066
ANC -> FAI,334,1,261.0,0.29940119760479045,ANC,FAI,3676,78.3294268058811,99.70948187121125
ATL -> HNL,334,1,4502.0,0.29940119760479045,ATL,HNL,3677,78.35073513743875,99.71062564337184
DSM -> LAS,334,1,1216.0,0.29940119760479045,DSM,LAS,3678,78.37204346899638,99.71176941553243
LAS -> FNT,334,1,1733.0,0.29940119760479045,LAS,FNT,3679,78.39335180055402,99.712913187693
LAS -> ICT,334,1,986.0,0.29940119760479045,LAS,ICT,3680,78.41466013211166,99.7140569598536
LAS -> TUL,334,1,1076.0,0.29940119760479045,LAS,TUL,3681,78.4359684636693,99.71520073201418
MSY -> SAN,334,1,1599.0,0.29940119760479045,MSY,SAN,3682,78.45727679522693,99.71634450417477
PDX -> SBA,334,1,784.0,0.29940119760479045,PDX,SBA,3683,78.47858512678457,99.71748827633536
PHX -> BUF,334,1,1912.0,0.29940119760479045,PHX,BUF,3684,78.4998934583422,99.71863204849593
PNS -> HOU,334,1,488.0,0.29940119760479045,PNS,HOU,3685,78.52120178989985,99.71977582065652
RIC -> FLL,334,1,805.0,0.29940119760479045,RIC,FLL,3686,78.54251012145748,99.72091959281711
SAT -> SEA,334,1,1774.0,0.29940119760479045,SAT,SEA,3687,78.56381845301513,99.7220633649777
SFO -> ABQ,334,1,896.0,0.29940119760479045,SFO,ABQ,3688,78.58512678457276,99.72320713713827
SIT -> KTN,334,1,183.0,0.29940119760479045,SIT,KTN,3689,78.6064351161304,99.72435090929886
SJU -> STX,334,1,94.0,0.29940119760479045,SJU,STX,3690,78.62774344768805,99.72549468145945
STX -> SJU,334,1,94.0,0.29940119760479045,STX,SJU,3691,78.64905177924568,99.72663845362004
SYR -> MCO,334,1,1053.0,0.29940119760479045,SYR,MCO,3692,78.67036011080333,99.72778222578063
TPA -> MEM,334,1,655.0,0.29940119760479045,TPA,MEM,3693,78.69166844236096,99.7289259979412
HNL -> ATL,333,1,4502.0,0.3003003003003003,HNL,ATL,3694,78.7129767739186,99.73006977010179
ATL -> FSD,331,1,954.0,0.3021148036253776,ATL,FSD,3695,78.73428510547625,99.73121354226238
FSD -> ATL,329,1,954.0,0.303951367781155,FSD,ATL,3696,78.75559343703388,99.73235731442297
MCI -> FLL,327,1,1242.0,0.3058103975535168,MCI,FLL,3697,78.77690176859153,99.73350108658356
SAT -> TPA,326,1,972.0,0.3067484662576687,SAT,TPA,3698,78.79821010014916,99.73464485874413
HNL -> SLC,324,1,2994.0,0.30864197530864196,HNL,SLC,3699,78.8195184317068,99.73578863090472
SLC -> HNL,324,1,2994.0,0.30864197530864196,SLC,HNL,3700,78.84082676326443,99.73693240306531
OKC -> LAX,316,1,1187.0,0.31645569620253167,OKC,LAX,3701,78.86213509482207,99.7380761752259
IND -> SFO,314,1,1943.0,0.3184713375796179,IND,SFO,3702,78.88344342637971,99.73921994738649
SFO -> IND,314,1,1943.0,0.3184713375796179,SFO,IND,3703,78.90475175793735,99.74036371954706
ROC -> TPA,313,1,1079.0,0.3194888178913738,ROC,TPA,3704,78.92606008949498,99.74150749170765
TPA -> ROC,312,1,1079.0,0.3205128205128205,TPA,ROC,3705,78.94736842105263,99.74265126386824
GRR -> MCO,308,1,1024.0,0.3246753246753247,GRR,MCO,3706,78.96867675261026,99.74379503602883
GTF -> MSP,305,1,887.0,0.32786885245901637,GTF,MSP,3707,78.98998508416791,99.7449388081894
MSP -> GTF,305,1,887.0,0.32786885245901637,MSP,GTF,3708,79.01129341572555,99.74608258034999
SJC -> DAL,298,1,1450.0,0.33557046979865773,SJC,DAL,3709,79.0326017472832,99.74722635251058
CMH -> DCA,293,1,323.0,0.3412969283276451,CMH,DCA,3710,79.05391007884083,99.74837012467117
EWR -> SLC,292,1,1969.0,0.3424657534246575,EWR,SLC,3711,79.07521841039846,99.74951389683176
SLC -> EWR,292,1,1969.0,0.3424657534246575,SLC,EWR,3712,79.09652674195611,99.75065766899233
KOA -> PHX,288,1,2860.0,0.3472222222222222,KOA,PHX,3713,79.11783507351375,99.75180144115292
OAK -> JFK,285,1,2576.0,0.3508771929824561,OAK,JFK,3714,79.1391434050714,99.75294521331351
IAH -> CRW,284,1,975.0,0.35211267605633806,IAH,CRW,3715,79.16045173662903,99.7540889854741
PHL -> PVD,284,1,237.0,0.35211267605633806,PHL,PVD,3716,79.18176006818666,99.75523275763469
CHS -> DTW,283,1,667.0,0.35335689045936397,CHS,DTW,3717,79.2030683997443,99.75637652979526
PVD -> PHL,282,1,237.0,0.3546099290780142,PVD,PHL,3718,79.22437673130193,99.75752030195585
PSP -> PDX,278,1,873.0,0.3597122302158274,PSP,PDX,3719,79.24568506285958,99.75866407411644
ATL -> SJC,276,1,2116.0,0.36231884057971014,ATL,SJC,3720,79.26699339441721,99.75980784627703
ALB -> LAS,274,1,2237.0,0.36496350364963503,ALB,LAS,3721,79.28830172597485,99.76095161843762
MSP -> FWA,274,1,488.0,0.36496350364963503,MSP,FWA,3722,79.3096100575325,99.76209539059819
LAS -> BDL,269,1,2297.0,0.37174721189591076,LAS,BDL,3723,79.33091838909013,99.76323916275878
BDL -> LAS,268,1,2297.0,0.3731343283582089,BDL,LAS,3724,79.35222672064778,99.76438293491935
PIT -> SFO,266,1,2254.0,0.37593984962406013,PIT,SFO,3725,79.37353505220541,99.76552670707996
LAX -> ITO,261,1,2449.0,0.38314176245210724,LAX,ITO,3726,79.39484338376305,99.76667047924053
PIT -> LAX,255,1,2136.0,0.39215686274509803,PIT,LAX,3727,79.4161517153207,99.76781425140112
SYR -> DTW,255,1,374.0,0.39215686274509803,SYR,DTW,3728,79.43746004687833,99.76895802356171
SEA -> BLI,248,1,93.0,0.4032258064516129,SEA,BLI,3729,79.45876837843598,99.77010179572228
DTW -> AUS,247,1,1149.0,0.4048582995951417,DTW,AUS,3730,79.48007670999361,99.77124556788289
IAD -> PDX,242,1,2327.0,0.4132231404958678,IAD,PDX,3731,79.50138504155125,99.77238934004346
MSY -> SAT,240,1,494.0,0.4166666666666667,MSY,SAT,3732,79.5226933731089,99.77353311220405
MKE -> DAL,238,1,850.0,0.42016806722689076,MKE,DAL,3733,79.54400170466653,99.77467688436464
DAL -> PDX,237,1,1626.0,0.42194092827004215,DAL,PDX,3734,79.56531003622416,99.77582065652521
DAL -> SMF,237,1,1442.0,0.42194092827004215,DAL,SMF,3735,79.5866183677818,99.77696442868582
PDX -> DAL,237,1,1626.0,0.42194092827004215,PDX,DAL,3736,79.60792669933944,99.77810820084639
MSP -> SAT,236,1,1097.0,0.423728813559322,MSP,SAT,3737,79.62923503089708,99.77925197300698
FLL -> PBG,231,1,1334.0,0.4329004329004329,FLL,PBG,3738,79.65054336245471,99.78039574516757
HLN -> MSP,230,1,913.0,0.43478260869565216,HLN,MSP,3739,79.67185169401236,99.78153951732814
MSP -> HLN,230,1,913.0,0.43478260869565216,MSP,HLN,3740,79.69316002557,99.78268328948874
PBG -> FLL,230,1,1334.0,0.43478260869565216,PBG,FLL,3741,79.71446835712763,99.78382706164932
STT -> PHL,226,1,1605.0,0.4424778761061947,STT,PHL,3742,79.73577668868528,99.78497083380991
DTW -> TUL,225,1,789.0,0.4444444444444444,DTW,TUL,3743,79.75708502024291,99.78611460597048
TTN -> ORD,222,1,693.0,0.45045045045045046,TTN,ORD,3744,79.77839335180056,99.78725837813107
RNO -> MDW,216,1,1680.0,0.4629629629629629,RNO,MDW,3745,79.7997016833582,99.78840215029166
CMH -> BOS,215,1,640.0,0.46511627906976744,CMH,BOS,3746,79.82101001491583,99.78954592245225
SFO -> MSY,213,1,1911.0,0.4694835680751174,SFO,MSY,3747,79.84231834647348,99.79068969461284
MSP -> DSM,210,1,232.0,0.4761904761904762,MSP,DSM,3748,79.86362667803111,99.79183346677341
BOS -> SJC,207,1,2689.0,0.4830917874396135,BOS,SJC,3749,79.88493500958876,99.792977238934
SJC -> BOS,207,1,2689.0,0.4830917874396135,SJC,BOS,3750,79.90624334114639,99.79412101109459
AUS -> MIA,206,1,1103.0,0.48543689320388345,AUS,MIA,3751,79.92755167270403,99.79526478325518
CNY -> SLC,206,1,184.0,0.48543689320388345,CNY,SLC,3752,79.94886000426166,99.79640855541577
SLC -> CNY,206,1,184.0,0.48543689320388345,SLC,CNY,3753,79.97016833581931,99.79755232757634
MCI -> MIA,205,1,1251.0,0.4878048780487805,MCI,MIA,3754,79.99147666737694,99.79869609973693
MIA -> MCI,205,1,1251.0,0.4878048780487805,MIA,MCI,3755,80.01278499893458,99.79983987189752
MSN -> SLC,205,1,1174.0,0.4878048780487805,MSN,SLC,3756,80.03409333049221,99.8009836440581
SLC -> MSN,205,1,1174.0,0.4878048780487805,SLC,MSN,3757,80.05540166204986,99.8021274162187
BWI -> MYR,202,1,399.0,0.49504950495049505,BWI,MYR,3758,80.0767099936075,99.80327118837927
ALB -> MSP,201,1,980.0,0.4975124378109453,ALB,MSP,3759,80.09801832516514,99.80441496053986
MSP -> ALB,201,1,980.0,0.4975124378109453,MSP,ALB,3760,80.11932665672278,99.80555873270045
CLT -> CHS,196,1,168.0,0.5102040816326531,CLT,CHS,3761,80.14063498828041,99.80670250486104
FAT -> SAN,196,1,314.0,0.5102040816326531,FAT,SAN,3762,80.16194331983806,99.80784627702161
MSP -> AUS,195,1,1042.0,0.5128205128205128,MSP,AUS,3763,80.1832516513957,99.8089900491822
IAH -> HDN,194,1,985.0,0.5154639175257731,IAH,HDN,3764,80.20455998295334,99.81013382134279
KOA -> SJC,193,1,2384.0,0.5181347150259068,KOA,SJC,3765,80.22586831451098,99.81127759350338
DTW -> CAK,190,1,133.0,0.5263157894736842,DTW,CAK,3766,80.24717664606861,99.81242136566397
ANC -> BRW,189,1,725.0,0.5291005291005291,ANC,BRW,3767,80.26848497762626,99.81356513782454
CAK -> DTW,189,1,133.0,0.5291005291005291,CAK,DTW,3768,80.28979330918389,99.81470890998513
BNA -> SEA,185,1,1978.0,0.5405405405405406,BNA,SEA,3769,80.31110164074153,99.81585268214572
MSP -> JAX,184,1,1174.0,0.5434782608695652,MSP,JAX,3770,80.33240997229917,99.8169964543063
JAX -> MSP,182,1,1174.0,0.5494505494505495,JAX,MSP,3771,80.35371830385681,99.8181402264669
ACY -> ATL,179,1,679.0,0.5586592178770949,ACY,ATL,3772,80.37502663541444,99.81928399862747
TUS -> MSP,179,1,1298.0,0.5586592178770949,TUS,MSP,3773,80.39633496697208,99.82042777078806
ATL -> ACY,178,1,679.0,0.5617977528089888,ATL,ACY,3774,80.41764329852973,99.82157154294865
IAD -> SJU,171,1,1571.0,0.5847953216374269,IAD,SJU,3775,80.43895163008736,99.82271531510924
CLE -> MYR,169,1,557.0,0.591715976331361,CLE,MYR,3776,80.46025996164501,99.82385908726982
MYR -> CLE,169,1,557.0,0.591715976331361,MYR,CLE,3777,80.48156829320264,99.8250028594304
RNO -> JFK,169,1,2411.0,0.591715976331361,RNO,JFK,3778,80.50287662476028,99.82614663159099
HNL -> IAD,167,1,4817.0,0.5988023952095809,HNL,IAD,3779,80.52418495631792,99.82729040375156
MIA -> SLC,162,1,2088.0,0.6172839506172839,MIA,SLC,3780,80.54549328787556,99.82843417591216
SFO -> ANC,162,1,2018.0,0.6172839506172839,SFO,ANC,3781,80.5668016194332,99.82957794807274
SLC -> MIA,162,1,2088.0,0.6172839506172839,SLC,MIA,3782,80.58810995099084,99.83072172023333
GRR -> TPA,159,1,1041.0,0.628930817610063,GRR,TPA,3783,80.60941828254848,99.83186549239392
MDW -> SNA,156,1,1731.0,0.641025641025641,MDW,SNA,3784,80.63072661410612,99.83300926455449
SNA -> MDW,156,1,1731.0,0.641025641025641,SNA,MDW,3785,80.65203494566376,99.8341530367151
CMH -> DTW,155,1,155.0,0.6451612903225806,CMH,DTW,3786,80.67334327722139,99.83529680887567
PSP -> MSP,155,1,1454.0,0.6451612903225806,PSP,MSP,3787,80.69465160877904,99.83644058103626
IAD -> AUS,154,1,1297.0,0.6493506493506493,IAD,AUS,3788,80.71595994033667,99.83758435319685
OKC -> SEA,153,1,1519.0,0.6535947712418301,OKC,SEA,3789,80.73726827189431,99.83872812535743
SEA -> OKC,153,1,1519.0,0.6535947712418301,SEA,OKC,3790,80.75857660345194,99.83987189751802
STL -> PDX,153,1,1708.0,0.6535947712418301,STL,PDX,3791,80.77988493500959,99.8410156696786
IAD -> STT,152,1,1606.0,0.6578947368421052,IAD,STT,3792,80.80119326656722,99.84215944183919
SEA -> CLE,151,1,2021.0,0.6622516556291391,SEA,CLE,3793,80.82250159812486,99.84330321399977
PHL -> PDX,147,1,2406.0,0.6802721088435374,PHL,PDX,3794,80.84380992968251,99.84444698616036
SEA -> HOU,147,1,1894.0,0.6802721088435374,SEA,HOU,3795,80.86511826124014,99.84559075832095
PDX -> PHL,146,1,2406.0,0.684931506849315,PDX,PHL,3796,80.88642659279779,99.84673453048153
DEN -> HSV,145,1,1048.0,0.6896551724137931,DEN,HSV,3797,80.90773492435542,99.84787830264212
LAX -> BZN,142,1,902.0,0.7042253521126761,LAX,BZN,3798,80.92904325591306,99.84902207480269
IAH -> EGE,135,1,934.0,0.7407407407407408,IAH,EGE,3799,80.9503515874707,99.85016584696329
CHS -> DAL,132,1,977.0,0.7575757575757576,CHS,DAL,3800,80.97165991902834,99.85130961912387
DAL -> CHS,132,1,977.0,0.7575757575757576,DAL,CHS,3801,80.99296825058599,99.85245339128446
BDL -> CLE,130,1,476.0,0.7692307692307693,BDL,CLE,3802,81.01427658214362,99.85359716344504
CLE -> BDL,130,1,476.0,0.7692307692307693,CLE,BDL,3803,81.03558491370126,99.85474093560562
MDT -> CLT,125,1,413.0,0.8,MDT,CLT,3804,81.0568932452589,99.85588470776622
CLT -> MDT,124,1,413.0,0.8064516129032258,CLT,MDT,3805,81.07820157681654,99.8570284799268
BOS -> ACK,118,1,91.0,0.847457627118644,BOS,ACK,3806,81.09950990837417,99.85817225208739
BZN -> PDX,116,1,554.0,0.8620689655172413,BZN,PDX,3807,81.12081823993181,99.85931602424797
IAG -> MYR,116,1,650.0,0.8620689655172413,IAG,MYR,3808,81.14212657148944,99.86045979640855
MYR -> IAG,116,1,650.0,0.8620689655172413,MYR,IAG,3809,81.16343490304709,99.86160356856915
PDX -> BZN,116,1,554.0,0.8620689655172413,PDX,BZN,3810,81.18474323460472,99.86274734072973
DTW -> DAL,115,1,981.0,0.8695652173913043,DTW,DAL,3811,81.20605156616237,99.86389111289031
CLT -> SGF,114,1,708.0,0.8771929824561403,CLT,SGF,3812,81.22735989772,99.8650348850509
DAL -> DTW,114,1,981.0,0.8771929824561403,DAL,DTW,3813,81.24866822927764,99.86617865721148
DAL -> PIT,114,1,1060.0,0.8771929824561403,DAL,PIT,3814,81.26997656083529,99.86732242937208
SGF -> CLT,114,1,708.0,0.8771929824561403,SGF,CLT,3815,81.29128489239292,99.86846620153266
AUS -> IAD,109,1,1297.0,0.9174311926605505,AUS,IAD,3816,81.31259322395057,99.86960997369324
MKE -> MSY,109,1,903.0,0.9174311926605505,MKE,MSY,3817,81.3339015555082,99.87075374585382
CVG -> MEM,107,1,403.0,0.9345794392523363,CVG,MEM,3818,81.35520988706584,99.8718975180144
MEM -> CVG,107,1,403.0,0.9345794392523363,MEM,CVG,3819,81.37651821862349,99.873041290175
PHL -> DCA,106,1,119.0,0.9433962264150944,PHL,DCA,3820,81.39782655018112,99.87418506233558
CLE -> PHL,104,1,363.0,0.9615384615384616,CLE,PHL,3821,81.41913488173877,99.87532883449617
LIH -> PDX,102,1,2631.0,0.9803921568627451,LIH,PDX,3822,81.4404432132964,99.87647260665675
IAH -> JAC,101,1,1265.0,0.9900990099009901,IAH,JAC,3823,81.46175154485404,99.87761637881734
PDX -> FAT,101,1,626.0,0.9900990099009901,PDX,FAT,3824,81.48305987641167,99.87876015097793
MSP -> SDF,100,1,604.0,1.0,MSP,SDF,3825,81.5043682079693,99.87990392313851
RSW -> GRR,100,1,1147.0,1.0,RSW,GRR,3826,81.52567653952696,99.8810476952991
CVG -> PHX,98,1,1569.0,1.0204081632653061,CVG,PHX,3827,81.54698487108459,99.88219146745968
EWR -> SRQ,98,1,1034.0,1.0204081632653061,EWR,SRQ,3828,81.56829320264222,99.88333523962027
SDF -> MSP,97,1,604.0,1.0309278350515463,SDF,MSP,3829,81.58960153419987,99.88447901178085
MSP -> ORF,93,1,1045.0,1.0752688172043012,MSP,ORF,3830,81.6109098657575,99.88562278394144
OGG -> BLI,89,1,2681.0,1.1235955056179776,OGG,BLI,3831,81.63221819731515,99.88676655610203
LBE -> TPA,88,1,866.0,1.1363636363636365,LBE,TPA,3832,81.65352652887279,99.8879103282626
TPA -> LBE,88,1,866.0,1.1363636363636365,TPA,LBE,3833,81.67483486043042,99.8890541004232
IAD -> SAV,87,1,515.0,1.1494252873563218,IAD,SAV,3834,81.69614319198807,99.89019787258378
HYA -> JFK,83,1,196.0,1.2048192771084338,HYA,JFK,3835,81.7174515235457,99.89134164474437
JFK -> HYA,83,1,196.0,1.2048192771084338,JFK,HYA,3836,81.73875985510335,99.89248541690495
IAD -> ORF,81,1,157.0,1.2345679012345678,IAD,ORF,3837,81.76006818666099,99.89362918906554
DTW -> SDF,77,1,306.0,1.2987012987012987,DTW,SDF,3838,81.78137651821862,99.89477296122612
GST -> JNU,77,1,41.0,1.2987012987012987,GST,JNU,3839,81.80268484977627,99.89591673338671
JNU -> GST,77,1,41.0,1.2987012987012987,JNU,GST,3840,81.8239931813339,99.8970605055473
DSM -> SLC,75,1,955.0,1.3333333333333335,DSM,SLC,3841,81.84530151289154,99.89820427770788
ORD -> FAI,75,1,2785.0,1.3333333333333335,ORD,FAI,3842,81.86660984444917,99.89934804986846
ORF -> IAD,75,1,157.0,1.3333333333333335,ORF,IAD,3843,81.88791817600682,99.90049182202905
BMI -> MSP,70,1,375.0,1.4285714285714286,BMI,MSP,3844,81.90922650756445,99.90163559418964
IAH -> GUC,70,1,886.0,1.4285714285714286,IAH,GUC,3845,81.93053483912209,99.90277936635023
MSP -> BMI,70,1,375.0,1.4285714285714286,MSP,BMI,3846,81.95184317067974,99.9039231385108
MLI -> MSP,65,1,274.0,1.5384615384615385,MLI,MSP,3847,81.97315150223737,99.9050669106714
BOI -> MDW,63,1,1448.0,1.5873015873015872,BOI,MDW,3848,81.99445983379502,99.90621068283197
BWI -> PDX,63,1,2358.0,1.5873015873015872,BWI,PDX,3849,82.01576816535265,99.90735445499257
GEG -> MDW,63,1,1511.0,1.5873015873015872,GEG,MDW,3850,82.03707649691029,99.90849822715316
MDW -> GEG,63,1,1511.0,1.5873015873015872,MDW,GEG,3851,82.05838482846794,99.90964199931373
PDX -> BWI,63,1,2358.0,1.5873015873015872,PDX,BWI,3852,82.07969316002557,99.91078577147432
PDX -> HOU,63,1,1843.0,1.5873015873015872,PDX,HOU,3853,82.10100149158322,99.9119295436349
BOI -> PDX,62,1,344.0,1.6129032258064515,BOI,PDX,3854,82.12230982314085,99.9130733157955
PDX -> BOI,61,1,344.0,1.639344262295082,PDX,BOI,3855,82.14361815469849,99.91421708795608
GSO -> IAD,60,1,239.0,1.6666666666666667,GSO,IAD,3856,82.16492648625614,99.91536086011666
ICT -> LAX,58,1,1203.0,1.7241379310344827,ICT,LAX,3857,82.18623481781377,99.91650463227725
LAX -> ICT,58,1,1203.0,1.7241379310344827,LAX,ICT,3858,82.2075431493714,99.91764840443783
MSP -> MLI,58,1,274.0,1.7241379310344827,MSP,MLI,3859,82.22885148092904,99.91879217659843
LEX -> MSP,55,1,650.0,1.8181818181818181,LEX,MSP,3860,82.25015981248667,99.919935948759
MSP -> LEX,55,1,650.0,1.8181818181818181,MSP,LEX,3861,82.27146814404432,99.9210797209196
AVP -> EWR,53,1,93.0,1.8867924528301887,AVP,EWR,3862,82.29277647560195,99.92222349308018
BGR -> LGA,53,1,378.0,1.8867924528301887,BGR,LGA,3863,82.3140848071596,99.92336726524076
XNA -> SFO,52,1,1550.0,1.9230769230769231,XNA,SFO,3864,82.33539313871724,99.92451103740136
PBG -> MYR,51,1,811.0,1.9607843137254901,PBG,MYR,3865,82.35670147027487,99.92565480956193
EWR -> BZN,50,1,1882.0,2.0,EWR,BZN,3866,82.37800980183252,99.92679858172252
BOS -> SMF,49,1,2636.0,2.0408163265306123,BOS,SMF,3867,82.39931813339015,99.9279423538831
PVD -> RSW,49,1,1200.0,2.0408163265306123,PVD,RSW,3868,82.4206264649478,99.92908612604369
SMF -> BOS,49,1,2636.0,2.0408163265306123,SMF,BOS,3869,82.44193479650544,99.93022989820429
MIA -> TUL,47,1,1168.0,2.127659574468085,MIA,TUL,3870,82.46324312806307,99.93137367036486
OME -> OTZ,47,1,183.0,2.127659574468085,OME,OTZ,3871,82.48455145962072,99.93251744252545
MDW -> TTN,45,1,683.0,2.2222222222222223,MDW,TTN,3872,82.50585979117835,99.93366121468603
DCA -> PWM,43,1,482.0,2.3255813953488373,DCA,PWM,3873,82.527168122736,99.93480498684661
LGA -> LEX,42,1,604.0,2.380952380952381,LGA,LEX,3874,82.54847645429363,99.9359487590072
DCA -> ACK,41,1,405.0,2.4390243902439024,DCA,ACK,3875,82.56978478585127,99.93709253116779
RIC -> IAD,37,1,100.0,2.7027027027027026,RIC,IAD,3876,82.5910931174089,99.93823630332838
BUF -> IAD,36,1,283.0,2.7777777777777777,BUF,IAD,3877,82.61240144896654,99.93938007548896
CMH -> IAD,35,1,299.0,2.857142857142857,CMH,IAD,3878,82.63370978052419,99.94052384764954
IAD -> RIC,35,1,100.0,2.857142857142857,IAD,RIC,3879,82.65501811208182,99.94166761981013
BMI -> MCO,34,1,936.0,2.941176470588235,BMI,MCO,3880,82.67632644363945,99.94281139197072
MCO -> BMI,34,1,936.0,2.941176470588235,MCO,BMI,3881,82.6976347751971,99.94395516413131
TVC -> ATL,33,1,769.0,3.0303030303030303,TVC,ATL,3882,82.71894310675474,99.94509893629188
CVG -> DCA,32,1,411.0,3.125,CVG,DCA,3883,82.74025143831238,99.94624270845249
IAH -> RNO,32,1,1530.0,3.125,IAH,RNO,3884,82.76155976987002,99.94738648061306
PSP -> JFK,32,1,2378.0,3.125,PSP,JFK,3885,82.78286810142765,99.94853025277365
RNO -> IAH,32,1,1530.0,3.125,RNO,IAH,3886,82.8041764329853,99.94967402493423
SYR -> DCA,32,1,298.0,3.125,SYR,DCA,3887,82.82548476454294,99.95081779709481
CLT -> STX,31,1,1562.0,3.225806451612903,CLT,STX,3888,82.84679309610058,99.95196156925542
IAD -> BNA,31,1,542.0,3.225806451612903,IAD,BNA,3889,82.86810142765822,99.95310534141599
STX -> CLT,31,1,1562.0,3.225806451612903,STX,CLT,3890,82.88940975921585,99.95424911357658
DCA -> RDU,29,1,227.0,3.4482758620689653,DCA,RDU,3891,82.9107180907735,99.95539288573715
MTJ -> LAX,29,1,666.0,3.4482758620689653,MTJ,LAX,3892,82.93202642233113,99.95653665789774
EWR -> TVC,28,1,644.0,3.571428571428571,EWR,TVC,3893,82.95333475388877,99.95768043005833
GCC -> RKS,28,1,261.0,3.571428571428571,GCC,RKS,3894,82.9746430854464,99.95882420221892
RDU -> DCA,28,1,227.0,3.571428571428571,RDU,DCA,3895,82.99595141700405,99.95996797437951
SYR -> IAD,26,1,296.0,3.8461538461538463,SYR,IAD,3896,83.01725974856168,99.96111174654008
DCA -> HSV,24,1,613.0,4.166666666666666,DCA,HSV,3897,83.03856808011932,99.96225551870067
HSV -> DCA,24,1,613.0,4.166666666666666,HSV,DCA,3898,83.05987641167697,99.96339929086126
IAD -> SYR,24,1,296.0,4.166666666666666,IAD,SYR,3899,83.0811847432346,99.96454306302185
MTJ -> EWR,23,1,1795.0,4.3478260869565215,MTJ,EWR,3900,83.10249307479224,99.96568683518244
IAD -> TYS,22,1,419.0,4.545454545454546,IAD,TYS,3901,83.12380140634988,99.96683060734301
TYS -> IAD,22,1,419.0,4.545454545454546,TYS,IAD,3902,83.14510973790752,99.9679743795036
CLT -> CMH,21,1,347.0,4.761904761904762,CLT,CMH,3903,83.16641806946517,99.96911815166419
CMH -> CLT,21,1,347.0,4.761904761904762,CMH,CLT,3904,83.1877264010228,99.97026192382478
IAD -> SAT,21,1,1362.0,4.761904761904762,IAD,SAT,3905,83.20903473258043,99.97140569598535
IAD -> JAC,19,1,1750.0,5.263157894736842,IAD,JAC,3906,83.23034306413808,99.97254946814594
JAC -> IAD,19,1,1750.0,5.263157894736842,JAC,IAD,3907,83.25165139569572,99.97369324030653
AZO -> ATL,17,1,596.0,5.88235294117647,AZO,ATL,3908,83.27295972725337,99.97483701246712
MCO -> MSN,17,1,1109.0,5.88235294117647,MCO,MSN,3909,83.294268058811,99.97598078462771
MSN -> MCO,17,1,1109.0,5.88235294117647,MSN,MCO,3910,83.31557639036863,99.97712455678828
CLT -> IAD,16,1,322.0,6.25,CLT,IAD,3911,83.33688472192627,99.97826832894887
ATL -> ELM,15,1,717.0,6.666666666666667,ATL,ELM,3912,83.35819305348392,99.97941210110946
DCA -> PNS,10,1,816.0,10.0,DCA,PNS,3913,83.37950138504155,99.98055587327005
DEN -> MMH,10,1,780.0,10.0,DEN,MMH,3914,83.40080971659918,99.98169964543064
MMH -> DEN,10,1,780.0,10.0,MMH,DEN,3915,83.42211804815683,99.98284341759121
LBB -> HOU,8,1,474.0,12.5,LBB,HOU,3916,83.44342637971447,99.9839871897518
CVG -> PIT,7,1,256.0,14.285714285714285,CVG,PIT,3917,83.4647347112721,99.98513096191239
MCI -> IAD,7,1,926.0,14.285714285714285,MCI,IAD,3918,83.48604304282975,99.98627473407298
PIT -> CVG,7,1,256.0,14.285714285714285,PIT,CVG,3919,83.50735137438738,99.98741850623357
DEN -> PIA,5,1,793.0,20.0,DEN,PIA,3920,83.52865970594503,99.98856227839414
IAD -> OKC,5,1,1136.0,20.0,IAD,OKC,3921,83.54996803750267,99.98970605055473
PIA -> DEN,5,1,793.0,20.0,PIA,DEN,3922,83.5712763690603,99.9908498227153
DCA -> GSP,4,1,396.0,25.0,DCA,GSP,3923,83.59258470061795,99.99199359487591
GSP -> DCA,4,1,396.0,25.0,GSP,DCA,3924,83.61389303217558,99.99313736703648
GSO -> ROA,2,1,84.0,50.0,GSO,ROA,3925,83.63520136373323,99.99428113919707
EWR -> JFK,1,1,21.0,100.0,EWR,JFK,3926,83.65650969529086,99.99542491135766
IAD -> ALB,1,1,325.0,100.0,IAD,ALB,3927,83.6778180268485,99.99656868351823
LBB -> AMA,1,1,107.0,100.0,LBB,AMA,3928,83.69912635840613,99.99771245567884
PHX -> MHT,1,1,2280.0,100.0,PHX,MHT,3929,83.72043468996378,99.99885622783941
SAV -> BQK,1,1,62.0,100.0,SAV,BQK,3930,83.74174302152142,100.0
SEA -> DTW,1892,0,1927.0,0.0,SEA,DTW,3931,83.76305135307905,100.0
SLC -> MSP,1854,0,991.0,0.0,SLC,MSP,3932,83.78435968463668,100.0
MSP -> SLC,1850,0,991.0,0.0,MSP,SLC,3933,83.80566801619433,100.0
SLC -> DTW,1388,0,1481.0,0.0,SLC,DTW,3934,83.82697634775197,100.0
DTW -> SLC,1386,0,1481.0,0.0,DTW,SLC,3935,83.84828467930961,100.0
OGG -> LIH,1321,0,201.0,0.0,OGG,LIH,3936,83.86959301086725,100.0
SFO -> DTW,1308,0,2079.0,0.0,SFO,DTW,3937,83.89090134242488,100.0
MSP -> PDX,1292,0,1426.0,0.0,MSP,PDX,3938,83.91220967398253,100.0
PDX -> MSP,1290,0,1426.0,0.0,PDX,MSP,3939,83.93351800554017,100.0
PHX -> MCO,1284,0,1849.0,0.0,PHX,MCO,3940,83.95482633709781,100.0
PHX -> OMA,1258,0,1037.0,0.0,PHX,OMA,3941,83.97613466865545,100.0
OGG -> SEA,1241,0,2640.0,0.0,OGG,SEA,3942,83.99744300021308,100.0
SEA -> OGG,1240,0,2640.0,0.0,SEA,OGG,3943,84.01875133177073,100.0
SLC -> GEG,1203,0,546.0,0.0,SLC,GEG,3944,84.04005966332836,100.0
SLC -> SGU,1192,0,272.0,0.0,SLC,SGU,3945,84.061367994886,100.0
PDX -> ATL,1089,0,2172.0,0.0,PDX,ATL,3946,84.08267632644365,100.0
ATL -> PDX,1087,0,2172.0,0.0,ATL,PDX,3947,84.10398465800128,100.0
MSP -> SAN,1071,0,1532.0,0.0,MSP,SAN,3948,84.12529298955891,100.0
MSP -> TPA,1070,0,1306.0,0.0,MSP,TPA,3949,84.14660132111655,100.0
SAN -> MSP,1068,0,1532.0,0.0,SAN,MSP,3950,84.1679096526742,100.0
BUR -> SEA,1011,0,937.0,0.0,BUR,SEA,3951,84.18921798423183,100.0
SEA -> BUR,1011,0,937.0,0.0,SEA,BUR,3952,84.21052631578947,100.0
PHX -> TPA,998,0,1788.0,0.0,PHX,TPA,3953,84.23183464734711,100.0
RNO -> SLC,953,0,422.0,0.0,RNO,SLC,3954,84.25314297890475,100.0
SLC -> RNO,953,0,422.0,0.0,SLC,RNO,3955,84.2744513104624,100.0
SLC -> ABQ,949,0,493.0,0.0,SLC,ABQ,3956,84.29575964202003,100.0
SLC -> ONT,940,0,558.0,0.0,SLC,ONT,3957,84.31706797357766,100.0
SLC -> TUS,939,0,601.0,0.0,SLC,TUS,3958,84.33837630513531,100.0
SLC -> PSC,932,0,521.0,0.0,SLC,PSC,3959,84.35968463669295,100.0
PHX -> GEG,922,0,1020.0,0.0,PHX,GEG,3960,84.3809929682506,100.0
MSP -> SNA,916,0,1522.0,0.0,MSP,SNA,3961,84.40230129980823,100.0
MSP -> RSW,915,0,1416.0,0.0,MSP,RSW,3962,84.42360963136586,100.0
SNA -> MSP,915,0,1522.0,0.0,SNA,MSP,3963,84.44491796292351,100.0
SLC -> GTF,887,0,463.0,0.0,SLC,GTF,3964,84.46622629448115,100.0
SLC -> HLN,870,0,402.0,0.0,SLC,HLN,3965,84.48753462603878,100.0
FLL -> DAL,860,0,1108.0,0.0,FLL,DAL,3966,84.50884295759641,100.0
IND -> LAS,859,0,1590.0,0.0,IND,LAS,3967,84.53015128915405,100.0
KOA -> OGG,857,0,84.0,0.0,KOA,OGG,3968,84.5514596207117,100.0
SLC -> FAT,856,0,501.0,0.0,SLC,FAT,3969,84.57276795226933,100.0
LAS -> IND,850,0,1590.0,0.0,LAS,IND,3970,84.59407628382698,100.0
OMA -> LAS,833,0,1099.0,0.0,OMA,LAS,3971,84.61538461538461,100.0
OGG -> KOA,814,0,84.0,0.0,OGG,KOA,3972,84.63669294694225,100.0
HNL -> LAS,811,0,2762.0,0.0,HNL,LAS,3973,84.6580012784999,100.0
LAS -> HNL,811,0,2762.0,0.0,LAS,HNL,3974,84.67930961005753,100.0
LAX -> RDU,804,0,2239.0,0.0,LAX,RDU,3975,84.70061794161518,100.0
RDU -> LAX,803,0,2239.0,0.0,RDU,LAX,3976,84.72192627317281,100.0
LAX -> IND,786,0,1814.0,0.0,LAX,IND,3977,84.74323460473045,100.0
MSP -> GEG,770,0,1175.0,0.0,MSP,GEG,3978,84.7645429362881,100.0
HNL -> PDX,714,0,2603.0,0.0,HNL,PDX,3979,84.78585126784573,100.0
PDX -> HNL,714,0,2603.0,0.0,PDX,HNL,3980,84.80715959940338,100.0
SAN -> DTW,709,0,1956.0,0.0,SAN,DTW,3981,84.82846793096101,100.0
DTW -> SAN,707,0,1956.0,0.0,DTW,SAN,3982,84.84977626251865,100.0
MSP -> BOI,702,0,1142.0,0.0,MSP,BOI,3983,84.87108459407628,100.0
MSP -> BZN,689,0,874.0,0.0,MSP,BZN,3984,84.89239292563391,100.0
BZN -> MSP,688,0,874.0,0.0,BZN,MSP,3985,84.91370125719156,100.0
FLL -> MCO,667,0,177.0,0.0,FLL,MCO,3986,84.9350095887492,100.0
SEA -> DCA,657,0,2329.0,0.0,SEA,DCA,3987,84.95631792030684,100.0
LAS -> BOI,655,0,519.0,0.0,LAS,BOI,3988,84.97762625186448,100.0
MFR -> SLC,653,0,575.0,0.0,MFR,SLC,3989,84.99893458342211,100.0
SLC -> MFR,653,0,575.0,0.0,SLC,MFR,3990,85.02024291497976,100.0
LAS -> ELP,651,0,583.0,0.0,LAS,ELP,3991,85.0415512465374,100.0
MSP -> BIL,644,0,748.0,0.0,MSP,BIL,3992,85.06285957809504,100.0
BIL -> MSP,643,0,748.0,0.0,BIL,MSP,3993,85.08416790965268,100.0
SAN -> HNL,639,0,2614.0,0.0,SAN,HNL,3994,85.10547624121031,100.0
AUS -> SAN,628,0,1164.0,0.0,AUS,SAN,3995,85.12678457276796,100.0
SAT -> SAN,628,0,1129.0,0.0,SAT,SAN,3996,85.1480929043256,100.0
BWI -> SJU,621,0,1565.0,0.0,BWI,SJU,3997,85.16940123588324,100.0
SJU -> BWI,621,0,1565.0,0.0,SJU,BWI,3998,85.19070956744088,100.0
GJT -> SLC,618,0,216.0,0.0,GJT,SLC,3999,85.21201789899851,100.0
MCI -> SLC,611,0,920.0,0.0,MCI,SLC,4000,85.23332623055614,100.0
SLC -> MCI,610,0,920.0,0.0,SLC,MCI,4001,85.25463456211378,100.0
LAX -> TPA,604,0,2158.0,0.0,LAX,TPA,4002,85.27594289367143,100.0
TPA -> LAX,603,0,2158.0,0.0,TPA,LAX,4003,85.29725122522906,100.0
LAS -> PIT,598,0,1910.0,0.0,LAS,PIT,4004,85.3185595567867,100.0
PIT -> LAS,598,0,1910.0,0.0,PIT,LAS,4005,85.33986788834434,100.0
OAK -> DAL,593,0,1468.0,0.0,OAK,DAL,4006,85.36117621990198,100.0
SEA -> KOA,592,0,2688.0,0.0,SEA,KOA,4007,85.38248455145963,100.0
KOA -> SEA,591,0,2688.0,0.0,KOA,SEA,4008,85.40379288301726,100.0
LWS -> SLC,588,0,461.0,0.0,LWS,SLC,4009,85.4251012145749,100.0
SLC -> LWS,587,0,461.0,0.0,SLC,LWS,4010,85.44640954613254,100.0
PDX -> OGG,580,0,2562.0,0.0,PDX,OGG,4011,85.46771787769018,100.0
ANC -> MSP,575,0,2519.0,0.0,ANC,MSP,4012,85.48902620924783,100.0
MSP -> ANC,575,0,2519.0,0.0,MSP,ANC,4013,85.51033454080546,100.0
TPA -> LAS,573,0,1984.0,0.0,TPA,LAS,4014,85.5316428723631,100.0
LAS -> TPA,572,0,1984.0,0.0,LAS,TPA,4015,85.55295120392074,100.0
SEA -> LIH,562,0,2701.0,0.0,SEA,LIH,4016,85.57425953547838,100.0
SAT -> SLC,557,0,1087.0,0.0,SAT,SLC,4017,85.59556786703601,100.0
SLC -> SAT,556,0,1087.0,0.0,SLC,SAT,4018,85.61687619859364,100.0
MSP -> SMF,541,0,1517.0,0.0,MSP,SMF,4019,85.63818453015128,100.0
SMF -> MSP,541,0,1517.0,0.0,SMF,MSP,4020,85.65949286170893,100.0
CVG -> LAX,533,0,1900.0,0.0,CVG,LAX,4021,85.68080119326656,100.0
LAX -> CVG,533,0,1900.0,0.0,LAX,CVG,4022,85.70210952482421,100.0
SNA -> DAL,529,0,1216.0,0.0,SNA,DAL,4023,85.72341785638184,100.0
SLC -> CVG,522,0,1450.0,0.0,SLC,CVG,4024,85.74472618793948,100.0
CVG -> SLC,521,0,1450.0,0.0,CVG,SLC,4025,85.76603451949713,100.0
HNL -> OAK,520,0,2409.0,0.0,HNL,OAK,4026,85.78734285105476,100.0
MCO -> SAN,505,0,2149.0,0.0,MCO,SAN,4027,85.80865118261241,100.0
SAN -> MCO,505,0,2149.0,0.0,SAN,MCO,4028,85.82995951417004,100.0
SEA -> MCI,489,0,1489.0,0.0,SEA,MCI,4029,85.85126784572768,100.0
FLL -> STL,488,0,1056.5594262295083,0.0,FLL,STL,4030,85.87257617728532,100.0
MCI -> SEA,488,0,1489.0,0.0,MCI,SEA,4031,85.89388450884296,100.0
SEA -> STL,483,0,1709.0,0.0,SEA,STL,4032,85.91519284040061,100.0
MCI -> SAN,481,0,1334.0,0.0,MCI,SAN,4033,85.93650117195824,100.0
SLC -> OMA,480,0,840.0,0.0,SLC,OMA,4034,85.95780950351588,100.0
SAN -> MCI,479,0,1334.0,0.0,SAN,MCI,4035,85.97911783507351,100.0
MEM -> MSP,465,0,700.0,0.0,MEM,MSP,4036,86.00042616663114,100.0
MSP -> CVG,458,0,596.0,0.0,MSP,CVG,4037,86.02173449818879,100.0
MSP -> SJC,458,0,1576.0,0.0,MSP,SJC,4038,86.04304282974643,100.0
SJC -> MSP,458,0,1576.0,0.0,SJC,MSP,4039,86.06435116130406,100.0
BQN -> MCO,441,0,1129.0,0.0,BQN,MCO,4040,86.08565949286171,100.0
MCO -> BQN,441,0,1129.0,0.0,MCO,BQN,4041,86.10696782441934,100.0
SEA -> MCO,439,0,2554.0,0.0,SEA,MCO,4042,86.12827615597699,100.0
MSP -> TUL,434,0,615.0,0.0,MSP,TUL,4043,86.14958448753463,100.0
MSP -> MSO,430,0,1013.0,0.0,MSP,MSO,4044,86.17089281909226,100.0
MSO -> MSP,428,0,1013.0,0.0,MSO,MSP,4045,86.19220115064991,100.0
MSP -> MEM,428,0,700.0,0.0,MSP,MEM,4046,86.21350948220754,100.0
CLT -> AUS,422,0,1032.0,0.0,CLT,AUS,4047,86.23481781376519,100.0
CVG -> RSW,420,0,879.0,0.0,CVG,RSW,4048,86.25612614532282,100.0
DEN -> ANC,418,0,2405.0,0.0,DEN,ANC,4049,86.27743447688047,100.0
PHX -> MSY,398,0,1300.0,0.0,PHX,MSY,4050,86.2987428084381,100.0
LAX -> ANC,382,0,2345.0,0.0,LAX,ANC,4051,86.32005113999574,100.0
SAN -> OGG,381,0,2541.0,0.0,SAN,OGG,4052,86.34135947155337,100.0
MKE -> LAX,380,0,1756.0,0.0,MKE,LAX,4053,86.36266780311101,100.0
MKE -> SFO,380,0,1845.0,0.0,MKE,SFO,4054,86.38397613466866,100.0
OGG -> SAN,380,0,2541.0,0.0,OGG,SAN,4055,86.40528446622629,100.0
SEA -> TUS,372,0,1216.0,0.0,SEA,TUS,4056,86.42659279778393,100.0
DTW -> PBI,363,0,1086.0,0.0,DTW,PBI,4057,86.44790112934157,100.0
PBI -> DTW,363,0,1086.0,0.0,PBI,DTW,4058,86.46920946089921,100.0
SDF -> LAS,342,0,1624.0,0.0,SDF,LAS,4059,86.49051779245686,100.0
OAK -> KOA,335,0,2378.0,0.0,OAK,KOA,4060,86.51182612401449,100.0
BHM -> LAS,334,0,1618.0,0.0,BHM,LAS,4061,86.53313445557212,100.0
DCA -> PDX,334,0,2350.0,0.0,DCA,PDX,4062,86.55444278712977,100.0
FLL -> SEA,334,0,2717.0,0.0,FLL,SEA,4063,86.5757511186874,100.0
FNT -> LAS,334,0,1733.0,0.0,FNT,LAS,4064,86.59705945024506,100.0
HNL -> SMF,334,0,2462.0,0.0,HNL,SMF,4065,86.61836778180269,100.0
HOU -> PNS,334,0,488.0,0.0,HOU,PNS,4066,86.63967611336032,100.0
JNU -> KTN,334,0,234.0,0.0,JNU,KTN,4067,86.66098444491797,100.0
KOA -> OAK,334,0,2378.0,0.0,KOA,OAK,4068,86.6822927764756,100.0
LAS -> BHM,334,0,1618.0,0.0,LAS,BHM,4069,86.70360110803324,100.0
MCI -> PDX,334,0,1482.0,0.0,MCI,PDX,4070,86.72490943959087,100.0
OGG -> SMF,334,0,2404.0,0.0,OGG,SMF,4071,86.74621777114851,100.0
PDX -> DCA,334,0,2350.0,0.0,PDX,DCA,4072,86.76752610270616,100.0
PHX -> LIT,334,0,1136.0,0.0,PHX,LIT,4073,86.78883443426379,100.0
PHX -> SDF,334,0,1506.0,0.0,PHX,SDF,4074,86.81014276582144,100.0
SEA -> FLL,334,0,2717.0,0.0,SEA,FLL,4075,86.83145109737907,100.0
SEA -> MSY,334,0,2086.0,0.0,SEA,MSY,4076,86.85275942893671,100.0
SEA -> SAT,334,0,1774.0,0.0,SEA,SAT,4077,86.87406776049436,100.0
SEA -> TPA,334,0,2520.0,0.0,SEA,TPA,4078,86.89537609205199,100.0
SMF -> HNL,334,0,2462.0,0.0,SMF,HNL,4079,86.91668442360964,100.0
SMF -> OGG,334,0,2404.0,0.0,SMF,OGG,4080,86.93799275516727,100.0
TPA -> SEA,334,0,2520.0,0.0,TPA,SEA,4081,86.9593010867249,100.0
TUL -> LAS,334,0,1076.0,0.0,TUL,LAS,4082,86.98060941828255,100.0
PDX -> MCI,333,0,1482.0,0.0,PDX,MCI,4083,87.00191774984019,100.0
ANC -> CDV,331,0,160.0,0.0,ANC,CDV,4084,87.02322608139784,100.0
DEN -> BHM,330,0,1083.0,0.0,DEN,BHM,4085,87.04453441295547,100.0
MSP -> MSY,330,0,1039.0,0.0,MSP,MSY,4086,87.0658427445131,100.0
MSY -> MSP,329,0,1039.0,0.0,MSY,MSP,4087,87.08715107607074,100.0
FLL -> MCI,327,0,1242.0,0.0,FLL,MCI,4088,87.10845940762837,100.0
TPA -> SAT,325,0,972.0,0.0,TPA,SAT,4089,87.12976773918602,100.0
IAH -> ISN,321,0,1330.0,0.0,IAH,ISN,4090,87.15107607074366,100.0
ATL -> RST,317,0,831.0,0.0,ATL,RST,4091,87.17238440230129,100.0
ABQ -> MCI,315,0,718.0,0.0,ABQ,MCI,4092,87.19369273385894,100.0
MCI -> ABQ,315,0,718.0,0.0,MCI,ABQ,4093,87.21500106541657,100.0
CVG -> TPA,314,0,773.0,0.0,CVG,TPA,4094,87.23630939697422,100.0
HNL -> JFK,314,0,4983.0,0.0,HNL,JFK,4095,87.25761772853186,100.0
JFK -> HNL,314,0,4983.0,0.0,JFK,HNL,4096,87.27892606008949,100.0
TPA -> CVG,313,0,773.0,0.0,TPA,CVG,4097,87.30023439164714,100.0
FLL -> CMH,312,0,973.0,0.0,FLL,CMH,4098,87.32154272320477,100.0
ATL -> COS,305,0,1184.0,0.0,ATL,COS,4099,87.34285105476242,100.0
COS -> ATL,305,0,1184.0,0.0,COS,ATL,4100,87.36415938632005,100.0
SLC -> MSY,305,0,1428.0,0.0,SLC,MSY,4101,87.38546771787769,100.0
MSY -> SLC,304,0,1428.0,0.0,MSY,SLC,4102,87.40677604943534,100.0
MCI -> OAK,296,0,1489.0,0.0,MCI,OAK,4103,87.42808438099297,100.0
OAK -> MCI,296,0,1489.0,0.0,OAK,MCI,4104,87.4493927125506,100.0
TUL -> SLC,289,0,926.0,0.0,TUL,SLC,4105,87.47070104410824,100.0
PHX -> KOA,288,0,2860.0,0.0,PHX,KOA,4106,87.49200937566587,100.0
SLC -> TUL,288,0,926.0,0.0,SLC,TUL,4107,87.51331770722352,100.0
JFK -> OAK,284,0,2576.0,0.0,JFK,OAK,4108,87.53462603878116,100.0
PDX -> PSP,278,0,873.0,0.0,PDX,PSP,4109,87.5559343703388,100.0
ANC -> HNL,275,0,2777.0,0.0,ANC,HNL,4110,87.57724270189644,100.0
HNL -> ANC,275,0,2777.0,0.0,HNL,ANC,4111,87.59855103345407,100.0
LAS -> ALB,274,0,2237.0,0.0,LAS,ALB,4112,87.61985936501172,100.0
FWA -> MSP,273,0,488.0,0.0,FWA,MSP,4113,87.64116769656935,100.0
PHX -> RDU,259,0,1891.0,0.0,PHX,RDU,4114,87.662476028127,100.0
RDU -> PHX,258,0,1891.0,0.0,RDU,PHX,4115,87.68378435968464,100.0
DTW -> SYR,257,0,374.0,0.0,DTW,SYR,4116,87.70509269124229,100.0
MEM -> LAX,257,0,1619.0,0.0,MEM,LAX,4117,87.72640102279992,100.0
PDX -> CLT,256,0,2282.0,0.0,PDX,CLT,4118,87.74770935435755,100.0
LAX -> MEM,255,0,1619.0,0.0,LAX,MEM,4119,87.7690176859152,100.0
CLT -> PDX,254,0,2282.0,0.0,CLT,PDX,4120,87.79032601747284,100.0
LAX -> SMX,248,0,134.0,0.0,LAX,SMX,4121,87.81163434903047,100.0
MSP -> INL,243,0,255.0,0.0,MSP,INL,4122,87.8329426805881,100.0
SAT -> MSY,240,0,494.0,0.0,SAT,MSY,4123,87.85425101214574,100.0
DAL -> MKE,238,0,850.0,0.0,DAL,MKE,4124,87.87555934370339,100.0
CMH -> DAL,237,0,919.0,0.0,CMH,DAL,4125,87.89686767526102,100.0
DAL -> CMH,237,0,919.0,0.0,DAL,CMH,4126,87.91817600681867,100.0
DAL -> IND,237,0,755.0,0.0,DAL,IND,4127,87.9394843383763,100.0
IND -> DAL,237,0,755.0,0.0,IND,DAL,4128,87.96079266993394,100.0
SMF -> DAL,237,0,1442.0,0.0,SMF,DAL,4129,87.98210100149159,100.0
CVG -> SFO,231,0,2036.0,0.0,CVG,SFO,4130,88.00340933304922,100.0
SFO -> CVG,230,0,2036.0,0.0,SFO,CVG,4131,88.02471766460687,100.0
ABQ -> PDX,229,0,1111.0,0.0,ABQ,PDX,4132,88.0460259961645,100.0
PDX -> ABQ,228,0,1111.0,0.0,PDX,ABQ,4133,88.06733432772214,100.0
PHL -> STT,227,0,1605.0,0.0,PHL,STT,4134,88.08864265927978,100.0
DTW -> PDX,223,0,1953.0,0.0,DTW,PDX,4135,88.10995099083742,100.0
PDX -> DTW,223,0,1953.0,0.0,PDX,DTW,4136,88.13125932239507,100.0
LAS -> BLI,218,0,954.0,0.0,LAS,BLI,4137,88.1525676539527,100.0
BLI -> LAS,217,0,954.0,0.0,BLI,LAS,4138,88.17387598551034,100.0
MDW -> RNO,216,0,1680.0,0.0,MDW,RNO,4139,88.19518431706797,100.0
ABQ -> MSP,215,0,981.0,0.0,ABQ,MSP,4140,88.2164926486256,100.0
BOS -> CMH,215,0,640.0,0.0,BOS,CMH,4141,88.23780098018325,100.0
MSY -> SFO,214,0,1911.0,0.0,MSY,SFO,4142,88.25910931174089,100.0
MSP -> ABQ,213,0,981.0,0.0,MSP,ABQ,4143,88.28041764329852,100.0
BWI -> ECP,209,0,798.0,0.0,BWI,ECP,4144,88.30172597485617,100.0
ECP -> BWI,209,0,798.0,0.0,ECP,BWI,4145,88.3230343064138,100.0
SLC -> WYS,208,0,273.0,0.0,SLC,WYS,4146,88.34434263797145,100.0
WYS -> SLC,208,0,273.0,0.0,WYS,SLC,4147,88.36565096952909,100.0
MIA -> AUS,207,0,1103.0,0.0,MIA,AUS,4148,88.38695930108672,100.0
MIA -> SAT,207,0,1143.0,0.0,MIA,SAT,4149,88.40826763264437,100.0
SAT -> MIA,206,0,1143.0,0.0,SAT,MIA,4150,88.429575964202,100.0
PHX -> DSM,204,0,1149.2745098039215,0.0,PHX,DSM,4151,88.45088429575965,100.0
DSM -> PHX,203,0,1149.2758620689656,0.0,DSM,PHX,4152,88.47219262731728,100.0
LIH -> SAN,199,0,2676.0,0.0,LIH,SAN,4153,88.49350095887492,100.0
SAN -> LIH,199,0,2676.0,0.0,SAN,LIH,4154,88.51480929043257,100.0
BUF -> MSP,197,0,735.0,0.0,BUF,MSP,4155,88.5361176219902,100.0
CLT -> SMF,195,0,2244.0,0.0,CLT,SMF,4156,88.55742595354783,100.0
MSP -> BUF,195,0,735.0,0.0,MSP,BUF,4157,88.57873428510547,100.0
SJC -> KOA,193,0,2384.0,0.0,SJC,KOA,4158,88.60004261666312,100.0
LIH -> OAK,191,0,2457.0,0.0,LIH,OAK,4159,88.62135094822075,100.0
OAK -> LIH,191,0,2457.0,0.0,OAK,LIH,4160,88.64265927977839,100.0
LIH -> SJC,190,0,2466.0,0.0,LIH,SJC,4161,88.66396761133603,100.0
SJC -> LIH,190,0,2466.0,0.0,SJC,LIH,4162,88.68527594289367,100.0
IAD -> MSY,188,0,955.0,0.0,IAD,MSY,4163,88.7065842744513,100.0
SEA -> BNA,185,0,1978.0,0.0,SEA,BNA,4164,88.72789260600895,100.0
SAN -> STL,184,0,1557.0,0.0,SAN,STL,4165,88.74920093756658,100.0
STL -> SAN,184,0,1557.0,0.0,STL,SAN,4166,88.77050926912423,100.0
SFO -> BZN,182,0,807.0,0.0,SFO,BZN,4167,88.79181760068187,100.0
BOS -> ACY,181,0,274.0,0.0,BOS,ACY,4168,88.8131259322395,100.0
MSP -> TUS,179,0,1298.0,0.0,MSP,TUS,4169,88.83443426379715,100.0
BNA -> OAK,177,0,1959.0,0.0,BNA,OAK,4170,88.85574259535478,100.0
KOA -> PDX,177,0,2607.0,0.0,KOA,PDX,4171,88.87705092691243,100.0
MSY -> OAK,177,0,1903.0,0.0,MSY,OAK,4172,88.89835925847007,100.0
OAK -> BNA,177,0,1959.0,0.0,OAK,BNA,4173,88.9196675900277,100.0
OAK -> MSY,177,0,1903.0,0.0,OAK,MSY,4174,88.94097592158533,100.0
PDX -> KOA,177,0,2607.0,0.0,PDX,KOA,4175,88.96228425314298,100.0
SAV -> DTW,174,0,705.0,0.0,SAV,DTW,4176,88.98359258470062,100.0
MSP -> SYR,172,0,860.0,0.0,MSP,SYR,4177,89.00490091625825,100.0
SYR -> MSP,172,0,860.0,0.0,SYR,MSP,4178,89.02620924781588,100.0
IAH -> MTJ,171,0,927.0,0.0,IAH,MTJ,4179,89.04751757937353,100.0
MTJ -> IAH,171,0,927.0,0.0,MTJ,IAH,4180,89.06882591093117,100.0
JFK -> RNO,169,0,2411.0,0.0,JFK,RNO,4181,89.09013424248882,100.0
ECP -> STL,164,0,634.0,0.0,ECP,STL,4182,89.11144257404645,100.0
STL -> ECP,164,0,634.0,0.0,STL,ECP,4183,89.1327509056041,100.0
CLT -> ILM,162,0,185.0,0.0,CLT,ILM,4184,89.15405923716173,100.0
ILM -> CLT,161,0,185.0,0.0,ILM,CLT,4185,89.17536756871937,100.0
TPA -> GRR,161,0,1041.0,0.0,TPA,GRR,4186,89.19667590027701,100.0
DTW -> CMH,160,0,155.0,0.0,DTW,CMH,4187,89.21798423183465,100.0
DTW -> SAV,159,0,705.0,0.0,DTW,SAV,4188,89.2392925633923,100.0
JFK -> PIT,158,0,340.0,0.0,JFK,PIT,4189,89.26060089494993,100.0
AUS -> SNA,156,0,1209.0,0.0,AUS,SNA,4190,89.28190922650757,100.0
AUS -> STL,156,0,721.0,0.0,AUS,STL,4191,89.3032175580652,100.0
BLI -> HNL,156,0,2715.0,0.0,BLI,HNL,4192,89.32452588962285,100.0
HNL -> BLI,156,0,2715.0,0.0,HNL,BLI,4193,89.34583422118048,100.0
SNA -> AUS,156,0,1209.0,0.0,SNA,AUS,4194,89.36714255273812,100.0
STL -> AUS,156,0,721.0,0.0,STL,AUS,4195,89.38845088429575,100.0
MSP -> PSP,155,0,1454.0,0.0,MSP,PSP,4196,89.4097592158534,100.0
PDX -> STL,153,0,1708.0,0.0,PDX,STL,4197,89.43106754741103,100.0
DAL -> ECP,152,0,674.0,0.0,DAL,ECP,4198,89.45237587896868,100.0
ECP -> DAL,152,0,674.0,0.0,ECP,DAL,4199,89.47368421052632,100.0
CLE -> SEA,151,0,2021.0,0.0,CLE,SEA,4200,89.49499254208395,100.0
HOU -> SEA,147,0,1894.0,0.0,HOU,SEA,4201,89.5163008736416,100.0
ORD -> ACY,147,0,720.0,0.0,ORD,ACY,4202,89.53760920519923,100.0
CLT -> GSO,143,0,83.0,0.0,CLT,GSO,4203,89.55891753675688,100.0
GSO -> CLT,142,0,83.0,0.0,GSO,CLT,4204,89.58022586831451,100.0
BMI -> DTW,136,0,313.0,0.0,BMI,DTW,4205,89.60153419987215,100.0
DTW -> BMI,136,0,313.0,0.0,DTW,BMI,4206,89.6228425314298,100.0
JAC -> MSP,134,0,872.0,0.0,JAC,MSP,4207,89.64415086298743,100.0
DEN -> GSO,133,0,1370.0,0.0,DEN,GSO,4208,89.66545919454506,100.0
GSO -> DEN,133,0,1370.0,0.0,GSO,DEN,4209,89.68676752610271,100.0
MSP -> JAC,133,0,872.0,0.0,MSP,JAC,4210,89.70807585766035,100.0
CVG -> SEA,131,0,1965.0,0.0,CVG,SEA,4211,89.72938418921798,100.0
SEA -> CVG,131,0,1965.0,0.0,SEA,CVG,4212,89.75069252077562,100.0
ORD -> FCA,130,0,1352.0,0.0,ORD,FCA,4213,89.77200085233326,100.0
AUS -> MSP,124,0,1042.0,0.0,AUS,MSP,4214,89.7933091838909,100.0
FAI -> MSP,124,0,2466.0,0.0,FAI,MSP,4215,89.81461751544853,100.0
MSP -> FAI,124,0,2466.0,0.0,MSP,FAI,4216,89.83592584700618,100.0
JAX -> LAS,123,0,1965.0,0.0,JAX,LAS,4217,89.85723417856381,100.0
LAS -> JAX,123,0,1965.0,0.0,LAS,JAX,4218,89.87854251012146,100.0
MSP -> ROC,123,0,783.0,0.0,MSP,ROC,4219,89.8998508416791,100.0
ROC -> MSP,123,0,783.0,0.0,ROC,MSP,4220,89.92115917323673,100.0
JFK -> MVY,121,0,173.0,0.0,JFK,MVY,4221,89.94246750479438,100.0
MVY -> JFK,121,0,173.0,0.0,MVY,JFK,4222,89.96377583635201,100.0
DFW -> ANC,119,0,3043.0,0.0,DFW,ANC,4223,89.98508416790966,100.0
ANC -> LGB,118,0,2360.0,0.0,ANC,LGB,4224,90.0063924994673,100.0
LGB -> ANC,118,0,2360.0,0.0,LGB,ANC,4225,90.02770083102493,100.0
DAY -> TPA,117,0,828.0,0.0,DAY,TPA,4226,90.04900916258258,100.0
KOA -> SAN,117,0,2556.0,0.0,KOA,SAN,4227,90.07031749414021,100.0
TPA -> DAY,117,0,828.0,0.0,TPA,DAY,4228,90.09162582569785,100.0
SAN -> KOA,115,0,2556.0,0.0,SAN,KOA,4229,90.11293415725548,100.0
BOS -> DAL,114,0,1554.0,0.0,BOS,DAL,4230,90.13424248881311,100.0
CLT -> DAL,114,0,926.0,0.0,CLT,DAL,4231,90.15555082037076,100.0
CMH -> OAK,114,0,2110.0,0.0,CMH,OAK,4232,90.1768591519284,100.0
DAL -> BOS,114,0,1554.0,0.0,DAL,BOS,4233,90.19816748348605,100.0
DAL -> CLT,114,0,926.0,0.0,DAL,CLT,4234,90.21947581504368,100.0
DAL -> OMA,114,0,585.0,0.0,DAL,OMA,4235,90.24078414660131,100.0
DAL -> PHL,114,0,1295.0,0.0,DAL,PHL,4236,90.26209247815896,100.0
DAL -> RDU,114,0,1052.0,0.0,DAL,RDU,4237,90.2834008097166,100.0
DAL -> SLC,114,0,999.0,0.0,DAL,SLC,4238,90.30470914127424,100.0
OAK -> CMH,114,0,2110.0,0.0,OAK,CMH,4239,90.32601747283188,100.0
OGG -> ORD,114,0,4184.0,0.0,OGG,ORD,4240,90.34732580438951,100.0
OMA -> DAL,114,0,585.0,0.0,OMA,DAL,4241,90.36863413594716,100.0
ORD -> OGG,114,0,4184.0,0.0,ORD,OGG,4242,90.3899424675048,100.0
PHL -> DAL,114,0,1295.0,0.0,PHL,DAL,4243,90.41125079906244,100.0
PIT -> DAL,114,0,1060.0,0.0,PIT,DAL,4244,90.43255913062008,100.0
RDU -> DAL,114,0,1052.0,0.0,RDU,DAL,4245,90.45386746217771,100.0
SLC -> DAL,114,0,999.0,0.0,SLC,DAL,4246,90.47517579373535,100.0
MSP -> TVC,110,0,376.0,0.0,MSP,TVC,4247,90.49648412529298,100.0
MSY -> MKE,109,0,903.0,0.0,MSY,MKE,4248,90.51779245685063,100.0
TVC -> MSP,109,0,376.0,0.0,TVC,MSP,4249,90.53910078840826,100.0
HNL -> PPG,107,0,2599.0,0.0,HNL,PPG,4250,90.5604091199659,100.0
PPG -> HNL,107,0,2599.0,0.0,PPG,HNL,4251,90.58171745152355,100.0
ATL -> JAC,103,0,1572.0,0.0,ATL,JAC,4252,90.60302578308118,100.0
ANC -> ATL,102,0,3417.0,0.0,ANC,ATL,4253,90.62433411463883,100.0
ATL -> ANC,102,0,3417.0,0.0,ATL,ANC,4254,90.64564244619646,100.0
BOS -> OAK,102,0,2694.0,0.0,BOS,OAK,4255,90.66695077775411,100.0
JAC -> ATL,102,0,1572.0,0.0,JAC,ATL,4256,90.68825910931174,100.0
OAK -> BOS,102,0,2694.0,0.0,OAK,BOS,4257,90.70956744086938,100.0
PDX -> LIH,101,0,2631.0,0.0,PDX,LIH,4258,90.73087577242703,100.0
ATL -> EGE,100,0,1312.0,0.0,ATL,EGE,4259,90.75218410398466,100.0
GRR -> RSW,100,0,1147.0,0.0,GRR,RSW,4260,90.77349243554231,100.0
ABQ -> MCO,99,0,1553.0,0.0,ABQ,MCO,4261,90.79480076709994,100.0
AUS -> PDX,99,0,1715.0,0.0,AUS,PDX,4262,90.81610909865758,100.0
FAT -> PDX,99,0,626.0,0.0,FAT,PDX,4263,90.83741743021521,100.0
MCO -> ABQ,99,0,1553.0,0.0,MCO,ABQ,4264,90.85872576177285,100.0
PDX -> AUS,99,0,1715.0,0.0,PDX,AUS,4265,90.8800340933305,100.0
ANC -> SLC,98,0,2125.0,0.0,ANC,SLC,4266,90.90134242488813,100.0
SLC -> ANC,98,0,2125.0,0.0,SLC,ANC,4267,90.92265075644576,100.0
SRQ -> EWR,98,0,1034.0,0.0,SRQ,EWR,4268,90.94395908800341,100.0
ATL -> BZN,97,0,1640.0,0.0,ATL,BZN,4269,90.96526741956104,100.0
BZN -> ATL,97,0,1640.0,0.0,BZN,ATL,4270,90.98657575111869,100.0
EGE -> ATL,97,0,1312.0,0.0,EGE,ATL,4271,91.00788408267633,100.0
PHX -> CVG,96,0,1569.0,0.0,PHX,CVG,4272,91.02919241423396,100.0
ABQ -> CLT,95,0,1449.0,0.0,ABQ,CLT,4273,91.05050074579161,100.0
ATL -> HDN,95,0,1340.0,0.0,ATL,HDN,4274,91.07180907734924,100.0
CLT -> ABQ,95,0,1449.0,0.0,CLT,ABQ,4275,91.09311740890689,100.0
HDN -> ATL,95,0,1340.0,0.0,HDN,ATL,4276,91.11442574046453,100.0
BLI -> OGG,89,0,2681.0,0.0,BLI,OGG,4277,91.13573407202216,100.0
DEN -> KOA,86,0,3329.0,0.0,DEN,KOA,4278,91.15704240357981,100.0
IND -> SLC,86,0,1355.0,0.0,IND,SLC,4279,91.17835073513744,100.0
SLC -> IND,86,0,1355.0,0.0,SLC,IND,4280,91.19965906669508,100.0
MCO -> MDT,85,0,851.0,0.0,MCO,MDT,4281,91.22096739825271,100.0
MDT -> MCO,85,0,851.0,0.0,MDT,MCO,4282,91.24227572981034,100.0
ANC -> LAS,84,0,2304.0,0.0,ANC,LAS,4283,91.263584061368,100.0
BOS -> MVY,84,0,70.0,0.0,BOS,MVY,4284,91.28489239292563,100.0
LAS -> ANC,84,0,2304.0,0.0,LAS,ANC,4285,91.30620072448328,100.0
MVY -> BOS,84,0,70.0,0.0,MVY,BOS,4286,91.32750905604091,100.0
IAH -> ANC,82,0,3266.0,0.0,IAH,ANC,4287,91.34881738759854,100.0
MSP -> MBS,79,0,463.0,0.0,MSP,MBS,4288,91.37012571915619,100.0
SDF -> DTW,79,0,306.0,0.0,SDF,DTW,4289,91.39143405071383,100.0
ANC -> DLG,77,0,329.0,0.0,ANC,DLG,4290,91.41274238227147,100.0
BUF -> RSW,77,0,1144.0,0.0,BUF,RSW,4291,91.43405071382911,100.0
DLG -> ANC,77,0,329.0,0.0,DLG,ANC,4292,91.45535904538674,100.0
LAX -> PBI,77,0,2330.0,0.0,LAX,PBI,4293,91.47666737694439,100.0
PBI -> LAX,77,0,2330.0,0.0,PBI,LAX,4294,91.49797570850203,100.0
RSW -> BUF,77,0,1144.0,0.0,RSW,BUF,4295,91.51928404005967,100.0
DTW -> SRQ,75,0,1022.0,0.0,DTW,SRQ,4296,91.54059237161731,100.0
IAD -> CVG,75,0,388.0,0.0,IAD,CVG,4297,91.56190070317494,100.0
MCI -> CVG,75,0,539.0,0.0,MCI,CVG,4298,91.58320903473258,100.0
PHL -> SMF,75,0,2458.0,0.0,PHL,SMF,4299,91.60451736629021,100.0
SLC -> DSM,75,0,955.0,0.0,SLC,DSM,4300,91.62582569784786,100.0
SMF -> PHL,75,0,2458.0,0.0,SMF,PHL,4301,91.64713402940549,100.0
SRQ -> DTW,75,0,1022.0,0.0,SRQ,DTW,4302,91.66844236096313,100.0
DEN -> PBI,74,0,1679.0,0.0,DEN,PBI,4303,91.68975069252078,100.0
MBS -> MSP,74,0,463.0,0.0,MBS,MSP,4304,91.71105902407841,100.0
PBI -> DEN,73,0,1679.0,0.0,PBI,DEN,4305,91.73236735563606,100.0
CVG -> IAD,72,0,388.0,0.0,CVG,IAD,4306,91.75367568719369,100.0
CVG -> MCI,72,0,539.0,0.0,CVG,MCI,4307,91.77498401875133,100.0
IAD -> MEM,71,0,742.0,0.0,IAD,MEM,4308,91.79629235030897,100.0
MEM -> IAD,71,0,742.0,0.0,MEM,IAD,4309,91.81760068186661,100.0
ANC -> OGG,67,0,2797.0,0.0,ANC,OGG,4310,91.83890901342426,100.0
OGG -> ANC,67,0,2797.0,0.0,OGG,ANC,4311,91.86021734498189,100.0
DTW -> TYS,66,0,443.0,0.0,DTW,TYS,4312,91.88152567653952,100.0
TYS -> DTW,66,0,443.0,0.0,TYS,DTW,4313,91.90283400809717,100.0
IND -> RDU,65,0,489.0,0.0,IND,RDU,4314,91.92414233965481,100.0
ATL -> OAK,64,0,2130.0,0.0,ATL,OAK,4315,91.94545067121244,100.0
CRW -> MYR,64,0,356.0,0.0,CRW,MYR,4316,91.96675900277008,100.0
MYR -> CRW,64,0,356.0,0.0,MYR,CRW,4317,91.98806733432772,100.0
OAK -> ATL,64,0,2130.0,0.0,OAK,ATL,4318,92.00937566588536,100.0
AKN -> ANC,63,0,288.0,0.0,AKN,ANC,4319,92.03068399744299,100.0
ANC -> AKN,63,0,288.0,0.0,ANC,AKN,4320,92.05199232900064,100.0
HOU -> PDX,63,0,1843.0,0.0,HOU,PDX,4321,92.07330066055827,100.0
LAX -> HDN,63,0,763.0,0.0,LAX,HDN,4322,92.09460899211592,100.0
LAX -> OMA,63,0,1330.0,0.0,LAX,OMA,4323,92.11591732367356,100.0
MDW -> BOI,63,0,1448.0,0.0,MDW,BOI,4324,92.13722565523119,100.0
OMA -> LAX,63,0,1330.0,0.0,OMA,LAX,4325,92.15853398678884,100.0
RDU -> SEA,61,0,2354.0,0.0,RDU,SEA,4326,92.17984231834647,100.0
SEA -> RDU,61,0,2354.0,0.0,SEA,RDU,4327,92.20115064990412,100.0
SLC -> MEM,56,0,1262.0,0.0,SLC,MEM,4328,92.22245898146176,100.0
MEM -> SLC,55,0,1262.0,0.0,MEM,SLC,4329,92.24376731301939,100.0
LGA -> PWM,54,0,269.0,0.0,LGA,PWM,4330,92.26507564457704,100.0
BNA -> MIA,52,0,806.0,0.0,BNA,MIA,4331,92.28638397613467,100.0
MIA -> BNA,51,0,806.0,0.0,MIA,BNA,4332,92.3076923076923,100.0
MYR -> PBG,51,0,811.0,0.0,MYR,PBG,4333,92.32900063924994,100.0
RIC -> MIA,51,0,825.0,0.0,RIC,MIA,4334,92.35030897080759,100.0
SFO -> XNA,51,0,1550.0,0.0,SFO,XNA,4335,92.37161730236522,100.0
MCI -> RSW,50,0,1155.0,0.0,MCI,RSW,4336,92.39292563392286,100.0
MIA -> RIC,50,0,825.0,0.0,MIA,RIC,4337,92.4142339654805,100.0
RSW -> MCI,50,0,1155.0,0.0,RSW,MCI,4338,92.43554229703814,100.0
CVG -> STL,49,0,308.0,0.0,CVG,STL,4339,92.45685062859577,100.0
RSW -> PVD,49,0,1200.0,0.0,RSW,PVD,4340,92.47815896015342,100.0
FNT -> RSW,48,0,1138.0,0.0,FNT,RSW,4341,92.49946729171106,100.0
HDN -> SEA,48,0,891.0,0.0,HDN,SEA,4342,92.5207756232687,100.0
RSW -> FNT,48,0,1138.0,0.0,RSW,FNT,4343,92.54208395482634,100.0
SEA -> HDN,48,0,891.0,0.0,SEA,HDN,4344,92.56339228638397,100.0
STL -> CVG,48,0,308.0,0.0,STL,CVG,4345,92.58470061794162,100.0
CAK -> LAS,47,0,1846.0,0.0,CAK,LAS,4346,92.60600894949926,100.0
LAS -> CAK,47,0,1846.0,0.0,LAS,CAK,4347,92.6273172810569,100.0
LAS -> MEM,47,0,1416.0,0.0,LAS,MEM,4348,92.64862561261454,100.0
MEM -> LAS,47,0,1416.0,0.0,MEM,LAS,4349,92.66993394417217,100.0
TUL -> MIA,47,0,1168.0,0.0,TUL,MIA,4350,92.6912422757298,100.0
BIL -> ORD,46,0,1060.0,0.0,BIL,ORD,4351,92.71255060728745,100.0
MSP -> SJU,46,0,2404.0,0.0,MSP,SJU,4352,92.73385893884509,100.0
ORD -> BIL,46,0,1060.0,0.0,ORD,BIL,4353,92.75516727040272,100.0
ORD -> STT,46,0,2116.0,0.0,ORD,STT,4354,92.77647560196036,100.0
SJU -> MSP,46,0,2404.0,0.0,SJU,MSP,4355,92.797783933518,100.0
STT -> ORD,46,0,2116.0,0.0,STT,ORD,4356,92.81909226507564,100.0
TVC -> LGA,46,0,655.0,0.0,TVC,LGA,4357,92.84040059663329,100.0
BTV -> LGA,45,0,258.0,0.0,BTV,LGA,4358,92.86170892819092,100.0
HNL -> MSP,45,0,3972.0,0.0,HNL,MSP,4359,92.88301725974856,100.0
KOA -> ANC,45,0,2874.0,0.0,KOA,ANC,4360,92.9043255913062,100.0
MSP -> HNL,45,0,3972.0,0.0,MSP,HNL,4361,92.92563392286384,100.0
TTN -> MDW,45,0,683.0,0.0,TTN,MDW,4362,92.94694225442149,100.0
ANC -> KOA,44,0,2874.0,0.0,ANC,KOA,4363,92.96825058597912,100.0
CHS -> FLL,43,0,470.0,0.0,CHS,FLL,4364,92.98955891753675,100.0
CLE -> SJU,43,0,1839.0,0.0,CLE,SJU,4365,93.0108672490944,100.0
DCA -> PVD,43,0,356.0,0.0,DCA,PVD,4366,93.03217558065204,100.0
FLL -> CHS,43,0,470.0,0.0,FLL,CHS,4367,93.05348391220967,100.0
PVD -> DCA,43,0,356.0,0.0,PVD,DCA,4368,93.07479224376732,100.0
SJU -> CLE,43,0,1839.0,0.0,SJU,CLE,4369,93.09610057532495,100.0
LEX -> LGA,42,0,604.0,0.0,LEX,LGA,4370,93.11740890688259,100.0
DEN -> LIH,41,0,3414.0,0.0,DEN,LIH,4371,93.13871723844022,100.0
LIH -> DEN,41,0,3414.0,0.0,LIH,DEN,4372,93.16002556999787,100.0
EWR -> JAC,40,0,1874.0,0.0,EWR,JAC,4373,93.1813339015555,100.0
JAC -> EWR,40,0,1874.0,0.0,JAC,EWR,4374,93.20264223311314,100.0
MCI -> SNA,40,0,1342.0,0.0,MCI,SNA,4375,93.22395056467079,100.0
MEM -> LGA,40,0,963.0,0.0,MEM,LGA,4376,93.24525889622842,100.0
SCE -> ATL,40,0,615.0,0.0,SCE,ATL,4377,93.26656722778607,100.0
SNA -> MCI,40,0,1342.0,0.0,SNA,MCI,4378,93.2878755593437,100.0
SNA -> STL,40,0,1569.0,0.0,SNA,STL,4379,93.30918389090134,100.0
STL -> SNA,40,0,1569.0,0.0,STL,SNA,4380,93.33049222245899,100.0
ATL -> FAR,39,0,1123.0,0.0,ATL,FAR,4381,93.35180055401662,100.0
ATL -> SCE,39,0,615.0,0.0,ATL,SCE,4382,93.37310888557427,100.0
FAR -> ATL,39,0,1123.0,0.0,FAR,ATL,4383,93.3944172171319,100.0
HOU -> SJU,38,0,1997.0,0.0,HOU,SJU,4384,93.41572554868954,100.0
MTJ -> PHX,38,0,419.0,0.0,MTJ,PHX,4385,93.43703388024718,100.0
PHX -> MTJ,38,0,419.0,0.0,PHX,MTJ,4386,93.45834221180482,100.0
SJU -> HOU,38,0,1997.0,0.0,SJU,HOU,4387,93.47965054336245,100.0
ATL -> STX,37,0,1638.0,0.0,ATL,STX,4388,93.50095887492009,100.0
STX -> ATL,37,0,1638.0,0.0,STX,ATL,4389,93.52226720647774,100.0
CVG -> MSN,36,0,373.0,0.0,CVG,MSN,4390,93.54357553803537,100.0
MSN -> CVG,36,0,373.0,0.0,MSN,CVG,4391,93.564883869593,100.0
ATL -> MTJ,35,0,1352.0,0.0,ATL,MTJ,4392,93.58619220115065,100.0
LGA -> MEM,35,0,963.0,0.0,LGA,MEM,4393,93.60750053270829,100.0
MTJ -> ATL,35,0,1352.0,0.0,MTJ,ATL,4394,93.62880886426593,100.0
ILG -> TPA,34,0,899.0,0.0,ILG,TPA,4395,93.65011719582357,100.0
TPA -> ILG,34,0,899.0,0.0,TPA,ILG,4396,93.6714255273812,100.0
ATL -> TVC,33,0,769.0,0.0,ATL,TVC,4397,93.69273385893885,100.0
BNA -> IAD,32,0,542.0,0.0,BNA,IAD,4398,93.71404219049649,100.0
JFK -> PSP,32,0,2378.0,0.0,JFK,PSP,4399,93.73535052205413,100.0
PBI -> PVD,32,0,1148.0,0.0,PBI,PVD,4400,93.75665885361177,100.0
PVD -> PBI,32,0,1148.0,0.0,PVD,PBI,4401,93.7779671851694,100.0
DCA -> SYR,31,0,298.0,0.0,DCA,SYR,4402,93.79927551672705,100.0
IAD -> IND,30,0,476.0,0.0,IAD,IND,4403,93.82058384828468,100.0
MDW -> PNS,30,0,781.0,0.0,MDW,PNS,4404,93.84189217984232,100.0
SLC -> RKS,30,0,162.0,0.0,SLC,RKS,4405,93.86320051139995,100.0
LAX -> MTJ,29,0,666.0,0.0,LAX,MTJ,4406,93.88450884295759,100.0
MSP -> RNO,29,0,1405.0,0.0,MSP,RNO,4407,93.90581717451524,100.0
MTJ -> SFO,29,0,791.0,0.0,MTJ,SFO,4408,93.92712550607287,100.0
RNO -> MSP,29,0,1405.0,0.0,RNO,MSP,4409,93.94843383763052,100.0
SFO -> MTJ,29,0,791.0,0.0,SFO,MTJ,4410,93.96974216918815,100.0
DEN -> OTH,27,0,1040.0,0.0,DEN,OTH,4411,93.99105050074579,100.0
ISP -> RSW,27,0,1101.0,0.0,ISP,RSW,4412,94.01235883230343,100.0
OTH -> DEN,27,0,1040.0,0.0,OTH,DEN,4413,94.03366716386107,100.0
RKS -> GCC,27,0,261.0,0.0,RKS,GCC,4414,94.05497549541872,100.0
RSW -> ISP,27,0,1101.0,0.0,RSW,ISP,4415,94.07628382697635,100.0
CHS -> SEA,26,0,2415.0,0.0,CHS,SEA,4416,94.09759215853398,100.0
SEA -> CHS,26,0,2415.0,0.0,SEA,CHS,4417,94.11890049009163,100.0
ATL -> FCA,25,0,1842.0,0.0,ATL,FCA,4418,94.14020882164927,100.0
CWA -> MSP,25,0,175.0,0.0,CWA,MSP,4419,94.16151715320692,100.0
DTW -> SJU,25,0,1930.0,0.0,DTW,SJU,4420,94.18282548476455,100.0
FCA -> ATL,25,0,1842.0,0.0,FCA,ATL,4421,94.20413381632218,100.0
MSP -> CWA,25,0,175.0,0.0,MSP,CWA,4422,94.22544214787982,100.0
RAP -> IAH,25,0,1058.0,0.0,RAP,IAH,4423,94.24675047943745,100.0
SJU -> DTW,25,0,1930.0,0.0,SJU,DTW,4424,94.2680588109951,100.0
IAH -> RAP,24,0,1058.0,0.0,IAH,RAP,4425,94.28936714255273,100.0
MSP -> ASE,24,0,802.0,0.0,MSP,ASE,4426,94.31067547411037,100.0
EWR -> MTJ,23,0,1795.0,0.0,EWR,MTJ,4427,94.33198380566802,100.0
HDN -> ORD,23,0,1009.0,0.0,HDN,ORD,4428,94.35329213722565,100.0
IND -> IAD,23,0,476.0,0.0,IND,IAD,4429,94.3746004687833,100.0
JAC -> SEA,23,0,621.0,0.0,JAC,SEA,4430,94.39590880034093,100.0
ORD -> HDN,23,0,1009.0,0.0,ORD,HDN,4431,94.41721713189857,100.0
SEA -> JAC,23,0,621.0,0.0,SEA,JAC,4432,94.43852546345622,100.0
IAH -> STT,22,0,2070.0,0.0,IAH,STT,4433,94.45983379501385,100.0
STT -> IAH,22,0,2070.0,0.0,STT,IAH,4434,94.4811421265715,100.0
BZN -> IAH,21,0,1385.0,0.0,BZN,IAH,4435,94.50245045812913,100.0
IAH -> BZN,21,0,1385.0,0.0,IAH,BZN,4436,94.52375878968677,100.0
MSP -> PIA,20,0,342.0,0.0,MSP,PIA,4437,94.54506712124441,100.0
ATL -> AZO,19,0,596.0,0.0,ATL,AZO,4438,94.56637545280205,100.0
GUC -> ORD,19,0,1031.0,0.0,GUC,ORD,4439,94.58768378435968,100.0
IDA -> MSP,19,0,939.0,0.0,IDA,MSP,4440,94.60899211591732,100.0
MSP -> IDA,19,0,939.0,0.0,MSP,IDA,4441,94.63030044747495,100.0
ORD -> GUC,19,0,1031.0,0.0,ORD,GUC,4442,94.6516087790326,100.0
PIA -> MSP,19,0,342.0,0.0,PIA,MSP,4443,94.67291711059023,100.0
HOU -> RSW,18,0,853.0,0.0,HOU,RSW,4444,94.69422544214788,100.0
MKE -> SAN,18,0,1739.0,0.0,MKE,SAN,4445,94.71553377370552,100.0
MQT -> DTW,18,0,349.0,0.0,MQT,DTW,4446,94.73684210526315,100.0
RSW -> HOU,18,0,853.0,0.0,RSW,HOU,4447,94.7581504368208,100.0
SAN -> MKE,18,0,1739.0,0.0,SAN,MKE,4448,94.77945876837843,100.0
EWR -> HDN,17,0,1728.0,0.0,EWR,HDN,4449,94.80076709993608,100.0
HDN -> EWR,17,0,1728.0,0.0,HDN,EWR,4450,94.82207543149372,100.0
ATL -> MBS,15,0,683.0,0.0,ATL,MBS,4451,94.84338376305135,100.0
ATL -> MSO,15,0,1800.0,0.0,ATL,MSO,4452,94.864692094609,100.0
ATL -> RAP,15,0,1230.0,0.0,ATL,RAP,4453,94.88600042616663,100.0
ELM -> ATL,15,0,717.0,0.0,ELM,ATL,4454,94.90730875772428,100.0
HDN -> IAD,15,0,1582.0,0.0,HDN,IAD,4455,94.92861708928191,100.0
IAD -> HDN,15,0,1582.0,0.0,IAD,HDN,4456,94.94992542083955,100.0
MSO -> ATL,15,0,1800.0,0.0,MSO,ATL,4457,94.97123375239718,100.0
RAP -> ATL,15,0,1230.0,0.0,RAP,ATL,4458,94.99254208395482,100.0
BDL -> CVG,14,0,661.0,0.0,BDL,CVG,4459,95.01385041551247,100.0
LAN -> ATL,14,0,631.0,0.0,LAN,ATL,4460,95.0351587470701,100.0
SDF -> IAD,14,0,451.0,0.0,SDF,IAD,4461,95.05646707862775,100.0
SFO -> HDN,14,0,838.0,0.0,SFO,HDN,4462,95.07777541018538,100.0
ATL -> LAN,13,0,631.0,0.0,ATL,LAN,4463,95.09908374174302,100.0
BIL -> SEA,13,0,664.0,0.0,BIL,SEA,4464,95.12039207330066,100.0
IAD -> JAX,13,0,630.0,0.0,IAD,JAX,4465,95.1417004048583,100.0
JAX -> IAD,13,0,630.0,0.0,JAX,IAD,4466,95.16300873641595,100.0
MSO -> SEA,13,0,389.0,0.0,MSO,SEA,4467,95.18431706797358,100.0
SEA -> BIL,13,0,664.0,0.0,SEA,BIL,4468,95.20562539953121,100.0
SEA -> MSO,13,0,389.0,0.0,SEA,MSO,4469,95.22693373108886,100.0
CVG -> BDL,12,0,661.0,0.0,CVG,BDL,4470,95.2482420626465,100.0
CVG -> RDU,12,0,390.0,0.0,CVG,RDU,4471,95.26955039420415,100.0
CHS -> CLE,11,0,595.0,0.0,CHS,CLE,4472,95.29085872576178,100.0
CHS -> PHL,11,0,550.0,0.0,CHS,PHL,4473,95.31216705731941,100.0
CLE -> CHS,11,0,595.0,0.0,CLE,CHS,4474,95.33347538887705,100.0
PHL -> CHS,11,0,550.0,0.0,PHL,CHS,4475,95.35478372043468,100.0
BZN -> LGA,10,0,1894.0,0.0,BZN,LGA,4476,95.37609205199233,100.0
IAD -> CLT,10,0,322.0,0.0,IAD,CLT,4477,95.39740038354996,100.0
LGA -> BZN,10,0,1894.0,0.0,LGA,BZN,4478,95.4187087151076,100.0
ALB -> DEN,9,0,1610.0,0.0,ALB,DEN,4479,95.44001704666525,100.0
COD -> ORD,9,0,1077.0,0.0,COD,ORD,4480,95.46132537822288,100.0
DEN -> ALB,9,0,1610.0,0.0,DEN,ALB,4481,95.48263370978053,100.0
HOU -> SLC,9,0,1214.0,0.0,HOU,SLC,4482,95.50394204133816,100.0
IAD -> STL,9,0,696.0,0.0,IAD,STL,4483,95.5252503728958,100.0
LAS -> MHT,9,0,2356.0,0.0,LAS,MHT,4484,95.54655870445345,100.0
MBS -> ATL,9,0,683.0,0.0,MBS,ATL,4485,95.56786703601108,100.0
MDW -> PWM,9,0,895.0,0.0,MDW,PWM,4486,95.58917536756873,100.0
MHT -> LAS,9,0,2356.0,0.0,MHT,LAS,4487,95.61048369912636,100.0
ORD -> COD,9,0,1077.0,0.0,ORD,COD,4488,95.631792030684,100.0
ORF -> TPA,9,0,717.0,0.0,ORF,TPA,4489,95.65310036224164,100.0
PWM -> MDW,9,0,895.0,0.0,PWM,MDW,4490,95.67440869379928,100.0
SLC -> HOU,9,0,1214.0,0.0,SLC,HOU,4491,95.69571702535691,100.0
STL -> IAD,9,0,696.0,0.0,STL,IAD,4492,95.71702535691455,100.0
TPA -> ORF,9,0,717.0,0.0,TPA,ORF,4493,95.73833368847218,100.0
AUS -> MEM,8,0,559.0,0.0,AUS,MEM,4494,95.75964202002983,100.0
CLT -> SDF,8,0,335.0,0.0,CLT,SDF,4495,95.78095035158746,100.0
DTW -> RST,8,0,477.0,0.0,DTW,RST,4496,95.80225868314511,100.0
EWR -> MYR,8,0,550.0,0.0,EWR,MYR,4497,95.82356701470275,100.0
GSP -> IAD,8,0,384.0,0.0,GSP,IAD,4498,95.84487534626038,100.0
GSP -> LGA,8,0,610.0,0.0,GSP,LGA,4499,95.86618367781803,100.0
HOU -> TUS,8,0,945.0,0.0,HOU,TUS,4500,95.88749200937566,100.0
IAD -> GSP,8,0,384.0,0.0,IAD,GSP,4501,95.90880034093331,100.0
MEM -> AUS,8,0,559.0,0.0,MEM,AUS,4502,95.93010867249095,100.0
MYR -> EWR,8,0,550.0,0.0,MYR,EWR,4503,95.95141700404858,100.0
RST -> DTW,8,0,477.0,0.0,RST,DTW,4504,95.97272533560623,100.0
SDF -> CLT,8,0,335.0,0.0,SDF,CLT,4505,95.99403366716386,100.0
TUS -> HOU,8,0,945.0,0.0,TUS,HOU,4506,96.01534199872151,100.0
ANC -> EWR,7,0,3370.0,0.0,ANC,EWR,4507,96.03665033027914,100.0
BTV -> IAD,7,0,441.0,0.0,BTV,IAD,4508,96.05795866183678,100.0
BWI -> PHL,7,0,90.0,0.0,BWI,PHL,4509,96.07926699339441,100.0
EWR -> ANC,7,0,3370.0,0.0,EWR,ANC,4510,96.10057532495205,100.0
FLL -> MHT,7,0,1262.0,0.0,FLL,MHT,4511,96.1218836565097,100.0
MCO -> PWM,7,0,1214.0,0.0,MCO,PWM,4512,96.14319198806733,100.0
MDW -> PBI,7,0,1128.0,0.0,MDW,PBI,4513,96.16450031962496,100.0
MHT -> FLL,7,0,1262.0,0.0,MHT,FLL,4514,96.18580865118261,100.0
PBI -> MDW,7,0,1128.0,0.0,PBI,MDW,4515,96.20711698274025,100.0
PHL -> BWI,7,0,90.0,0.0,PHL,BWI,4516,96.2284253142979,100.0
PWM -> MCO,7,0,1214.0,0.0,PWM,MCO,4517,96.24973364585553,100.0
BWI -> CVG,6,0,430.0,0.0,BWI,CVG,4518,96.27104197741316,100.0
CLT -> MYR,6,0,157.0,0.0,CLT,MYR,4519,96.29235030897081,100.0
DEN -> EGE,6,0,120.0,0.0,DEN,EGE,4520,96.31365864052844,100.0
EGE -> DEN,6,0,120.0,0.0,EGE,DEN,4521,96.3349669720861,100.0
IAD -> BTV,6,0,441.0,0.0,IAD,BTV,4522,96.35627530364373,100.0
IAD -> MCI,6,0,926.0,0.0,IAD,MCI,4523,96.37758363520138,100.0
IAD -> SDF,6,0,451.0,0.0,IAD,SDF,4524,96.39889196675901,100.0
MYR -> CLT,6,0,157.0,0.0,MYR,CLT,4525,96.42020029831664,100.0
OKC -> IAD,6,0,1136.0,0.0,OKC,IAD,4526,96.44150862987428,100.0
PHL -> RIC,6,0,198.0,0.0,PHL,RIC,4527,96.46281696143191,100.0
RDU -> CVG,6,0,390.0,0.0,RDU,CVG,4528,96.48412529298956,100.0
RIC -> PHL,6,0,198.0,0.0,RIC,PHL,4529,96.5054336245472,100.0
ALB -> RSW,5,0,1205.0,0.0,ALB,RSW,4530,96.52674195610483,100.0
BDL -> PHL,5,0,196.0,0.0,BDL,PHL,4531,96.54805028766248,100.0
CLT -> DAB,5,0,416.0,0.0,CLT,DAB,4532,96.56935861922011,100.0
COS -> SFO,5,0,964.0,0.0,COS,SFO,4533,96.59066695077776,100.0
DAB -> CLT,5,0,416.0,0.0,DAB,CLT,4534,96.6119752823354,100.0
IAD -> ROA,5,0,177.0,0.0,IAD,ROA,4535,96.63328361389303,100.0
IAD -> TUL,5,0,1027.0,0.0,IAD,TUL,4536,96.65459194545068,100.0
PBI -> PIT,5,0,952.0,0.0,PBI,PIT,4537,96.67590027700831,100.0
PIT -> PBI,5,0,952.0,0.0,PIT,PBI,4538,96.69720860856596,100.0
ROA -> IAD,5,0,177.0,0.0,ROA,IAD,4539,96.71851694012359,100.0
RSW -> ALB,5,0,1205.0,0.0,RSW,ALB,4540,96.73982527168123,100.0
SFO -> COS,5,0,964.0,0.0,SFO,COS,4541,96.76113360323887,100.0
TUL -> IAD,5,0,1027.0,0.0,TUL,IAD,4542,96.78244193479651,100.0
CHS -> IAD,4,0,441.0,0.0,CHS,IAD,4543,96.80375026635414,100.0
EWR -> TUL,4,0,1215.0,0.0,EWR,TUL,4544,96.82505859791178,100.0
HSV -> IAD,4,0,596.0,0.0,HSV,IAD,4545,96.84636692946941,100.0
IAD -> CHS,4,0,441.0,0.0,IAD,CHS,4546,96.86767526102706,100.0
IAD -> GRR,4,0,501.0,0.0,IAD,GRR,4547,96.8889835925847,100.0
IAD -> HSV,4,0,596.0,0.0,IAD,HSV,4548,96.91029192414234,100.0
JAC -> JFK,4,0,1894.0,0.0,JAC,JFK,4549,96.93160025569998,100.0
JFK -> JAC,4,0,1894.0,0.0,JFK,JAC,4550,96.95290858725761,100.0
LGA -> GSP,4,0,610.0,0.0,LGA,GSP,4551,96.97421691881526,100.0
PHL -> BDL,4,0,196.0,0.0,PHL,BDL,4552,96.99552525037289,100.0
SAN -> CVG,4,0,1865.0,0.0,SAN,CVG,4553,97.01683358193054,100.0
ALB -> IAD,3,0,325.0,0.0,ALB,IAD,4554,97.03814191348818,100.0
ATL -> ONT,3,0,1900.0,0.0,ATL,ONT,4555,97.05945024504581,100.0
BDL -> IAH,3,0,1507.0,0.0,BDL,IAH,4556,97.08075857660346,100.0
BMI -> DEN,3,0,834.0,0.0,BMI,DEN,4557,97.10206690816109,100.0
CVG -> SAN,3,0,1865.0,0.0,CVG,SAN,4558,97.12337523971874,100.0
CVG -> TTN,3,0,532.0,0.0,CVG,TTN,4559,97.14468357127637,100.0
DCA -> HPN,3,0,234.0,0.0,DCA,HPN,4560,97.16599190283401,100.0
DCA -> PIT,3,0,204.0,0.0,DCA,PIT,4561,97.18730023439164,100.0
DEN -> BMI,3,0,834.0,0.0,DEN,BMI,4562,97.20860856594928,100.0
DEN -> PHF,3,0,1533.0,0.0,DEN,PHF,4563,97.22991689750693,100.0
EGE -> SLC,3,0,279.0,0.0,EGE,SLC,4564,97.25122522906456,100.0
GJT -> ASE,3,0,89.0,0.0,GJT,ASE,4565,97.2725335606222,100.0
HPN -> DCA,3,0,234.0,0.0,HPN,DCA,4566,97.29384189217984,100.0
IAD -> UST,3,0,658.0,0.0,IAD,UST,4567,97.31515022373748,100.0
ONT -> ATL,3,0,1900.0,0.0,ONT,ATL,4568,97.33645855529512,100.0
PHF -> DEN,3,0,1533.0,0.0,PHF,DEN,4569,97.35776688685276,100.0
STL -> TTN,3,0,837.0,0.0,STL,TTN,4570,97.37907521841039,100.0
TTN -> CVG,3,0,532.0,0.0,TTN,CVG,4571,97.40038354996804,100.0
TTN -> STL,3,0,837.0,0.0,TTN,STL,4572,97.42169188152567,100.0
TUL -> EWR,3,0,1215.0,0.0,TUL,EWR,4573,97.44300021308332,100.0
UST -> IAD,3,0,658.0,0.0,UST,IAD,4574,97.46430854464096,100.0
BNA -> TTN,2,0,706.0,0.0,BNA,TTN,4575,97.48561687619859,100.0
BRD -> INL,2,0,153.0,0.0,BRD,INL,4576,97.50692520775624,100.0
DAY -> IAD,2,0,368.0,0.0,DAY,IAD,4577,97.52823353931387,100.0
DCA -> LEX,2,0,414.0,0.0,DCA,LEX,4578,97.54954187087151,100.0
DCA -> SDF,2,0,474.0,0.0,DCA,SDF,4579,97.57085020242914,100.0
DEN -> MDT,2,0,1474.0,0.0,DEN,MDT,4580,97.59215853398679,100.0
EWR -> PHL,2,0,80.0,0.0,EWR,PHL,4581,97.61346686554442,100.0
FAR -> JMS,2,0,88.0,0.0,FAR,JMS,4582,97.63477519710206,100.0
IAH -> BDL,2,0,1507.0,0.0,IAH,BDL,4583,97.6560835286597,100.0
IND -> TTN,2,0,610.0,0.0,IND,TTN,4584,97.67739186021734,100.0
INL -> BRD,2,0,153.0,0.0,INL,BRD,4585,97.69870019177498,100.0
LEX -> DCA,2,0,414.0,0.0,LEX,DCA,4586,97.72000852333262,100.0
LGA -> MTJ,2,0,1810.0,0.0,LGA,MTJ,4587,97.74131685489026,100.0
MDT -> DEN,2,0,1474.0,0.0,MDT,DEN,4588,97.7626251864479,100.0
MKE -> TTN,2,0,701.0,0.0,MKE,TTN,4589,97.78393351800554,100.0
MSO -> ORD,2,0,1332.0,0.0,MSO,ORD,4590,97.80524184956317,100.0
MTJ -> LGA,2,0,1810.0,0.0,MTJ,LGA,4591,97.82655018112082,100.0
ORD -> GJT,2,0,1100.0,0.0,ORD,GJT,4592,97.84785851267846,100.0
PIT -> DCA,2,0,204.0,0.0,PIT,DCA,4593,97.8691668442361,100.0
SDF -> DCA,2,0,474.0,0.0,SDF,DCA,4594,97.89047517579374,100.0
SFO -> MSN,2,0,1772.0,0.0,SFO,MSN,4595,97.91178350735137,100.0
STL -> PIA,2,0,137.0,0.0,STL,PIA,4596,97.93309183890901,100.0
SWF -> PBI,2,0,1077.0,0.0,SWF,PBI,4597,97.95440017046666,100.0
SWF -> TPA,2,0,1047.0,0.0,SWF,TPA,4598,97.97570850202429,100.0
TTN -> BNA,2,0,706.0,0.0,TTN,BNA,4599,97.99701683358192,100.0
TTN -> IND,2,0,610.0,0.0,TTN,IND,4600,98.01832516513957,100.0
TTN -> MKE,2,0,701.0,0.0,TTN,MKE,4601,98.0396334966972,100.0
AGS -> LGA,1,0,678.0,0.0,AGS,LGA,4602,98.06094182825484,100.0
ATL -> GJT,1,0,1391.0,0.0,ATL,GJT,4603,98.08225015981249,100.0
BIL -> COD,1,0,92.0,0.0,BIL,COD,4604,98.10355849137012,100.0
BNA -> MOB,1,0,385.0,0.0,BNA,MOB,4605,98.12486682292777,100.0
BOI -> EUG,1,0,351.0,0.0,BOI,EUG,4606,98.1461751544854,100.0
BOS -> MSN,1,0,932.0,0.0,BOS,MSN,4607,98.16748348604304,100.0
BTR -> DCA,1,0,985.0,0.0,BTR,DCA,4608,98.18879181760069,100.0
CHS -> ABE,1,0,592.0,0.0,CHS,ABE,4609,98.21010014915832,100.0
CHS -> OKC,1,0,1020.0,0.0,CHS,OKC,4610,98.23140848071597,100.0
CID -> LAX,1,0,1550.0,0.0,CID,LAX,4611,98.2527168122736,100.0
CLE -> SCE,1,0,213.0,0.0,CLE,SCE,4612,98.27402514383124,100.0
CRP -> ATL,1,0,876.0,0.0,CRP,ATL,4613,98.29533347538887,100.0
CRP -> HRL,1,0,107.0,0.0,CRP,HRL,4614,98.31664180694652,100.0
CRW -> DTW,1,0,281.0,0.0,CRW,DTW,4615,98.33795013850416,100.0
CVG -> BWI,1,0,430.0,0.0,CVG,BWI,4616,98.35925847006179,100.0
CVG -> RIC,1,0,413.0,0.0,CVG,RIC,4617,98.38056680161942,100.0
CWA -> ATW,1,0,67.0,0.0,CWA,ATW,4618,98.40187513317707,100.0
DCA -> BTR,1,0,985.0,0.0,DCA,BTR,4619,98.4231834647347,100.0
DSM -> LGA,1,0,1031.0,0.0,DSM,LGA,4620,98.44449179629235,100.0
DTW -> CRW,1,0,281.0,0.0,DTW,CRW,4621,98.46580012784999,100.0
EGE -> MSP,1,0,788.0,0.0,EGE,MSP,4622,98.48710845940762,100.0
EUG -> BOI,1,0,351.0,0.0,EUG,BOI,4623,98.50841679096527,100.0
EYW -> LGA,1,0,1207.0,0.0,EYW,LGA,4624,98.5297251225229,100.0
FCA -> MSO,1,0,97.0,0.0,FCA,MSO,4625,98.55103345408055,100.0
FSD -> LAR,1,0,482.0,0.0,FSD,LAR,4626,98.57234178563819,100.0
FSD -> LNK,1,0,189.0,0.0,FSD,LNK,4627,98.59365011719582,100.0
GCC -> RAP,1,0,125.0,0.0,GCC,RAP,4628,98.61495844875347,100.0
GRK -> MEI,1,0,542.0,0.0,GRK,MEI,4629,98.6362667803111,100.0
GSO -> CRW,1,0,181.0,0.0,GSO,CRW,4630,98.65757511186874,100.0
GSP -> MIA,1,0,637.0,0.0,GSP,MIA,4631,98.67888344342639,100.0
GSP -> RIC,1,0,328.0,0.0,GSP,RIC,4632,98.70019177498402,100.0
IAD -> DAY,1,0,368.0,0.0,IAD,DAY,4633,98.72150010654165,100.0
IAD -> MSN,1,0,684.0,0.0,IAD,MSN,4634,98.74280843809929,100.0
IAD -> TTN,1,0,168.0,0.0,IAD,TTN,4635,98.76411676965694,100.0
IAH -> AGS,1,0,821.0,0.0,IAH,AGS,4636,98.78542510121457,100.0
IAH -> MSN,1,0,966.0,0.0,IAH,MSN,4637,98.8067334327722,100.0
JAN -> PIA,1,0,576.0,0.0,JAN,PIA,4638,98.82804176432985,100.0
LAX -> MSN,1,0,1687.0,0.0,LAX,MSN,4639,98.84935009588749,100.0
LFT -> BHM,1,0,385.0,0.0,LFT,BHM,4640,98.87065842744514,100.0
LGA -> AGS,1,0,678.0,0.0,LGA,AGS,4641,98.89196675900277,100.0
LGA -> DSM,1,0,1031.0,0.0,LGA,DSM,4642,98.9132750905604,100.0
LGA -> EYW,1,0,1207.0,0.0,LGA,EYW,4643,98.93458342211805,100.0
LGB -> PHX,1,0,355.0,0.0,LGB,PHX,4644,98.95589175367569,100.0
LRD -> HRL,1,0,144.0,0.0,LRD,HRL,4645,98.97720008523333,100.0
MCI -> AUS,1,0,650.0,0.0,MCI,AUS,4646,98.99850841679097,100.0
MCI -> DLH,1,0,536.0,0.0,MCI,DLH,4647,99.0198167483486,100.0
MCI -> LNK,1,0,152.0,0.0,MCI,LNK,4648,99.04112507990625,100.0
MHT -> PHX,1,0,2280.0,0.0,MHT,PHX,4649,99.06243341146389,100.0
MIA -> GSP,1,0,637.0,0.0,MIA,GSP,4650,99.08374174302152,100.0
MIA -> OKC,1,0,1222.0,0.0,MIA,OKC,4651,99.10505007457915,100.0
MIA -> PBI,1,0,62.0,0.0,MIA,PBI,4652,99.12635840613679,100.0
MSN -> BOS,1,0,932.0,0.0,MSN,BOS,4653,99.14766673769444,100.0
MSN -> CID,1,0,149.0,0.0,MSN,CID,4654,99.16897506925207,100.0
MSN -> CWA,1,0,114.0,0.0,MSN,CWA,4655,99.19028340080972,100.0
MSN -> IAH,1,0,966.0,0.0,MSN,IAH,4656,99.21159173236735,100.0
MSN -> LAX,1,0,1687.0,0.0,MSN,LAX,4657,99.23290006392499,100.0
MSN -> SAN,1,0,1672.0,0.0,MSN,SAN,4658,99.25420839548264,100.0
MSN -> SFO,1,0,1772.0,0.0,MSN,SFO,4659,99.27551672704027,100.0
MSO -> BTM,1,0,101.0,0.0,MSO,BTM,4660,99.29682505859792,100.0
MSP -> EGE,1,0,788.0,0.0,MSP,EGE,4661,99.31813339015555,100.0
MSY -> CMH,1,0,806.0,0.0,MSY,CMH,4662,99.3394417217132,100.0
OAK -> FLL,1,0,2576.0,0.0,OAK,FLL,4663,99.36075005327083,100.0
OKC -> FLL,1,0,1218.0,0.0,OKC,FLL,4664,99.38205838482847,100.0
OKC -> MIA,1,0,1222.0,0.0,OKC,MIA,4665,99.40336671638612,100.0
OMA -> DCA,1,0,1012.0,0.0,OMA,DCA,4666,99.42467504794375,100.0
OMA -> PDX,1,0,1369.0,0.0,OMA,PDX,4667,99.44598337950139,100.0
OMA -> SFO,1,0,1433.0,0.0,OMA,SFO,4668,99.46729171105902,100.0
ORF -> DCA,1,0,143.0,0.0,ORF,DCA,4669,99.48860004261665,100.0
PHX -> LGB,1,0,355.0,0.0,PHX,LGB,4670,99.5099083741743,100.0
PLN -> CIU,1,0,49.0,0.0,PLN,CIU,4671,99.53121670573194,100.0
RAP -> JMS,1,0,291.0,0.0,RAP,JMS,4672,99.55252503728958,100.0
RDU -> IND,1,0,489.0,0.0,RDU,IND,4673,99.57383336884722,100.0
RDU -> PHF,1,0,154.0,0.0,RDU,PHF,4674,99.59514170040485,100.0
RIC -> CAE,1,0,326.0,0.0,RIC,CAE,4675,99.6164500319625,100.0
RIC -> CVG,1,0,413.0,0.0,RIC,CVG,4676,99.63775836352013,100.0
RST -> CLE,1,0,569.0,0.0,RST,CLE,4677,99.65906669507778,100.0
SAT -> IAD,1,0,1362.0,0.0,SAT,IAD,4678,99.68037502663542,100.0
SBN -> COS,1,0,990.0,0.0,SBN,COS,4679,99.70168335819305,100.0
SBN -> CVG,1,0,203.0,0.0,SBN,CVG,4680,99.7229916897507,100.0
SBN -> IAH,1,0,953.0,0.0,SBN,IAH,4681,99.74430002130833,100.0
SFO -> OMA,1,0,1433.0,0.0,SFO,OMA,4682,99.76560835286598,100.0
SGF -> HYS,1,0,339.0,0.0,SGF,HYS,4683,99.78691668442362,100.0
SLC -> TPA,1,0,1888.0,0.0,SLC,TPA,4684,99.80822501598125,100.0
SLC -> XNA,1,0,1004.0,0.0,SLC,XNA,4685,99.82953334753888,100.0
SWF -> LGA,1,0,52.0,0.0,SWF,LGA,4686,99.85084167909652,100.0
SWF -> RSW,1,0,1120.0,0.0,SWF,RSW,4687,99.87215001065417,100.0
TPA -> SFO,1,0,2393.0,0.0,TPA,SFO,4688,99.8934583422118,100.0
TPA -> SLC,1,0,1888.0,0.0,TPA,SLC,4689,99.91476667376944,100.0
TUL -> AUS,1,0,426.0,0.0,TUL,AUS,4690,99.93607500532708,100.0
TYS -> CLL,1,0,801.0,0.0,TYS,CLL,4691,99.95738333688472,100.0
TYS -> LEX,1,0,157.0,0.0,TYS,LEX,4692,99.97869166844237,100.0
XNA -> SLC,1,0,1004.0,0.0,XNA,SLC,4693,100.0,100.0
